{"id": 16708786, "competitionId": 25401, "createTime": {"seconds": 1613029370}, "endTime": {"seconds": 1613029370}, "agents": [{"id": 37177453, "state": 2, "submissionId": 19487647, "reward": 20023, "index": 0, "initialScore": 1001.5760775951107, "initialConfidence": 54.3947122065993, "updatedScore": 1008.7821586232462, "updatedConfidence": 53.753706719253245, "teamId": 99999}, {"id": 37177454, "state": 2, "submissionId": 19502799, "reward": 11415, "index": 1, "initialScore": 1069.302431046311, "initialConfidence": 63.79142327939552, "updatedScore": 1060.5885145519217, "updatedConfidence": 62.21909889317535, "teamId": 99999}, {"id": 37177455, "state": 2, "submissionId": 19517799, "reward": 11413, "index": 2, "initialScore": 990.7184345937636, "initialConfidence": 117.39735704057658, "updatedScore": 950.6184853031932, "updatedConfidence": 109.17486986746944, "teamId": 99999}, {"id": 37177456, "state": 2, "submissionId": 19475034, "reward": 20023, "index": 3, "initialScore": 993.053796131579, "initialConfidence": 54.007520681491954, "updatedScore": 1000.6825087120096, "updatedConfidence": 53.372936419271085, "teamId": 99999}]}