{"id": 16709410, "competitionId": 25401, "createTime": {"seconds": 1613029612}, "endTime": {"seconds": 1613029612}, "agents": [{"id": 37178725, "state": 2, "submissionId": 19417003, "reward": 10415, "index": 0, "initialScore": 962.2588870881204, "initialConfidence": 35.00196753764097, "updatedScore": 960.4099120736588, "updatedConfidence": 35.0, "teamId": 99999}, {"id": 37178726, "state": 2, "submissionId": 19378995, "reward": 20022, "index": 1, "initialScore": 948.5170934887188, "initialConfidence": 35.0, "updatedScore": 952.6484712550752, "updatedConfidence": 35.0, "teamId": 99999}, {"id": 37178727, "state": 2, "submissionId": 19517799, "reward": 20021, "index": 2, "initialScore": 950.6184853031932, "initialConfidence": 109.17486986746944, "updatedScore": 961.7145281439036, "updatedConfidence": 101.98927509001508, "teamId": 99999}, {"id": 37178728, "state": 2, "submissionId": 19421445, "reward": 4904, "index": 3, "initialScore": 891.8083228480648, "initialConfidence": 41.21947246340266, "updatedScore": 887.0606852341772, "updatedConfidence": 40.824689774039605, "teamId": 99999}]}