{"id": 16707541, "competitionId": 25401, "createTime": {"seconds": 1613028890}, "endTime": {"seconds": 1613028890}, "agents": [{"id": 37174921, "state": 2, "submissionId": 19496228, "reward": 15610, "index": 0, "initialScore": 712.6227708995601, "initialConfidence": 61.80329606687328, "updatedScore": 706.5183719408601, "updatedConfidence": 60.88119303261011, "teamId": 99999}, {"id": 37174922, "state": 2, "submissionId": 19517799, "reward": 20025, "index": 1, "initialScore": 892.2992369766384, "initialConfidence": 140.0, "updatedScore": 944.0415457107812, "updatedConfidence": 127.6012324517889, "teamId": 99999}, {"id": 37174923, "state": 2, "submissionId": 19410990, "reward": 17107, "index": 2, "initialScore": 862.0122623446106, "initialConfidence": 38.44179552017623, "updatedScore": 860.2456094930959, "updatedConfidence": 38.159179190733205, "teamId": 99999}, {"id": 37174924, "state": 2, "submissionId": 19484579, "reward": 20018, "index": 3, "initialScore": 937.3580911609866, "initialConfidence": 57.631791296971066, "updatedScore": 937.8686880543456, "updatedConfidence": 56.721791638689325, "teamId": 99999}]}