{"id": 16706297, "competitionId": 25401, "createTime": {"seconds": 1613028408}, "endTime": {"seconds": 1613028408}, "agents": [{"id": 37172393, "state": 2, "submissionId": 19517799, "reward": 18330, "index": 0, "initialScore": 723.88130055294, "initialConfidence": 170.0, "updatedScore": 815.1316437922177, "updatedConfidence": 155.0, "teamId": 99999}, {"id": 37172394, "state": 2, "submissionId": 19488182, "reward": 3605, "index": 1, "initialScore": 685.3471677877649, "initialConfidence": 56.08182424277521, "updatedScore": 677.6210150470607, "updatedConfidence": 55.21983540289952, "teamId": 99999}, {"id": 37172395, "state": 2, "submissionId": 19421209, "reward": 18212, "index": 2, "initialScore": 774.9983278871813, "initialConfidence": 38.4166831562379, "updatedScore": 776.5259540607004, "updatedConfidence": 38.09820721816411, "teamId": 99999}, {"id": 37172396, "state": 2, "submissionId": 19389533, "reward": 9311, "index": 3, "initialScore": 797.019764602048, "initialConfidence": 39.6282794435834, "updatedScore": 794.2935072549805, "updatedConfidence": 39.28234914409202, "teamId": 99999}]}