{"id": 16706919, "competitionId": 25401, "createTime": {"seconds": 1613028648}, "endTime": {"seconds": 1613028648}, "agents": [{"id": 37173657, "state": 2, "submissionId": 19511257, "reward": 12122, "index": 0, "initialScore": 799.4949612391337, "initialConfidence": 72.11506331263526, "updatedScore": 809.4752590134426, "updatedConfidence": 69.91721580332045, "teamId": 99999}, {"id": 37173658, "state": 2, "submissionId": 19468510, "reward": 5209, "index": 1, "initialScore": 795.722483546914, "initialConfidence": 45.457418796093705, "updatedScore": 789.9314853328368, "updatedConfidence": 44.97091014979432, "teamId": 99999}, {"id": 37173659, "state": 2, "submissionId": 19469448, "reward": 11206, "index": 2, "initialScore": 922.350918783642, "initialConfidence": 46.75408208162113, "updatedScore": 917.2608277711932, "updatedConfidence": 46.168070905358654, "teamId": 99999}, {"id": 37173660, "state": 2, "submissionId": 19517799, "reward": 12217, "index": 3, "initialScore": 815.1316437922177, "initialConfidence": 155.0, "updatedScore": 892.2992369766384, "updatedConfidence": 140.0, "teamId": 99999}]}