{"id": 16705052, "competitionId": 25401, "createTime": {"seconds": 1613027928}, "endTime": {"seconds": 1613027928}, "agents": [{"id": 37169861, "state": 2, "submissionId": 19454502, "reward": 3908, "index": 0, "initialScore": 636.2838750967717, "initialConfidence": 45.15407444442121, "updatedScore": 641.9368386886132, "updatedConfidence": 44.67933626994423, "teamId": 99999}, {"id": 37169862, "state": 2, "submissionId": 19517799, "reward": 3906, "index": 1, "initialScore": 600.0, "initialConfidence": 200.0, "updatedScore": 636.0724812173871, "updatedConfidence": 185.0, "teamId": 99999}, {"id": 37169863, "state": 2, "submissionId": 19441076, "reward": 803, "index": 2, "initialScore": 550.901100915997, "initialConfidence": 43.53889499380839, "updatedScore": 545.9499231404013, "updatedConfidence": 43.12466752027509, "teamId": 99999}, {"id": 37169864, "state": 2, "submissionId": 19310111, "reward": 2002, "index": 3, "initialScore": 609.8017499518713, "initialConfidence": 35.0, "updatedScore": 608.5001903392046, "updatedConfidence": 35.0, "teamId": 99999}]}