{"id": 16708164, "competitionId": 25401, "createTime": {"seconds": 1613029131}, "endTime": {"seconds": 1613029131}, "agents": [{"id": 37176189, "state": 2, "submissionId": 19514562, "reward": 18620, "index": 0, "initialScore": 983.1987428096644, "initialConfidence": 83.04531665365542, "updatedScore": 986.0783146928982, "updatedConfidence": 80.15946230646753, "teamId": 99999}, {"id": 37176190, "state": 2, "submissionId": 19517799, "reward": 18722, "index": 1, "initialScore": 944.0415457107812, "initialConfidence": 127.6012324517889, "updatedScore": 990.7184345937636, "updatedConfidence": 117.39735704057658, "teamId": 99999}, {"id": 37176191, "state": 2, "submissionId": 19394568, "reward": 3605, "index": 2, "initialScore": 897.6077485826411, "initialConfidence": 38.04147372426124, "updatedScore": 893.1004817733531, "updatedConfidence": 37.73012151977158, "teamId": 99999}, {"id": 37176192, "state": 2, "submissionId": 19316759, "reward": 15308, "index": 3, "initialScore": 864.8782553522192, "initialConfidence": 35.0, "updatedScore": 864.6703343797391, "updatedConfidence": 35.0, "teamId": 99999}]}