{"id": 16705675, "competitionId": 25401, "createTime": {"seconds": 1613028167}, "endTime": {"seconds": 1613028167}, "agents": [{"id": 37171129, "state": 2, "submissionId": 19349550, "reward": 8710, "index": 0, "initialScore": 778.5641706142978, "initialConfidence": 35.0, "updatedScore": 777.8035056102863, "updatedConfidence": 35.0, "teamId": 99999}, {"id": 37171130, "state": 2, "submissionId": 19288007, "reward": 701, "index": 1, "initialScore": 493.3639511930476, "initialConfidence": 35.0, "updatedScore": 490.76074549843577, "updatedConfidence": 35.0, "teamId": 99999}, {"id": 37171131, "state": 2, "submissionId": 19277285, "reward": 3406, "index": 2, "initialScore": 505.9762872806505, "initialConfidence": 35.0, "updatedScore": 506.197256483699, "updatedConfidence": 35.0, "teamId": 99999}, {"id": 37171132, "state": 2, "submissionId": 19517799, "reward": 8815, "index": 3, "initialScore": 636.0724812173871, "initialConfidence": 185.0, "updatedScore": 723.88130055294, "updatedConfidence": 170.0, "teamId": 99999}]}