{"id": 16710032, "competitionId": 25401, "createTime": {"seconds": 1613029855}, "endTime": {"seconds": 1613029855}, "agents": [{"id": 37179989, "state": 2, "submissionId": 19369065, "reward": 12619, "index": 0, "initialScore": 964.3611827165172, "initialConfidence": 35.0, "updatedScore": 962.5830032947126, "updatedConfidence": 35.0, "teamId": 99999}, {"id": 37179990, "state": 2, "submissionId": 19475016, "reward": 12614, "index": 1, "initialScore": 1008.680963665304, "initialConfidence": 51.00389079285369, "updatedScore": 996.7034146594626, "updatedConfidence": 50.09083595027737, "teamId": 99999}, {"id": 37179991, "state": 2, "submissionId": 19517799, "reward": 20021, "index": 2, "initialScore": 961.7145281439036, "initialConfidence": 101.98927509001508, "updatedScore": 994.6177137613776, "updatedConfidence": 96.125154827426, "teamId": 99999}, {"id": 37179992, "state": 2, "submissionId": 19445873, "reward": 20004, "index": 3, "initialScore": 855.9261527162945, "initialConfidence": 44.68771478894205, "updatedScore": 861.7027198779458, "updatedConfidence": 44.09274671802871, "teamId": 99999}]}