{"id": 16710654, "competitionId": 25401, "createTime": {"seconds": 1613030093}, "endTime": {"seconds": 1613030093}, "agents": [{"id": 37181253, "state": 2, "submissionId": 19397859, "reward": 8710, "index": 0, "initialScore": 1036.1412884900117, "initialConfidence": 36.28231352547639, "updatedScore": 1030.282011170178, "updatedConfidence": 35.95227311508172, "teamId": 99999}, {"id": 37181254, "state": 2, "submissionId": 19458534, "reward": 15921, "index": 1, "initialScore": 1042.2464307827372, "initialConfidence": 42.97986143999378, "updatedScore": 1043.1478204859836, "updatedConfidence": 42.51934126602248, "teamId": 99999}, {"id": 37181255, "state": 2, "submissionId": 19346988, "reward": 9707, "index": 2, "initialScore": 884.090782092967, "initialConfidence": 35.0, "updatedScore": 884.8451473948211, "updatedConfidence": 35.0, "teamId": 99999}, {"id": 37181256, "state": 2, "submissionId": 19517799, "reward": 16019, "index": 3, "initialScore": 994.6177137613776, "initialConfidence": 96.125154827426, "updatedScore": 1025.545972776043, "updatedConfidence": 91.0070612357634, "teamId": 99999}]}