{"id": 16711276, "competitionId": 25401, "createTime": {"seconds": 1613030331}, "endTime": {"seconds": 1613030331}, "agents": [{"id": 37182517, "state": 2, "submissionId": 19498411, "reward": 20016, "index": 0, "initialScore": 1032.1772567363914, "initialConfidence": 59.47209286929822, "updatedScore": 1040.7829760106742, "updatedConfidence": 58.60192271973916, "teamId": 99999}, {"id": 37182518, "state": 2, "submissionId": 19492656, "reward": 7911, "index": 1, "initialScore": 1086.0997415325362, "initialConfidence": 53.69590065094683, "updatedScore": 1073.9130029536984, "updatedConfidence": 52.67316746456366, "teamId": 99999}, {"id": 37182519, "state": 2, "submissionId": 19517799, "reward": 12616, "index": 2, "initialScore": 1025.545972776043, "initialConfidence": 91.0070612357634, "updatedScore": 1018.378464986855, "updatedConfidence": 86.53040863078051, "teamId": 99999}, {"id": 37182520, "state": 2, "submissionId": 19480240, "reward": 20016, "index": 3, "initialScore": 1022.196555718636, "initialConfidence": 54.61270568321121, "updatedScore": 1030.127254042682, "updatedConfidence": 53.92354913953656, "teamId": 99999}]}