{"id": 16728102, "competitionId": 25401, "createTime": {"seconds": 1613036817}, "endTime": {"seconds": 1613036817}, "agents": [{"id": 37216771, "state": 2, "submissionId": 19519164, "reward": 1904, "index": 0, "initialScore": 600.0, "initialConfidence": 200.0, "updatedScore": 693.8811918386072, "updatedConfidence": 185.0, "teamId": 99999}, {"id": 37216772, "state": 2, "submissionId": 19279148, "reward": 801, "index": 1, "initialScore": 548.9364225967026, "initialConfidence": 35.0, "updatedScore": 544.9649598176185, "updatedConfidence": 35.0, "teamId": 99999}, {"id": 37216773, "state": 2, "submissionId": 19418369, "reward": 1701, "index": 2, "initialScore": 566.0961418526517, "initialConfidence": 38.85312872316496, "updatedScore": 564.4811209615183, "updatedConfidence": 38.517893925596766, "teamId": 99999}, {"id": 37216774, "state": 2, "submissionId": 19281954, "reward": 1805, "index": 3, "initialScore": 528.7242306325754, "initialConfidence": 35.0, "updatedScore": 531.1311579981688, "updatedConfidence": 35.0, "teamId": 99999}]}