{"id": 16729971, "competitionId": 25401, "createTime": {"seconds": 1613037536}, "endTime": {"seconds": 1613037536}, "agents": [{"id": 37220575, "state": 2, "submissionId": 19519191, "reward": 12714, "index": 0, "initialScore": 896.1281723723455, "initialConfidence": 140.0, "updatedScore": 873.0454629090499, "updatedConfidence": 127.71611645438664, "teamId": 99999}, {"id": 37220576, "state": 2, "submissionId": 19519164, "reward": 17221, "index": 1, "initialScore": 863.581788155235, "initialConfidence": 155.0, "updatedScore": 935.100869126498, "updatedConfidence": 140.0, "teamId": 99999}, {"id": 37220577, "state": 2, "submissionId": 19329811, "reward": 2808, "index": 2, "initialScore": 823.230021190949, "initialConfidence": 35.0, "updatedScore": 820.052682131144, "updatedConfidence": 35.0, "teamId": 99999}, {"id": 37220578, "state": 2, "submissionId": 19411852, "reward": 17216, "index": 3, "initialScore": 901.1889142842624, "initialConfidence": 40.12359581633248, "updatedScore": 902.4681023006484, "updatedConfidence": 39.79335231907697, "teamId": 99999}]}