{"id": 16729348, "competitionId": 25401, "createTime": {"seconds": 1613037294}, "endTime": {"seconds": 1613037294}, "agents": [{"id": 37219307, "state": 2, "submissionId": 19519164, "reward": 20026, "index": 0, "initialScore": 771.490915790974, "initialConfidence": 170.0, "updatedScore": 863.581788155235, "updatedConfidence": 155.0, "teamId": 99999}, {"id": 37219308, "state": 2, "submissionId": 19439401, "reward": 20007, "index": 1, "initialScore": 740.1830667304237, "initialConfidence": 43.67239872083251, "updatedScore": 744.7872292475614, "updatedConfidence": 43.14725679600352, "teamId": 99999}, {"id": 37219309, "state": 2, "submissionId": 19362085, "reward": 10519, "index": 2, "initialScore": 829.1221506079361, "initialConfidence": 35.0, "updatedScore": 824.3175923843198, "updatedConfidence": 35.0, "teamId": 99999}, {"id": 37219310, "state": 2, "submissionId": 19483496, "reward": 20006, "index": 3, "initialScore": 841.6830572255786, "initialConfidence": 50.72123482857784, "updatedScore": 837.3650213143069, "updatedConfidence": 49.92202502652904, "teamId": 99999}]}