{"id": 16728725, "competitionId": 25401, "createTime": {"seconds": 1613037053}, "endTime": {"seconds": 1613037053}, "agents": [{"id": 37218039, "state": 2, "submissionId": 19292877, "reward": 301, "index": 0, "initialScore": 556.9399727028056, "initialConfidence": 35.0, "updatedScore": 554.1341902685218, "updatedConfidence": 35.0, "teamId": 99999}, {"id": 37218040, "state": 2, "submissionId": 19381018, "reward": 12505, "index": 1, "initialScore": 687.8476216901032, "initialConfidence": 35.0, "updatedScore": 688.6886507563363, "updatedConfidence": 35.0, "teamId": 99999}, {"id": 37218041, "state": 2, "submissionId": 19519164, "reward": 12620, "index": 2, "initialScore": 693.8811918386072, "initialConfidence": 185.0, "updatedScore": 771.490915790974, "updatedConfidence": 170.0, "teamId": 99999}, {"id": 37218042, "state": 2, "submissionId": 19441704, "reward": 12503, "index": 3, "initialScore": 613.3166005924624, "initialConfidence": 40.2698001562223, "updatedScore": 612.2402222437779, "updatedConfidence": 39.93365177096943, "teamId": 99999}]}