{"id": 16731841, "competitionId": 25401, "createTime": {"seconds": 1613038254}, "endTime": {"seconds": 1613038254}, "agents": [{"id": 37224383, "state": 2, "submissionId": 19467158, "reward": 10717, "index": 0, "initialScore": 1098.552216818345, "initialConfidence": 50.032578367434105, "updatedScore": 1103.8765076814443, "updatedConfidence": 49.45912574163486, "teamId": 99999}, {"id": 37224384, "state": 2, "submissionId": 19519164, "reward": 10712, "index": 1, "initialScore": 1033.9174557133642, "initialConfidence": 116.82669934263208, "updatedScore": 1043.621389060869, "updatedConfidence": 109.45746968612904, "teamId": 99999}, {"id": 37224385, "state": 2, "submissionId": 19485347, "reward": 10414, "index": 2, "initialScore": 994.7765812699944, "initialConfidence": 53.73815137182254, "updatedScore": 992.0290800445664, "updatedConfidence": 52.95867075275162, "teamId": 99999}, {"id": 37224386, "state": 2, "submissionId": 19515273, "reward": 5604, "index": 3, "initialScore": 893.4665141949263, "initialConfidence": 82.35298839699105, "updatedScore": 880.6721517119217, "updatedConfidence": 80.00425724158268, "teamId": 99999}]}