{"id": 16737458, "competitionId": 25401, "createTime": {"seconds": 1613040416}, "endTime": {"seconds": 1613040416}, "agents": [{"id": 37235835, "state": 2, "submissionId": 19512276, "reward": 9908, "index": 0, "initialScore": 969.7108919579932, "initialConfidence": 74.19901700730779, "updatedScore": 952.6438095178048, "updatedConfidence": 71.9058736475155, "teamId": 99999}, {"id": 37235836, "state": 2, "submissionId": 19514597, "reward": 14516, "index": 1, "initialScore": 999.6972859383536, "initialConfidence": 82.46879641009163, "updatedScore": 990.8864366976876, "updatedConfidence": 79.26012851060385, "teamId": 99999}, {"id": 37235837, "state": 2, "submissionId": 19382704, "reward": 17212, "index": 2, "initialScore": 966.2890615582428, "initialConfidence": 35.88984495011225, "updatedScore": 968.2830583696996, "updatedConfidence": 35.61291015267492, "teamId": 99999}, {"id": 37235838, "state": 2, "submissionId": 19517799, "reward": 17323, "index": 3, "initialScore": 1025.7728398215972, "initialConfidence": 82.78007573142507, "updatedScore": 1045.2852819211969, "updatedConfidence": 79.74824617181902, "teamId": 99999}]}