{"id": 16738701, "competitionId": 25401, "createTime": {"seconds": 1613040893}, "endTime": {"seconds": 1613040893}, "agents": [{"id": 37238359, "state": 2, "submissionId": 19500901, "reward": 8111, "index": 0, "initialScore": 1067.598147173015, "initialConfidence": 62.138394150229296, "updatedScore": 1053.3576316872663, "updatedConfidence": 60.6719114552218, "teamId": 99999}, {"id": 37238360, "state": 2, "submissionId": 19483450, "reward": 17820, "index": 1, "initialScore": 1070.584066451654, "initialConfidence": 51.91880287664136, "updatedScore": 1079.0784763589172, "updatedConfidence": 51.11334871107015, "teamId": 99999}, {"id": 37238361, "state": 2, "submissionId": 19517799, "reward": 17817, "index": 2, "initialScore": 1045.2852819211969, "initialConfidence": 79.74824617181902, "updatedScore": 1052.7753620428575, "updatedConfidence": 76.85118123150008, "teamId": 99999}, {"id": 37238362, "state": 2, "submissionId": 19518244, "reward": 14118, "index": 3, "initialScore": 1019.4430754439354, "initialConfidence": 87.0741616269183, "updatedScore": 1014.584148633886, "updatedConfidence": 83.3572737173587, "teamId": 99999}]}