{"id": 16731218, "competitionId": 25401, "createTime": {"seconds": 1613038015}, "endTime": {"seconds": 1613038015}, "agents": [{"id": 37223115, "state": 2, "submissionId": 19519164, "reward": 20023, "index": 0, "initialScore": 990.0113208184708, "initialConfidence": 126.79679805683514, "updatedScore": 1033.9174557133642, "updatedConfidence": 116.82669934263208, "teamId": 99999}, {"id": 37223116, "state": 2, "submissionId": 19417003, "reward": 12410, "index": 1, "initialScore": 960.4099120736588, "initialConfidence": 35.0, "updatedScore": 956.0215525427844, "updatedConfidence": 35.0, "teamId": 99999}, {"id": 37223117, "state": 2, "submissionId": 19478763, "reward": 20016, "index": 2, "initialScore": 925.0986495369124, "initialConfidence": 49.77463559469808, "updatedScore": 929.5407309055475, "updatedConfidence": 49.03300283956445, "teamId": 99999}, {"id": 37223118, "state": 2, "submissionId": 19484890, "reward": 12412, "index": 3, "initialScore": 947.850204580044, "initialConfidence": 57.79727883102232, "updatedScore": 944.70495819576, "updatedConfidence": 56.6477424737064, "teamId": 99999}]}