{"id": 16732464, "competitionId": 25401, "createTime": {"seconds": 1613038492}, "endTime": {"seconds": 1613038492}, "agents": [{"id": 37225651, "state": 2, "submissionId": 19419236, "reward": 4005, "index": 0, "initialScore": 987.7287894032554, "initialConfidence": 37.35000618618297, "updatedScore": 984.2687217647476, "updatedConfidence": 37.07711255064348, "teamId": 99999}, {"id": 37225652, "state": 2, "submissionId": 19458235, "reward": 9418, "index": 1, "initialScore": 1088.4852606482668, "initialConfidence": 44.78447467117881, "updatedScore": 1085.2585322801708, "updatedConfidence": 44.25911539246511, "teamId": 99999}, {"id": 37225653, "state": 2, "submissionId": 19519164, "reward": 9808, "index": 2, "initialScore": 1043.621389060869, "initialConfidence": 109.45746968612904, "updatedScore": 1058.797560144668, "updatedConfidence": 102.40332252792844, "teamId": 99999}, {"id": 37225654, "state": 2, "submissionId": 19480910, "reward": 9917, "index": 3, "initialScore": 1097.8950666931078, "initialConfidence": 54.19027711439232, "updatedScore": 1106.1833497466448, "updatedConfidence": 53.31311694071638, "teamId": 99999}]}