{"id": 16733710, "competitionId": 25401, "createTime": {"seconds": 1613038973}, "endTime": {"seconds": 1613038973}, "agents": [{"id": 37228187, "state": 2, "submissionId": 19519164, "reward": 20018, "index": 0, "initialScore": 1090.4831151827293, "initialConfidence": 96.63721585033176, "updatedScore": 1095.821483342815, "updatedConfidence": 91.6430704537398, "teamId": 99999}, {"id": 37228188, "state": 2, "submissionId": 19497595, "reward": 20020, "index": 1, "initialScore": 1017.9725995589704, "initialConfidence": 60.79740387435157, "updatedScore": 1032.7499893766894, "updatedConfidence": 59.39968367293688, "teamId": 99999}, {"id": 37228189, "state": 2, "submissionId": 19506780, "reward": 11317, "index": 2, "initialScore": 1064.9576035699015, "initialConfidence": 71.66693372721298, "updatedScore": 1046.8907449045523, "updatedConfidence": 69.51535502845864, "teamId": 99999}, {"id": 37228190, "state": 2, "submissionId": 19512207, "reward": 17414, "index": 3, "initialScore": 1051.762677297821, "initialConfidence": 76.02404038485778, "updatedScore": 1045.6830084303108, "updatedConfidence": 73.50188444402977, "teamId": 99999}]}