{"id": 16730595, "competitionId": 25401, "createTime": {"seconds": 1613037771}, "endTime": {"seconds": 1613037771}, "agents": [{"id": 37221847, "state": 2, "submissionId": 19412521, "reward": 20013, "index": 0, "initialScore": 945.2103725163996, "initialConfidence": 41.48860607683539, "updatedScore": 946.6262137807646, "updatedConfidence": 41.09097810999836, "teamId": 99999}, {"id": 37221848, "state": 2, "submissionId": 19443830, "reward": 11017, "index": 1, "initialScore": 852.4002855258717, "initialConfidence": 42.65250351913352, "updatedScore": 847.6734088739997, "updatedConfidence": 42.242837913202585, "teamId": 99999}, {"id": 37221849, "state": 2, "submissionId": 19519164, "reward": 20025, "index": 2, "initialScore": 935.100869126498, "initialConfidence": 140.0, "updatedScore": 990.0113208184708, "updatedConfidence": 126.79679805683514, "teamId": 99999}, {"id": 37221850, "state": 2, "submissionId": 19341292, "reward": 16006, "index": 3, "initialScore": 907.8206859821508, "initialConfidence": 35.0, "updatedScore": 906.564059203664, "updatedConfidence": 35.0, "teamId": 99999}]}