{"id": 16736832, "competitionId": 25401, "createTime": {"seconds": 1613040172}, "endTime": {"seconds": 1613040172}, "agents": [{"id": 37234555, "state": 2, "submissionId": 19469085, "reward": 13312, "index": 0, "initialScore": 1019.7391175757576, "initialConfidence": 46.62908356699573, "updatedScore": 1027.0130782782978, "updatedConfidence": 46.01236732994897, "teamId": 99999}, {"id": 37234556, "state": 2, "submissionId": 19517799, "reward": 13216, "index": 1, "initialScore": 1018.378464986855, "initialConfidence": 86.53040863078051, "updatedScore": 1025.7728398215972, "updatedConfidence": 82.78007573142507, "teamId": 99999}, {"id": 37234557, "state": 2, "submissionId": 19510855, "reward": 13212, "index": 2, "initialScore": 994.6918655338376, "initialConfidence": 69.49552777571401, "updatedScore": 990.4765844033132, "updatedConfidence": 67.49951458170585, "teamId": 99999}, {"id": 37234558, "state": 2, "submissionId": 19377179, "reward": 10912, "index": 3, "initialScore": 1004.8529330194008, "initialConfidence": 35.83611291671264, "updatedScore": 1000.4092054918927, "updatedConfidence": 35.55033809552076, "teamId": 99999}]}