{"id": 16734963, "competitionId": 25401, "createTime": {"seconds": 1613039456}, "endTime": {"seconds": 1613039456}, "agents": [{"id": 37230751, "state": 2, "submissionId": 19477548, "reward": 9313, "index": 0, "initialScore": 1021.3542929263303, "initialConfidence": 49.77507512757889, "updatedScore": 1013.893160782594, "updatedConfidence": 49.07906572933247, "teamId": 99999}, {"id": 37230752, "state": 2, "submissionId": 19519164, "reward": 14516, "index": 1, "initialScore": 1095.821483342815, "initialConfidence": 91.6430704537398, "updatedScore": 1118.5717270639404, "updatedConfidence": 87.66640298456815, "teamId": 99999}, {"id": 37230753, "state": 2, "submissionId": 19514685, "reward": 9316, "index": 2, "initialScore": 1019.5559397672872, "initialConfidence": 80.69034186501331, "updatedScore": 1015.380881476952, "updatedConfidence": 77.82939208982252, "teamId": 99999}, {"id": 37230754, "state": 2, "submissionId": 19492969, "reward": 14515, "index": 3, "initialScore": 1067.3645587606914, "initialConfidence": 53.76388008649928, "updatedScore": 1070.0928467029978, "updatedConfidence": 52.8915040358582, "teamId": 99999}]}