{"id": 16733087, "competitionId": 25401, "createTime": {"seconds": 1613038737}, "endTime": {"seconds": 1613038737}, "agents": [{"id": 37226919, "state": 2, "submissionId": 19490431, "reward": 20016, "index": 0, "initialScore": 1018.1967551381886, "initialConfidence": 55.58913042352457, "updatedScore": 1019.55167202197, "updatedConfidence": 54.92985235254785, "teamId": 99999}, {"id": 37226920, "state": 2, "submissionId": 19506800, "reward": 9009, "index": 1, "initialScore": 1041.447700915118, "initialConfidence": 68.95889033016333, "updatedScore": 1025.0213038601355, "updatedConfidence": 67.01229713677323, "teamId": 99999}, {"id": 37226921, "state": 2, "submissionId": 19467167, "reward": 20016, "index": 2, "initialScore": 1039.6564971585833, "initialConfidence": 45.38463189591649, "updatedScore": 1039.6447089942724, "updatedConfidence": 45.02020767167134, "teamId": 99999}, {"id": 37226922, "state": 2, "submissionId": 19519164, "reward": 20020, "index": 3, "initialScore": 1058.797560144668, "initialConfidence": 102.40332252792844, "updatedScore": 1090.4831151827293, "updatedConfidence": 96.63721585033176, "teamId": 99999}]}