{"id": 16741193, "competitionId": 25401, "createTime": {"seconds": 1613041854}, "endTime": {"seconds": 1613041854}, "agents": [{"id": 37243431, "state": 2, "submissionId": 19503066, "reward": 20016, "index": 0, "initialScore": 1097.3458362421718, "initialConfidence": 63.6356253434063, "updatedScore": 1101.7729826116663, "updatedConfidence": 62.14838380427569, "teamId": 99999}, {"id": 37243432, "state": 2, "submissionId": 19462166, "reward": 14411, "index": 1, "initialScore": 1030.5073355164843, "initialConfidence": 45.37719418225871, "updatedScore": 1025.317156808721, "updatedConfidence": 44.88267749268146, "teamId": 99999}, {"id": 37243433, "state": 2, "submissionId": 19519164, "reward": 20014, "index": 2, "initialScore": 1118.5717270639404, "initialConfidence": 87.66640298456815, "updatedScore": 1107.451006367038, "updatedConfidence": 83.90817948088647, "teamId": 99999}, {"id": 37243434, "state": 2, "submissionId": 19479057, "reward": 20018, "index": 3, "initialScore": 1134.6752454977857, "initialConfidence": 53.98150476099216, "updatedScore": 1143.0511153301843, "updatedConfidence": 53.103627598271046, "teamId": 99999}]}