{"id": 16754287, "competitionId": 25401, "createTime": {"seconds": 1613046895}, "endTime": {"seconds": 1613046895}, "agents": [{"id": 37270101, "state": 2, "submissionId": 19507268, "reward": 20017, "index": 0, "initialScore": 1086.5218567140134, "initialConfidence": 58.55680687552883, "updatedScore": 1082.6075483262089, "updatedConfidence": 57.31615825276953, "teamId": 99999}, {"id": 37270102, "state": 2, "submissionId": 19498032, "reward": 20020, "index": 1, "initialScore": 1058.6901057859484, "initialConfidence": 60.3341135726327, "updatedScore": 1064.6754039274565, "updatedConfidence": 58.97862635773715, "teamId": 99999}, {"id": 37270103, "state": 2, "submissionId": 19519164, "reward": 20021, "index": 2, "initialScore": 1107.451006367038, "initialConfidence": 83.90817948088647, "updatedScore": 1129.0653410595928, "updatedConfidence": 80.56353888243345, "teamId": 99999}, {"id": 37270104, "state": 2, "submissionId": 19365448, "reward": 13707, "index": 3, "initialScore": 1086.067849711493, "initialConfidence": 35.41142338451099, "updatedScore": 1081.5878954412203, "updatedConfidence": 35.13147882785584, "teamId": 99999}]}