{"id": 16765499, "competitionId": 25401, "createTime": {"seconds": 1613051215}, "endTime": {"seconds": 1613051215}, "agents": [{"id": 37292913, "state": 2, "submissionId": 19519150, "reward": 20018, "index": 0, "initialScore": 1050.2008885858736, "initialConfidence": 80.80595070289873, "updatedScore": 1043.5938029837066, "updatedConfidence": 78.92745063821083, "teamId": 99999}, {"id": 37292914, "state": 2, "submissionId": 19410692, "reward": 6708, "index": 1, "initialScore": 897.2138531906147, "initialConfidence": 39.47692724536438, "updatedScore": 893.8414346828636, "updatedConfidence": 39.17398834854567, "teamId": 99999}, {"id": 37292915, "state": 2, "submissionId": 19517799, "reward": 20020, "index": 2, "initialScore": 1052.7753620428575, "initialConfidence": 76.85118123150008, "updatedScore": 1067.8402652997136, "updatedConfidence": 74.52001069833949, "teamId": 99999}, {"id": 37292916, "state": 2, "submissionId": 19409027, "reward": 20018, "index": 3, "initialScore": 965.771608519876, "initialConfidence": 37.40099546333926, "updatedScore": 966.6460475718108, "updatedConfidence": 37.19622335238508, "teamId": 99999}]}