{"id": 16772367, "competitionId": 25401, "createTime": {"seconds": 1613053855}, "endTime": {"seconds": 1613053855}, "agents": [{"id": 37306921, "state": 2, "submissionId": 19416177, "reward": 14616, "index": 0, "initialScore": 1138.8423033619642, "initialConfidence": 44.58823700474982, "updatedScore": 1134.5009063923185, "updatedConfidence": 44.0187006487429, "teamId": 99999}, {"id": 37306922, "state": 2, "submissionId": 19512207, "reward": 10410, "index": 1, "initialScore": 1048.3790097582105, "initialConfidence": 69.70270353433217, "updatedScore": 1033.8708257325795, "updatedConfidence": 67.77478956812351, "teamId": 99999}, {"id": 37306923, "state": 2, "submissionId": 19487408, "reward": 14714, "index": 2, "initialScore": 1108.5118357319252, "initialConfidence": 56.31334598206085, "updatedScore": 1118.3913546644033, "updatedConfidence": 55.26327676829116, "teamId": 99999}, {"id": 37306924, "state": 2, "submissionId": 19497740, "reward": 14620, "index": 3, "initialScore": 1029.4005021021644, "initialConfidence": 55.63721920178183, "updatedScore": 1035.7600507238012, "updatedConfidence": 54.5426542270737, "teamId": 99999}]}