{"id": 16789195, "competitionId": 25401, "createTime": {"seconds": 1613060341}, "endTime": {"seconds": 1613060341}, "agents": [{"id": 37341173, "state": 2, "submissionId": 19482793, "reward": 16811, "index": 0, "initialScore": 1088.510016689198, "initialConfidence": 55.7463479283489, "updatedScore": 1082.662669326484, "updatedConfidence": 54.6591941734166, "teamId": 99999}, {"id": 37341174, "state": 2, "submissionId": 19364568, "reward": 19915, "index": 1, "initialScore": 984.7882318781076, "initialConfidence": 36.29626696676358, "updatedScore": 987.7780128110552, "updatedConfidence": 35.99347041810427, "teamId": 99999}, {"id": 37341175, "state": 2, "submissionId": 19487408, "reward": 20026, "index": 2, "initialScore": 1118.3913546644033, "initialConfidence": 55.26327676829116, "updatedScore": 1126.000246537803, "updatedConfidence": 54.36256010675429, "teamId": 99999}, {"id": 37341176, "state": 2, "submissionId": 19484537, "reward": 12309, "index": 3, "initialScore": 1004.0066187759452, "initialConfidence": 55.204677326825646, "updatedScore": 995.231925888678, "updatedConfidence": 54.24218403281011, "teamId": 99999}]}