{"id": 16781710, "competitionId": 25401, "createTime": {"seconds": 1613057461}, "endTime": {"seconds": 1613057461}, "agents": [{"id": 37325929, "state": 2, "submissionId": 19519164, "reward": 18215, "index": 0, "initialScore": 1129.0653410595928, "initialConfidence": 80.56353888243345, "updatedScore": 1132.770394568126, "updatedConfidence": 77.63686926545337, "teamId": 99999}, {"id": 37325930, "state": 2, "submissionId": 19517788, "reward": 8213, "index": 1, "initialScore": 1075.5822880348906, "initialConfidence": 72.70858329524316, "updatedScore": 1059.2600513419063, "updatedConfidence": 70.56658073827536, "teamId": 99999}, {"id": 37325931, "state": 2, "submissionId": 19460040, "reward": 18221, "index": 2, "initialScore": 1088.4847220042348, "initialConfidence": 48.32670004122642, "updatedScore": 1096.8028054582144, "updatedConfidence": 47.64491738122601, "teamId": 99999}, {"id": 37325932, "state": 2, "submissionId": 19522207, "reward": 13417, "index": 3, "initialScore": 1089.9708919798427, "initialConfidence": 87.85130995283417, "updatedScore": 1081.9059982919164, "updatedConfidence": 84.09791783018383, "teamId": 99999}]}