{"id": 16796056, "competitionId": 25401, "createTime": {"seconds": 1613062981}, "endTime": {"seconds": 1613062981}, "agents": [{"id": 37355147, "state": 2, "submissionId": 19498481, "reward": 15715, "index": 0, "initialScore": 976.022822454005, "initialConfidence": 57.61359032232576, "updatedScore": 974.84194296106, "updatedConfidence": 56.51588363773532, "teamId": 99999}, {"id": 37355148, "state": 2, "submissionId": 19492992, "reward": 16512, "index": 1, "initialScore": 1052.175198788026, "initialConfidence": 57.43522951618184, "updatedScore": 1054.8358101903311, "updatedConfidence": 56.346982743334735, "teamId": 99999}, {"id": 37355149, "state": 2, "submissionId": 19517799, "reward": 16516, "index": 2, "initialScore": 1067.8402652997136, "initialConfidence": 74.52001069833949, "updatedScore": 1083.5894748095095, "updatedConfidence": 72.2368733545548, "teamId": 99999}, {"id": 37355150, "state": 2, "submissionId": 19477521, "reward": 10910, "index": 3, "initialScore": 1010.5853848719768, "initialConfidence": 47.276132673117566, "updatedScore": 1003.2392283198226, "updatedConfidence": 46.63801584533595, "teamId": 99999}]}