{"id": 16797924, "competitionId": 25401, "createTime": {"seconds": 1613063698}, "endTime": {"seconds": 1613063698}, "agents": [{"id": 37358941, "state": 2, "submissionId": 19396538, "reward": 14615, "index": 0, "initialScore": 1044.6276318290402, "initialConfidence": 38.648187054772, "updatedScore": 1043.5696200689283, "updatedConfidence": 38.30716120971814, "teamId": 99999}, {"id": 37358942, "state": 2, "submissionId": 19487408, "reward": 14713, "index": 1, "initialScore": 1126.000246537803, "initialConfidence": 54.36256010675429, "updatedScore": 1134.0945034943536, "updatedConfidence": 53.45683549720121, "teamId": 99999}, {"id": 37358943, "state": 2, "submissionId": 19492528, "reward": 14617, "index": 2, "initialScore": 1104.1546172240878, "initialConfidence": 61.13494359505531, "updatedScore": 1106.8633184424236, "updatedConfidence": 59.816755956406105, "teamId": 99999}, {"id": 37358944, "state": 2, "submissionId": 19440371, "reward": 9111, "index": 3, "initialScore": 1021.1856822311964, "initialConfidence": 41.82094661732573, "updatedScore": 1016.3666479043608, "updatedConfidence": 41.40315929711993, "teamId": 99999}]}