{"id": 16808839, "competitionId": 25401, "createTime": {"seconds": 1613068027}, "endTime": {"seconds": 1613068027}, "agents": [{"id": 37381167, "state": 2, "submissionId": 19524112, "reward": 14320, "index": 0, "initialScore": 1053.5379628168027, "initialConfidence": 85.99831662112273, "updatedScore": 1063.9388285174143, "updatedConfidence": 82.14610656363449, "teamId": 99999}, {"id": 37381168, "state": 2, "submissionId": 19372966, "reward": 10213, "index": 1, "initialScore": 1029.6454834910894, "initialConfidence": 35.0, "updatedScore": 1026.0659305165132, "updatedConfidence": 35.0, "teamId": 99999}, {"id": 37381169, "state": 2, "submissionId": 19507138, "reward": 14410, "index": 2, "initialScore": 1057.5431821641637, "initialConfidence": 60.184807422638144, "updatedScore": 1070.9169654811951, "updatedConfidence": 58.81730387580793, "teamId": 99999}, {"id": 37381170, "state": 2, "submissionId": 19487408, "reward": 14311, "index": 3, "initialScore": 1134.0945034943536, "initialConfidence": 53.45683549720121, "updatedScore": 1127.875111311514, "updatedConfidence": 52.504299527121056, "teamId": 99999}]}