{"id": 16812583, "competitionId": 25401, "createTime": {"seconds": 1613069464}, "endTime": {"seconds": 1613069464}, "agents": [{"id": 37388799, "state": 2, "submissionId": 19510678, "reward": 11105, "index": 0, "initialScore": 1080.7328550862137, "initialConfidence": 66.41471640495959, "updatedScore": 1078.7563203186785, "updatedConfidence": 64.79271531409591, "teamId": 99999}, {"id": 37388800, "state": 2, "submissionId": 19521616, "reward": 20019, "index": 1, "initialScore": 1187.445346285235, "initialConfidence": 77.93593872124764, "updatedScore": 1188.9855285595577, "updatedConfidence": 75.38944429104723, "teamId": 99999}, {"id": 37388801, "state": 2, "submissionId": 19519164, "reward": 20026, "index": 2, "initialScore": 1132.770394568126, "initialConfidence": 77.63686926545337, "updatedScore": 1152.57012998835, "updatedConfidence": 74.94214998421207, "teamId": 99999}, {"id": 37388802, "state": 2, "submissionId": 19403219, "reward": 7409, "index": 3, "initialScore": 1097.7150019711055, "initialConfidence": 43.13875796969626, "updatedScore": 1091.963956481235, "updatedConfidence": 42.6759097617667, "teamId": 99999}]}