{"id": 16840329, "competitionId": 25401, "createTime": {"seconds": 1613080260}, "endTime": {"seconds": 1613080260}, "agents": [{"id": 37445301, "state": 2, "submissionId": 19483380, "reward": 20021, "index": 0, "initialScore": 1144.8709736398732, "initialConfidence": 52.14521432523876, "updatedScore": 1145.3284512546388, "updatedConfidence": 51.27944711909783, "teamId": 99999}, {"id": 37445302, "state": 2, "submissionId": 19477581, "reward": 20024, "index": 1, "initialScore": 1039.9158052156845, "initialConfidence": 52.769940771619005, "updatedScore": 1051.954171508362, "updatedConfidence": 51.77388998185761, "teamId": 99999}, {"id": 37445303, "state": 2, "submissionId": 19517799, "reward": 10815, "index": 2, "initialScore": 1083.5894748095095, "initialConfidence": 72.2368733545548, "updatedScore": 1077.6257294267243, "updatedConfidence": 69.97741019817542, "teamId": 99999}, {"id": 37445304, "state": 2, "submissionId": 19507843, "reward": 10810, "index": 3, "initialScore": 1074.706084619613, "initialConfidence": 56.45011402428224, "updatedScore": 1064.0358508269146, "updatedConfidence": 55.36068890729448, "teamId": 99999}]}