{"id": 16854665, "competitionId": 25401, "createTime": {"seconds": 1613085717}, "endTime": {"seconds": 1613085717}, "agents": [{"id": 37474493, "state": 2, "submissionId": 19469822, "reward": 12417, "index": 0, "initialScore": 1149.253303480457, "initialConfidence": 52.62796740001711, "updatedScore": 1138.212096444192, "updatedConfidence": 51.67263966155269, "teamId": 99999}, {"id": 37474494, "state": 2, "submissionId": 19519164, "reward": 18417, "index": 1, "initialScore": 1152.57012998835, "initialConfidence": 74.94214998421207, "updatedScore": 1143.3207082981603, "updatedConfidence": 72.2576790689044, "teamId": 99999}, {"id": 37474495, "state": 2, "submissionId": 19467158, "reward": 20020, "index": 2, "initialScore": 1096.9663029019048, "initialConfidence": 46.139545909884426, "updatedScore": 1105.4085189988573, "updatedConfidence": 45.49474490425751, "teamId": 99999}, {"id": 37474496, "state": 2, "submissionId": 19506780, "reward": 20013, "index": 3, "initialScore": 1090.2109908814148, "initialConfidence": 62.27833581180252, "updatedScore": 1096.6793001911738, "updatedConfidence": 60.71230327851222, "teamId": 99999}]}