{"id": 16862144, "competitionId": 25401, "createTime": {"seconds": 1613088600}, "endTime": {"seconds": 1613088600}, "agents": [{"id": 37489721, "state": 2, "submissionId": 19484411, "reward": 11517, "index": 0, "initialScore": 1048.887485374711, "initialConfidence": 52.52533130355263, "updatedScore": 1039.507434073092, "updatedConfidence": 51.62932333440733, "teamId": 99999}, {"id": 37489722, "state": 2, "submissionId": 19482142, "reward": 20008, "index": 1, "initialScore": 990.948855976596, "initialConfidence": 49.76355278948749, "updatedScore": 996.6898632690732, "updatedConfidence": 48.9889329268614, "teamId": 99999}, {"id": 37489723, "state": 2, "submissionId": 19498562, "reward": 19916, "index": 2, "initialScore": 1072.9545089239205, "initialConfidence": 54.41378585765106, "updatedScore": 1068.720961821378, "updatedConfidence": 53.394531742174046, "teamId": 99999}, {"id": 37489724, "state": 2, "submissionId": 19487408, "reward": 20023, "index": 3, "initialScore": 1127.875111311514, "initialConfidence": 52.504299527121056, "updatedScore": 1134.798488079868, "updatedConfidence": 51.72563086411373, "teamId": 99999}]}