{"id": 16885825, "competitionId": 25401, "createTime": {"seconds": 1613097715}, "endTime": {"seconds": 1613097715}, "agents": [{"id": 37537931, "state": 2, "submissionId": 19368518, "reward": 10012, "index": 0, "initialScore": 1016.2447121064414, "initialConfidence": 35.0, "updatedScore": 1015.4708176369912, "updatedConfidence": 35.0, "teamId": 99999}, {"id": 37537932, "state": 2, "submissionId": 19517799, "reward": 19125, "index": 1, "initialScore": 1077.6257294267243, "initialConfidence": 69.97741019817542, "updatedScore": 1092.5791577100697, "updatedConfidence": 67.97133373383747, "teamId": 99999}, {"id": 37537933, "state": 2, "submissionId": 19477548, "reward": 19121, "index": 2, "initialScore": 1022.4596151744764, "initialConfidence": 43.93991754481134, "updatedScore": 1025.703350873618, "updatedConfidence": 43.39564321972024, "teamId": 99999}, {"id": 37537934, "state": 2, "submissionId": 19475968, "reward": 10007, "index": 3, "initialScore": 1078.1045988978603, "initialConfidence": 49.398542333960506, "updatedScore": 1068.0948120422684, "updatedConfidence": 48.58048598254634, "teamId": 99999}]}