{"id": 16900171, "competitionId": 25401, "createTime": {"seconds": 1613103240}, "endTime": {"seconds": 1613103240}, "agents": [{"id": 37567161, "state": 2, "submissionId": 19519164, "reward": 18318, "index": 0, "initialScore": 1143.3207082981603, "initialConfidence": 72.2576790689044, "updatedScore": 1134.5904915716928, "updatedConfidence": 69.86436605055133, "teamId": 99999}, {"id": 37567162, "state": 2, "submissionId": 19450453, "reward": 7012, "index": 1, "initialScore": 1119.4944675592471, "initialConfidence": 44.46631616185293, "updatedScore": 1112.1763693692392, "updatedConfidence": 43.90167359549948, "teamId": 99999}, {"id": 37567163, "state": 2, "submissionId": 19425646, "reward": 20015, "index": 2, "initialScore": 1153.7837837243517, "initialConfidence": 40.87942929560696, "updatedScore": 1154.5294041348186, "updatedConfidence": 40.43045664932325, "teamId": 99999}, {"id": 37567164, "state": 2, "submissionId": 19492942, "reward": 20022, "index": 3, "initialScore": 1034.0512939067526, "initialConfidence": 57.69255328815006, "updatedScore": 1050.450623082215, "updatedConfidence": 56.31608234703153, "teamId": 99999}]}