{"id": 16925729, "competitionId": 25401, "createTime": {"seconds": 1613113083}, "endTime": {"seconds": 1613113083}, "agents": [{"id": 37619207, "state": 2, "submissionId": 19530847, "reward": 20017, "index": 0, "initialScore": 964.6060577228756, "initialConfidence": 140.0, "updatedScore": 1029.0506719814568, "updatedConfidence": 126.40953545772206, "teamId": 99999}, {"id": 37619208, "state": 2, "submissionId": 19517799, "reward": 20015, "index": 1, "initialScore": 1092.5791577100697, "initialConfidence": 67.97133373383747, "updatedScore": 1080.8890810622152, "updatedConfidence": 66.37053667520556, "teamId": 99999}, {"id": 37619209, "state": 2, "submissionId": 19519116, "reward": 20016, "index": 2, "initialScore": 1015.6749371231316, "initialConfidence": 66.10262086706955, "updatedScore": 1019.3978656309528, "updatedConfidence": 64.56840896836843, "teamId": 99999}, {"id": 37619210, "state": 2, "submissionId": 19372515, "reward": 3506, "index": 3, "initialScore": 842.1748467113758, "initialConfidence": 35.0, "updatedScore": 840.2029126727424, "updatedConfidence": 35.0, "teamId": 99999}]}