{"id": 16926977, "competitionId": 25401, "createTime": {"seconds": 1613113561}, "endTime": {"seconds": 1613113561}, "agents": [{"id": 37621751, "state": 2, "submissionId": 19530847, "reward": 14013, "index": 0, "initialScore": 1081.7861402879128, "initialConfidence": 115.86678953835629, "updatedScore": 1091.5042218116191, "updatedConfidence": 107.8879998539407, "teamId": 99999}, {"id": 37621752, "state": 2, "submissionId": 19508622, "reward": 8308, "index": 1, "initialScore": 997.350027812128, "initialConfidence": 57.93822333033332, "updatedScore": 988.7705269903364, "updatedConfidence": 56.94254361334265, "teamId": 99999}, {"id": 37621753, "state": 2, "submissionId": 19513825, "reward": 14017, "index": 2, "initialScore": 1063.9394968607185, "initialConfidence": 57.2801113268515, "updatedScore": 1074.684987879582, "updatedConfidence": 56.20568691920332, "teamId": 99999}, {"id": 37621754, "state": 2, "submissionId": 19517799, "reward": 8311, "index": 3, "initialScore": 1080.8890810622152, "initialConfidence": 66.37053667520556, "updatedScore": 1074.532157111188, "updatedConfidence": 64.744641457084, "teamId": 99999}]}