{"id": 16935087, "competitionId": 25401, "createTime": {"seconds": 1613116682}, "endTime": {"seconds": 1613116682}, "agents": [{"id": 37638277, "state": 2, "submissionId": 19525713, "reward": 19414, "index": 0, "initialScore": 1125.646234002755, "initialConfidence": 70.74778035285696, "updatedScore": 1131.6140881639365, "updatedConfidence": 68.52740065401986, "teamId": 99999}, {"id": 37638278, "state": 2, "submissionId": 19484204, "reward": 10708, "index": 1, "initialScore": 1139.3228018328682, "initialConfidence": 54.03099578026799, "updatedScore": 1128.4660905439375, "updatedConfidence": 53.01625930792002, "teamId": 99999}, {"id": 37638279, "state": 2, "submissionId": 19487408, "reward": 16623, "index": 2, "initialScore": 1134.798488079868, "initialConfidence": 51.72563086411373, "updatedScore": 1131.3699792339924, "updatedConfidence": 50.83696567568478, "teamId": 99999}, {"id": 37638280, "state": 2, "submissionId": 19469841, "reward": 19415, "index": 3, "initialScore": 1113.7726668091443, "initialConfidence": 43.72917944609242, "updatedScore": 1121.0544594807711, "updatedConfidence": 43.1819567401712, "teamId": 99999}]}