{"id": 16942565, "competitionId": 25401, "createTime": {"seconds": 1613119563}, "endTime": {"seconds": 1613119563}, "agents": [{"id": 37653501, "state": 2, "submissionId": 19530754, "reward": 20022, "index": 0, "initialScore": 1050.493581959366, "initialConfidence": 86.30794093265119, "updatedScore": 1071.2873090834491, "updatedConfidence": 83.58921462815412, "teamId": 99999}, {"id": 37653502, "state": 2, "submissionId": 19507843, "reward": 12511, "index": 1, "initialScore": 1073.9278403867197, "initialConfidence": 50.66807741506199, "updatedScore": 1071.3260895946894, "updatedConfidence": 49.82076689973948, "teamId": 99999}, {"id": 37653503, "state": 2, "submissionId": 19487408, "reward": 7611, "index": 2, "initialScore": 1131.3699792339924, "initialConfidence": 50.83696567568478, "updatedScore": 1120.0124485204876, "updatedConfidence": 49.93897625982165, "teamId": 99999}, {"id": 37653504, "state": 2, "submissionId": 19463849, "reward": 20022, "index": 3, "initialScore": 1066.8308365103444, "initialConfidence": 42.66135610196379, "updatedScore": 1071.5930891631551, "updatedConfidence": 42.30649678899528, "teamId": 99999}]}