{"id": 16956288, "competitionId": 25401, "createTime": {"seconds": 1613124845}, "endTime": {"seconds": 1613124845}, "agents": [{"id": 37681453, "state": 2, "submissionId": 19467174, "reward": 301, "index": 0, "initialScore": 1142.4544007861568, "initialConfidence": 45.92955382849391, "updatedScore": 1134.423735687551, "updatedConfidence": 45.29443127404694, "teamId": 99999}, {"id": 37681454, "state": 2, "submissionId": 19483334, "reward": 20017, "index": 1, "initialScore": 1097.890272707082, "initialConfidence": 52.19204762784891, "updatedScore": 1102.454738246108, "updatedConfidence": 51.27569181096371, "teamId": 99999}, {"id": 37681455, "state": 2, "submissionId": 19519164, "reward": 20013, "index": 2, "initialScore": 1134.5904915716928, "initialConfidence": 69.86436605055133, "updatedScore": 1128.413138486268, "updatedConfidence": 67.70830749916705, "teamId": 99999}, {"id": 37681456, "state": 2, "submissionId": 19471969, "reward": 20019, "index": 3, "initialScore": 1138.43006587098, "initialConfidence": 45.23178651369134, "updatedScore": 1145.3796350147877, "updatedConfidence": 44.654107482018425, "teamId": 99999}]}