{"id": 16974360, "competitionId": 25401, "createTime": {"seconds": 1613131807}, "endTime": {"seconds": 1613131807}, "agents": [{"id": 37718237, "state": 2, "submissionId": 19533620, "reward": 17313, "index": 0, "initialScore": 888.8970707631782, "initialConfidence": 155.0, "updatedScore": 951.6518006310744, "updatedConfidence": 140.0, "teamId": 99999}, {"id": 37718238, "state": 2, "submissionId": 19379275, "reward": 17223, "index": 1, "initialScore": 818.5390674537007, "initialConfidence": 35.0, "updatedScore": 820.9615137442244, "updatedConfidence": 35.0, "teamId": 99999}, {"id": 37718239, "state": 2, "submissionId": 19403140, "reward": 13307, "index": 2, "initialScore": 833.9436247352929, "initialConfidence": 35.0, "updatedScore": 833.0586492261765, "updatedConfidence": 35.0, "teamId": 99999}, {"id": 37718240, "state": 2, "submissionId": 19438440, "reward": 9108, "index": 3, "initialScore": 876.8120976819536, "initialConfidence": 39.94618188860884, "updatedScore": 870.6413159174591, "updatedConfidence": 39.54569269193673, "teamId": 99999}]}