{"id": 16976229, "competitionId": 25401, "createTime": {"seconds": 1613132526}, "endTime": {"seconds": 1613132526}, "agents": [{"id": 37722041, "state": 2, "submissionId": 19530558, "reward": 20019, "index": 0, "initialScore": 980.9917537949144, "initialConfidence": 77.08529607011683, "updatedScore": 1001.7196948302612, "updatedConfidence": 74.45667377131993, "teamId": 99999}, {"id": 37722042, "state": 2, "submissionId": 19533620, "reward": 20016, "index": 1, "initialScore": 993.1647962616194, "initialConfidence": 119.3784484756546, "updatedScore": 1008.352372172198, "updatedConfidence": 110.44931984223972, "teamId": 99999}, {"id": 37722043, "state": 2, "submissionId": 19530480, "reward": 13215, "index": 2, "initialScore": 972.6153630731254, "initialConfidence": 75.14017036542423, "updatedScore": 955.3841031323142, "updatedConfidence": 72.84295209614493, "teamId": 99999}, {"id": 37722044, "state": 2, "submissionId": 19425112, "reward": 18514, "index": 3, "initialScore": 1018.4887844610724, "initialConfidence": 39.435592671489566, "updatedScore": 1016.1527988765748, "updatedConfidence": 39.07670213633762, "teamId": 99999}]}