{"id": 16979346, "competitionId": 25401, "createTime": {"seconds": 1613133732}, "endTime": {"seconds": 1613133732}, "agents": [{"id": 37728389, "state": 2, "submissionId": 19492639, "reward": 12214, "index": 0, "initialScore": 1124.435010757881, "initialConfidence": 53.28069494115374, "updatedScore": 1117.75055303159, "updatedConfidence": 52.31918146503346, "teamId": 99999}, {"id": 37728390, "state": 2, "submissionId": 19533620, "reward": 14715, "index": 1, "initialScore": 1066.8430671974406, "initialConfidence": 87.46782630344269, "updatedScore": 1091.4420963462358, "updatedConfidence": 83.62634344113413, "teamId": 99999}, {"id": 37728391, "state": 2, "submissionId": 19410058, "reward": 14619, "index": 2, "initialScore": 1002.0928828988888, "initialConfidence": 37.87232121492953, "updatedScore": 1005.1670898873996, "updatedConfidence": 37.51756684573812, "teamId": 99999}, {"id": 37728392, "state": 2, "submissionId": 19493682, "reward": 9411, "index": 3, "initialScore": 1017.561253703406, "initialConfidence": 47.441625263691954, "updatedScore": 1010.800174136218, "updatedConfidence": 46.823385934142266, "teamId": 99999}]}