{"id": 16973114, "competitionId": 25401, "createTime": {"seconds": 1613131329}, "endTime": {"seconds": 1613131329}, "agents": [{"id": 37715701, "state": 2, "submissionId": 19386883, "reward": 1202, "index": 0, "initialScore": 696.9753229854911, "initialConfidence": 35.0, "updatedScore": 695.8509013169014, "updatedConfidence": 35.0, "teamId": 99999}, {"id": 37715702, "state": 2, "submissionId": 19336585, "reward": 1606, "index": 1, "initialScore": 750.9859802762132, "initialConfidence": 35.0, "updatedScore": 751.8570873855421, "updatedConfidence": 35.0, "teamId": 99999}, {"id": 37715703, "state": 2, "submissionId": 19473158, "reward": 1201, "index": 2, "initialScore": 648.9711779209704, "initialConfidence": 47.45366407503401, "updatedScore": 643.0842770397986, "updatedConfidence": 46.91171035931744, "teamId": 99999}, {"id": 37715704, "state": 2, "submissionId": 19533620, "reward": 1702, "index": 3, "initialScore": 698.8172294181211, "initialConfidence": 185.0, "updatedScore": 795.367255650462, "updatedConfidence": 170.0, "teamId": 99999}]}