{"id": 16975606, "competitionId": 25401, "createTime": {"seconds": 1613132288}, "endTime": {"seconds": 1613132288}, "agents": [{"id": 37720773, "state": 2, "submissionId": 19475976, "reward": 20024, "index": 0, "initialScore": 979.2742302679997, "initialConfidence": 44.03292878246409, "updatedScore": 984.3832488492088, "updatedConfidence": 43.58321966549322, "teamId": 99999}, {"id": 37720774, "state": 2, "submissionId": 19342415, "reward": 11108, "index": 1, "initialScore": 893.2868198563035, "initialConfidence": 35.0, "updatedScore": 889.5259342031455, "updatedConfidence": 35.0, "teamId": 99999}, {"id": 37720775, "state": 2, "submissionId": 19533620, "reward": 20008, "index": 2, "initialScore": 987.9743249184684, "initialConfidence": 129.39983547283938, "updatedScore": 993.1647962616194, "updatedConfidence": 119.3784484756546, "teamId": 99999}, {"id": 37720776, "state": 2, "submissionId": 19396848, "reward": 17306, "index": 3, "initialScore": 845.1302117209515, "initialConfidence": 35.0, "updatedScore": 845.2834791506567, "updatedConfidence": 35.0, "teamId": 99999}]}