{"id": 16973737, "competitionId": 25401, "createTime": {"seconds": 1613131564}, "endTime": {"seconds": 1613131564}, "agents": [{"id": 37716969, "state": 2, "submissionId": 19389020, "reward": 5608, "index": 0, "initialScore": 783.3616948098926, "initialConfidence": 35.96649814296838, "updatedScore": 779.7000934243674, "updatedConfidence": 35.719579656933455, "teamId": 99999}, {"id": 37716970, "state": 2, "submissionId": 19312510, "reward": 5610, "index": 1, "initialScore": 782.0444356018232, "initialConfidence": 35.0, "updatedScore": 781.5927517170184, "updatedConfidence": 35.0, "teamId": 99999}, {"id": 37716971, "state": 2, "submissionId": 19349893, "reward": 19014, "index": 2, "initialScore": 925.0413457475572, "initialConfidence": 35.0, "updatedScore": 924.995985618876, "updatedConfidence": 35.0, "teamId": 99999}, {"id": 37716972, "state": 2, "submissionId": 19533620, "reward": 19112, "index": 3, "initialScore": 795.367255650462, "initialConfidence": 170.0, "updatedScore": 888.8970707631782, "updatedConfidence": 155.0, "teamId": 99999}]}