{"id": 16972490, "competitionId": 25401, "createTime": {"seconds": 1613131087}, "endTime": {"seconds": 1613131087}, "agents": [{"id": 37714431, "state": 3, "submissionId": 19452939, "reward": 0, "index": 0, "initialScore": 584.1823443380767, "initialConfidence": 40.45704076911835, "updatedScore": 578.3659373807878, "updatedConfidence": 40.06936974060314, "teamId": 99999}, {"id": 37714432, "state": 2, "submissionId": 19374005, "reward": 1303, "index": 1, "initialScore": 542.5265494713036, "initialConfidence": 35.0, "updatedScore": 544.9591773609866, "updatedConfidence": 35.0, "teamId": 99999}, {"id": 37714433, "state": 2, "submissionId": 19533620, "reward": 6008, "index": 2, "initialScore": 600.0, "initialConfidence": 200.0, "updatedScore": 698.8172294181211, "updatedConfidence": 185.0, "teamId": 99999}, {"id": 37714434, "state": 2, "submissionId": 19400867, "reward": 501, "index": 3, "initialScore": 570.1206482929663, "initialConfidence": 35.0, "updatedScore": 569.0148828838503, "updatedConfidence": 35.0, "teamId": 99999}]}