{"id": 16978100, "competitionId": 25401, "createTime": {"seconds": 1613133246}, "endTime": {"seconds": 1613133246}, "agents": [{"id": 37725853, "state": 2, "submissionId": 19476520, "reward": 20024, "index": 0, "initialScore": 1034.7062542870851, "initialConfidence": 46.71851364481691, "updatedScore": 1042.2072906077574, "updatedConfidence": 46.09032176369963, "teamId": 99999}, {"id": 37725854, "state": 2, "submissionId": 19502799, "reward": 13111, "index": 1, "initialScore": 1055.2170591632384, "initialConfidence": 51.90941298432226, "updatedScore": 1051.1145416930467, "updatedConfidence": 51.04924792791002, "teamId": 99999}, {"id": 37725855, "state": 2, "submissionId": 19397548, "reward": 13109, "index": 2, "initialScore": 1001.1421329893076, "initialConfidence": 36.66603438423529, "updatedScore": 997.0096909043648, "updatedConfidence": 36.37538192827797, "teamId": 99999}, {"id": 37725856, "state": 2, "submissionId": 19533620, "reward": 20012, "index": 3, "initialScore": 1027.131233530738, "initialConfidence": 97.25821114947672, "updatedScore": 1038.1002044221784, "updatedConfidence": 91.94778474629985, "teamId": 99999}]}