{"id": 16979978, "competitionId": 25401, "createTime": {"seconds": 1613133971}, "endTime": {"seconds": 1613133971}, "agents": [{"id": 37729693, "state": 2, "submissionId": 19521616, "reward": 20023, "index": 0, "initialScore": 1132.0572689965163, "initialConfidence": 66.22999158647869, "updatedScore": 1144.3722016062625, "updatedConfidence": 64.64506243278952, "teamId": 99999}, {"id": 37729694, "state": 2, "submissionId": 19526378, "reward": 20010, "index": 1, "initialScore": 1014.2921683385812, "initialConfidence": 60.84541866466046, "updatedScore": 1013.9685993025856, "updatedConfidence": 59.60555072872649, "teamId": 99999}, {"id": 37729695, "state": 2, "submissionId": 19533620, "reward": 13716, "index": 2, "initialScore": 1091.4420963462358, "initialConfidence": 83.62634344113413, "updatedScore": 1067.198896985197, "updatedConfidence": 80.18005047163686, "teamId": 99999}, {"id": 37729696, "state": 2, "submissionId": 19450453, "reward": 20017, "index": 3, "initialScore": 1114.9072911304236, "initialConfidence": 43.53188806727954, "updatedScore": 1116.3218919585097, "updatedConfidence": 43.062576015642726, "teamId": 99999}]}