{"id": 16978723, "competitionId": 25401, "createTime": {"seconds": 1613133489}, "endTime": {"seconds": 1613133489}, "agents": [{"id": 37727121, "state": 2, "submissionId": 19464039, "reward": 11913, "index": 0, "initialScore": 1050.958991663003, "initialConfidence": 41.058597883372485, "updatedScore": 1052.7677664497426, "updatedConfidence": 40.63946970878559, "teamId": 99999}, {"id": 37727122, "state": 2, "submissionId": 19528471, "reward": 11912, "index": 1, "initialScore": 959.775231598303, "initialConfidence": 64.35880691223494, "updatedScore": 960.3626337261708, "updatedConfidence": 62.796819455182245, "teamId": 99999}, {"id": 37727123, "state": 2, "submissionId": 19533620, "reward": 12005, "index": 2, "initialScore": 1038.1002044221784, "initialConfidence": 91.94778474629985, "updatedScore": 1066.8430671974406, "updatedConfidence": 87.46782630344269, "teamId": 99999}, {"id": 37727124, "state": 2, "submissionId": 19499769, "reward": 10614, "index": 3, "initialScore": 1104.4482971631658, "initialConfidence": 56.555414057154856, "updatedScore": 1089.688718060203, "updatedConfidence": 55.32460590285184, "teamId": 99999}]}