{"id": 16974983, "competitionId": 25401, "createTime": {"seconds": 1613132047}, "endTime": {"seconds": 1613132047}, "agents": [{"id": 37719505, "state": 2, "submissionId": 19445916, "reward": 18614, "index": 0, "initialScore": 791.5390542972045, "initialConfidence": 38.81080377444048, "updatedScore": 794.6009734590967, "updatedConfidence": 38.47502050455118, "teamId": 99999}, {"id": 37719506, "state": 2, "submissionId": 19396909, "reward": 8219, "index": 1, "initialScore": 872.8605660357046, "initialConfidence": 35.0, "updatedScore": 870.7910475327961, "updatedConfidence": 35.0, "teamId": 99999}, {"id": 37719507, "state": 2, "submissionId": 19533620, "reward": 18715, "index": 2, "initialScore": 951.6518006310744, "initialConfidence": 140.0, "updatedScore": 987.9743249184684, "updatedConfidence": 129.39983547283938, "teamId": 99999}, {"id": 37719508, "state": 2, "submissionId": 19476513, "reward": 7110, "index": 3, "initialScore": 744.6409116645998, "initialConfidence": 43.059974744330844, "updatedScore": 740.568138351429, "updatedConfidence": 42.674667513367474, "teamId": 99999}]}