{"id": 16976854, "competitionId": 25401, "createTime": {"seconds": 1613132767}, "endTime": {"seconds": 1613132767}, "agents": [{"id": 37723317, "state": 2, "submissionId": 19503325, "reward": 20028, "index": 0, "initialScore": 1001.0315903731796, "initialConfidence": 50.7955052081346, "updatedScore": 1009.2926128213692, "updatedConfidence": 50.02410401634104, "teamId": 99999}, {"id": 37723318, "state": 2, "submissionId": 19376338, "reward": 12013, "index": 1, "initialScore": 1009.7123202085148, "initialConfidence": 35.0, "updatedScore": 1007.8366640968824, "updatedConfidence": 35.0, "teamId": 99999}, {"id": 37723319, "state": 2, "submissionId": 19533620, "reward": 20014, "index": 2, "initialScore": 1008.352372172198, "initialConfidence": 110.44931984223972, "updatedScore": 1017.6953366157456, "updatedConfidence": 103.26619029385796, "teamId": 99999}, {"id": 37723320, "state": 2, "submissionId": 19413879, "reward": 8105, "index": 3, "initialScore": 911.32673222399, "initialConfidence": 35.40608664669007, "updatedScore": 908.272423558671, "updatedConfidence": 35.172994174627874, "teamId": 99999}]}