{"id": 16977477, "competitionId": 25401, "createTime": {"seconds": 1613133007}, "endTime": {"seconds": 1613133007}, "agents": [{"id": 37724585, "state": 2, "submissionId": 19365092, "reward": 9105, "index": 0, "initialScore": 905.1899778647384, "initialConfidence": 35.0, "updatedScore": 902.58905832038, "updatedConfidence": 35.0, "teamId": 99999}, {"id": 37724586, "state": 2, "submissionId": 19503054, "reward": 20022, "index": 1, "initialScore": 1012.607006358684, "initialConfidence": 50.91943328100973, "updatedScore": 1021.1919945494373, "updatedConfidence": 50.13840173510477, "teamId": 99999}, {"id": 37724587, "state": 2, "submissionId": 19507268, "reward": 19419, "index": 2, "initialScore": 1063.465568210033, "initialConfidence": 52.02083237722224, "updatedScore": 1057.85636905185, "updatedConfidence": 51.20590420168479, "teamId": 99999}, {"id": 37724588, "state": 2, "submissionId": 19533620, "reward": 20020, "index": 3, "initialScore": 1017.6953366157456, "initialConfidence": 103.26619029385796, "updatedScore": 1027.131233530738, "updatedConfidence": 97.25821114947672, "teamId": 99999}]}