{"id": 16983720, "competitionId": 25401, "createTime": {"seconds": 1613135410}, "endTime": {"seconds": 1613135410}, "agents": [{"id": 37737317, "state": 2, "submissionId": 19496320, "reward": 8815, "index": 0, "initialScore": 1004.262956300093, "initialConfidence": 50.77342638230495, "updatedScore": 996.8310101066372, "updatedConfidence": 50.02049138923499, "teamId": 99999}, {"id": 37737318, "state": 2, "submissionId": 19517799, "reward": 20021, "index": 1, "initialScore": 1074.532157111188, "initialConfidence": 64.744641457084, "updatedScore": 1087.3975417654074, "updatedConfidence": 63.15767660041327, "teamId": 99999}, {"id": 37737319, "state": 2, "submissionId": 19484411, "reward": 17610, "index": 2, "initialScore": 1025.025519045823, "initialConfidence": 50.2439111735942, "updatedScore": 1022.922297226902, "updatedConfidence": 49.494615653646825, "teamId": 99999}, {"id": 37737320, "state": 2, "submissionId": 19480660, "reward": 20015, "index": 3, "initialScore": 1081.243704361971, "initialConfidence": 52.193473037876174, "updatedScore": 1083.005994815759, "updatedConfidence": 51.35813329271081, "teamId": 99999}]}