{"id": 17008651, "competitionId": 25401, "createTime": {"seconds": 1613145007}, "endTime": {"seconds": 1613145007}, "agents": [{"id": 37788077, "state": 2, "submissionId": 19418679, "reward": 16716, "index": 0, "initialScore": 1109.9170615675737, "initialConfidence": 40.542828865871385, "updatedScore": 1107.7535263458092, "updatedConfidence": 40.1171534953578, "teamId": 99999}, {"id": 37788078, "state": 2, "submissionId": 19519164, "reward": 20021, "index": 1, "initialScore": 1128.413138486268, "initialConfidence": 67.70830749916705, "updatedScore": 1142.323892148644, "updatedConfidence": 65.91946880249012, "teamId": 99999}, {"id": 37788079, "state": 2, "submissionId": 19530754, "reward": 20017, "index": 2, "initialScore": 1054.6379646145067, "initialConfidence": 76.9769723553971, "updatedScore": 1065.8281327722289, "updatedConfidence": 74.18283535329302, "teamId": 99999}, {"id": 37788080, "state": 2, "submissionId": 19459835, "reward": 11914, "index": 3, "initialScore": 1102.877831681647, "initialConfidence": 43.62172341739527, "updatedScore": 1096.0149837852537, "updatedConfidence": 43.09633101893602, "teamId": 99999}]}