{"id": 17009905, "competitionId": 25401, "createTime": {"seconds": 1613145491}, "endTime": {"seconds": 1613145491}, "agents": [{"id": 37790645, "state": 2, "submissionId": 19397859, "reward": 20022, "index": 0, "initialScore": 1022.4008433819758, "initialConfidence": 35.0, "updatedScore": 1025.3162601230872, "updatedConfidence": 35.0, "teamId": 99999}, {"id": 37790646, "state": 2, "submissionId": 19504379, "reward": 20026, "index": 1, "initialScore": 1079.1037118928675, "initialConfidence": 49.02243928378471, "updatedScore": 1088.0816787216106, "updatedConfidence": 48.2468324774424, "teamId": 99999}, {"id": 37790647, "state": 2, "submissionId": 19416177, "reward": 7510, "index": 2, "initialScore": 1122.37821835426, "initialConfidence": 41.96558525855952, "updatedScore": 1119.0430007953105, "updatedConfidence": 41.44777149439613, "teamId": 99999}, {"id": 37790648, "state": 2, "submissionId": 19487408, "reward": 7506, "index": 3, "initialScore": 1120.0124485204876, "initialConfidence": 49.93897625982165, "updatedScore": 1109.4833069709605, "updatedConfidence": 49.07520864082026, "teamId": 99999}]}