{"id": 17009907, "competitionId": 25401, "createTime": {"seconds": 1613145491}, "endTime": {"seconds": 1613145491}, "agents": [{"id": 37790653, "state": 2, "submissionId": 19514605, "reward": 9414, "index": 0, "initialScore": 1070.1748951383374, "initialConfidence": 53.69771939172608, "updatedScore": 1067.27631153913, "updatedConfidence": 52.743347421682, "teamId": 99999}, {"id": 37790654, "state": 2, "submissionId": 19529469, "reward": 14618, "index": 1, "initialScore": 1071.62120903881, "initialConfidence": 75.44121966317019, "updatedScore": 1078.8197324944792, "updatedConfidence": 72.86619944422219, "teamId": 99999}, {"id": 37790655, "state": 2, "submissionId": 19517799, "reward": 14721, "index": 2, "initialScore": 1087.3975417654074, "initialConfidence": 63.15767660041327, "updatedScore": 1100.6839799166069, "updatedConfidence": 61.64588535245555, "teamId": 99999}, {"id": 37790656, "state": 2, "submissionId": 19512246, "reward": 9413, "index": 3, "initialScore": 1083.3838709534882, "initialConfidence": 52.825328557783926, "updatedScore": 1073.364745485545, "updatedConfidence": 51.90393392116812, "teamId": 99999}]}