{"id": 17010529, "competitionId": 25401, "createTime": {"seconds": 1613145730}, "endTime": {"seconds": 1613145730}, "agents": [{"id": 37791917, "state": 2, "submissionId": 19500372, "reward": 11413, "index": 0, "initialScore": 1031.010862685086, "initialConfidence": 52.83748514046599, "updatedScore": 1022.305972205259, "updatedConfidence": 51.98511168124923, "teamId": 99999}, {"id": 37791918, "state": 2, "submissionId": 19524174, "reward": 16217, "index": 1, "initialScore": 988.3500701725776, "initialConfidence": 65.13833426597643, "updatedScore": 987.8246334662286, "updatedConfidence": 63.64483543143952, "teamId": 99999}, {"id": 37791919, "state": 2, "submissionId": 19533620, "reward": 16311, "index": 2, "initialScore": 1067.198896985197, "initialConfidence": 80.18005047163686, "updatedScore": 1088.4345204757892, "updatedConfidence": 77.19193073676617, "teamId": 99999}, {"id": 37791920, "state": 2, "submissionId": 19469822, "reward": 16219, "index": 3, "initialScore": 1140.758743355482, "initialConfidence": 49.325528944519306, "updatedScore": 1140.609541795136, "updatedConfidence": 48.67440699558048, "teamId": 99999}]}