{"id": 17034843, "competitionId": 25401, "createTime": {"seconds": 1613155088}, "endTime": {"seconds": 1613155088}, "agents": [{"id": 37841431, "state": 2, "submissionId": 19537563, "reward": 20020, "index": 0, "initialScore": 1111.303218444872, "initialConfidence": 89.71997159161246, "updatedScore": 1134.5866791143262, "updatedConfidence": 85.81465692350467, "teamId": 99999}, {"id": 37841432, "state": 2, "submissionId": 19507693, "reward": 12413, "index": 1, "initialScore": 1058.9388548864197, "initialConfidence": 46.98964589452659, "updatedScore": 1051.892978210503, "updatedConfidence": 46.37792246765434, "teamId": 99999}, {"id": 37841433, "state": 2, "submissionId": 19533620, "reward": 20015, "index": 2, "initialScore": 1088.4345204757892, "initialConfidence": 77.19193073676617, "updatedScore": 1094.771872842024, "updatedConfidence": 74.58449135316734, "teamId": 99999}, {"id": 37841434, "state": 2, "submissionId": 19459745, "reward": 20012, "index": 3, "initialScore": 1057.386101165657, "initialConfidence": 39.48724096868366, "updatedScore": 1056.1932665332076, "updatedConfidence": 39.122878467325975, "teamId": 99999}]}