{"id": 17048559, "competitionId": 25401, "createTime": {"seconds": 1613160370}, "endTime": {"seconds": 1613160370}, "agents": [{"id": 37869363, "state": 2, "submissionId": 19427666, "reward": 12707, "index": 0, "initialScore": 1024.6843375855528, "initialConfidence": 35.0, "updatedScore": 1023.5857829735268, "updatedConfidence": 35.0, "teamId": 99999}, {"id": 37869364, "state": 2, "submissionId": 19532556, "reward": 12708, "index": 1, "initialScore": 963.6155354784364, "initialConfidence": 73.50500134393688, "updatedScore": 976.6412617170377, "updatedConfidence": 71.00755406177899, "teamId": 99999}, {"id": 37869365, "state": 2, "submissionId": 19487408, "reward": 9215, "index": 2, "initialScore": 1109.4833069709605, "initialConfidence": 49.07520864082026, "updatedScore": 1097.9604705824945, "updatedConfidence": 48.25652946949273, "teamId": 99999}, {"id": 37869366, "state": 2, "submissionId": 19538413, "reward": 12817, "index": 3, "initialScore": 1043.0850473919356, "initialConfidence": 94.84340090669116, "updatedScore": 1072.503399092979, "updatedConfidence": 90.03588896495965, "teamId": 99999}]}