{"id": 17073495, "competitionId": 25401, "createTime": {"seconds": 1613169799}, "endTime": {"seconds": 1613169799}, "agents": [{"id": 37920141, "state": 2, "submissionId": 19534807, "reward": 20018, "index": 0, "initialScore": 1048.4800836418935, "initialConfidence": 73.99161720923279, "updatedScore": 1059.142463880703, "updatedConfidence": 71.4304098843532, "teamId": 99999}, {"id": 37920142, "state": 2, "submissionId": 19498578, "reward": 12620, "index": 1, "initialScore": 1104.4487397512924, "initialConfidence": 49.27791357227533, "updatedScore": 1101.3290715986022, "updatedConfidence": 48.49373026465261, "teamId": 99999}, {"id": 37920143, "state": 2, "submissionId": 19521616, "reward": 3908, "index": 2, "initialScore": 1139.907514937223, "initialConfidence": 61.27651603886436, "updatedScore": 1124.1035734167217, "updatedConfidence": 59.74325267268284, "teamId": 99999}, {"id": 37920144, "state": 2, "submissionId": 19487408, "reward": 20024, "index": 3, "initialScore": 1097.9604705824945, "initialConfidence": 48.25652946949273, "updatedScore": 1106.2183357320826, "updatedConfidence": 47.552983703094526, "teamId": 99999}]}