{"id": 17070378, "competitionId": 25401, "createTime": {"seconds": 1613168596}, "endTime": {"seconds": 1613168596}, "agents": [{"id": 37913793, "state": 2, "submissionId": 19514746, "reward": 13013, "index": 0, "initialScore": 1106.9879469325992, "initialConfidence": 56.06420858672485, "updatedScore": 1103.6000421627364, "updatedConfidence": 54.93211237226401, "teamId": 99999}, {"id": 37913794, "state": 2, "submissionId": 19487217, "reward": 20027, "index": 1, "initialScore": 1087.5184044791304, "initialConfidence": 49.01211217305244, "updatedScore": 1097.2121843556704, "updatedConfidence": 48.22267478553799, "teamId": 99999}, {"id": 37913795, "state": 2, "submissionId": 19459414, "reward": 20022, "index": 2, "initialScore": 1124.2804970789302, "initialConfidence": 41.72690739075539, "updatedScore": 1126.0374590233748, "updatedConfidence": 41.253104964771936, "teamId": 99999}, {"id": 37913796, "state": 2, "submissionId": 19519164, "reward": 8412, "index": 3, "initialScore": 1142.323892148644, "initialConfidence": 65.91946880249012, "updatedScore": 1125.0873748333322, "updatedConfidence": 64.0390386515922, "teamId": 99999}]}