{"id": 17071005, "competitionId": 25401, "createTime": {"seconds": 1613168841}, "endTime": {"seconds": 1613168841}, "agents": [{"id": 37915077, "state": 2, "submissionId": 19534963, "reward": 18416, "index": 0, "initialScore": 1107.9800101943135, "initialConfidence": 73.82735619795858, "updatedScore": 1100.9364710567193, "updatedConfidence": 71.33783738095757, "teamId": 99999}, {"id": 37915078, "state": 2, "submissionId": 19475982, "reward": 20021, "index": 1, "initialScore": 1072.0788278752225, "initialConfidence": 42.14914079737272, "updatedScore": 1079.1388542499958, "updatedConfidence": 41.65927128714901, "teamId": 99999}, {"id": 37915079, "state": 2, "submissionId": 19514641, "reward": 13208, "index": 2, "initialScore": 1120.3405572595134, "initialConfidence": 57.23474962942549, "updatedScore": 1107.7288395574826, "updatedConfidence": 56.03598279651301, "teamId": 99999}, {"id": 37915080, "state": 2, "submissionId": 19533620, "reward": 20006, "index": 3, "initialScore": 1094.771872842024, "initialConfidence": 74.58449135316734, "updatedScore": 1101.2704792764832, "updatedConfidence": 72.02076705357808, "teamId": 99999}]}