{"id": 17079722, "competitionId": 25401, "createTime": {"seconds": 1613172196}, "endTime": {"seconds": 1613172196}, "agents": [{"id": 37932809, "state": 2, "submissionId": 19469817, "reward": 14315, "index": 0, "initialScore": 1112.529600200022, "initialConfidence": 43.13439404673614, "updatedScore": 1104.368355380578, "updatedConfidence": 42.5800726673929, "teamId": 99999}, {"id": 37932810, "state": 2, "submissionId": 19533620, "reward": 20011, "index": 1, "initialScore": 1112.7873970169564, "initialConfidence": 70.1767197093193, "updatedScore": 1114.8052665270634, "updatedConfidence": 67.92719591911293, "teamId": 99999}, {"id": 37932811, "state": 2, "submissionId": 19500931, "reward": 20019, "index": 2, "initialScore": 964.9579085565008, "initialConfidence": 50.70109348205354, "updatedScore": 979.019337608748, "updatedConfidence": 49.72295896477837, "teamId": 99999}, {"id": 37932812, "state": 2, "submissionId": 19481825, "reward": 20007, "index": 3, "initialScore": 1085.7999262051803, "initialConfidence": 45.31299859742976, "updatedScore": 1082.7335244285057, "updatedConfidence": 44.68546614788117, "teamId": 99999}]}