{"id": 17071625, "competitionId": 25401, "createTime": {"seconds": 1613169079}, "endTime": {"seconds": 1613169079}, "agents": [{"id": 37916333, "state": 2, "submissionId": 19468865, "reward": 20015, "index": 0, "initialScore": 986.5617322406245, "initialConfidence": 40.04718443102395, "updatedScore": 989.1994628896292, "updatedConfidence": 39.66490058139025, "teamId": 99999}, {"id": 37916334, "state": 2, "submissionId": 19524088, "reward": 18418, "index": 1, "initialScore": 994.7306649838667, "initialConfidence": 61.39605678104443, "updatedScore": 991.4392239221644, "updatedConfidence": 60.04370047734877, "teamId": 99999}, {"id": 37916335, "state": 2, "submissionId": 19533620, "reward": 20018, "index": 2, "initialScore": 1101.2704792764832, "initialConfidence": 72.02076705357808, "updatedScore": 1112.7873970169564, "updatedConfidence": 70.1767197093193, "teamId": 99999}, {"id": 37916336, "state": 2, "submissionId": 19513758, "reward": 13112, "index": 3, "initialScore": 978.5359500369606, "initialConfidence": 49.62445846095388, "updatedScore": 971.1682272663908, "updatedConfidence": 48.91585946841184, "teamId": 99999}]}