{"id": 17074737, "competitionId": 25401, "createTime": {"seconds": 1613170276}, "endTime": {"seconds": 1613170276}, "agents": [{"id": 37922661, "state": 2, "submissionId": 19507693, "reward": 20013, "index": 0, "initialScore": 1051.892978210503, "initialConfidence": 46.37792246765434, "updatedScore": 1049.2860845532236, "updatedConfidence": 45.75530700350705, "teamId": 99999}, {"id": 37922662, "state": 2, "submissionId": 19517799, "reward": 20021, "index": 1, "initialScore": 1100.6839799166069, "initialConfidence": 61.64588535245555, "updatedScore": 1111.027352998008, "updatedConfidence": 60.33781426546063, "teamId": 99999}, {"id": 37922663, "state": 2, "submissionId": 19521592, "reward": 20015, "index": 2, "initialScore": 1019.6154733297528, "initialConfidence": 61.69620849950269, "updatedScore": 1025.9712618181438, "updatedConfidence": 60.25376453506826, "teamId": 99999}, {"id": 37922664, "state": 2, "submissionId": 19427666, "reward": 11007, "index": 3, "initialScore": 1023.5857829735268, "initialConfidence": 35.0, "updatedScore": 1019.6908398706056, "updatedConfidence": 35.0, "teamId": 99999}]}