{"id": 17091569, "competitionId": 25401, "createTime": {"seconds": 1613176758}, "endTime": {"seconds": 1613176758}, "agents": [{"id": 37956939, "state": 2, "submissionId": 19517799, "reward": 20020, "index": 0, "initialScore": 1111.027352998008, "initialConfidence": 60.33781426546063, "updatedScore": 1112.980029546164, "updatedConfidence": 59.06000462521895, "teamId": 99999}, {"id": 37956940, "state": 2, "submissionId": 19513003, "reward": 10811, "index": 1, "initialScore": 1036.5801090533598, "initialConfidence": 54.73770625707294, "updatedScore": 1034.6681923970496, "updatedConfidence": 53.775659416622304, "teamId": 99999}, {"id": 37956941, "state": 2, "submissionId": 19469844, "reward": 10808, "index": 2, "initialScore": 1028.473992780058, "initialConfidence": 39.278179584448345, "updatedScore": 1023.9709831686562, "updatedConfidence": 38.92193336381207, "teamId": 99999}, {"id": 37956942, "state": 2, "submissionId": 19459774, "reward": 20028, "index": 3, "initialScore": 1105.3461522838911, "initialConfidence": 42.18481208140321, "updatedScore": 1110.7213595255091, "updatedConfidence": 41.73754418015176, "teamId": 99999}]}