{"id": 17122145, "competitionId": 25401, "createTime": {"seconds": 1613188517}, "endTime": {"seconds": 1613188517}, "agents": [{"id": 38019253, "state": 2, "submissionId": 19538413, "reward": 8213, "index": 0, "initialScore": 1082.6226126741374, "initialConfidence": 75.68168381703013, "updatedScore": 1076.8530965680511, "updatedConfidence": 73.1963779094587, "teamId": 99999}, {"id": 38019254, "state": 2, "submissionId": 19519164, "reward": 13017, "index": 1, "initialScore": 1125.0873748333322, "initialConfidence": 64.0390386515922, "updatedScore": 1137.1690983298267, "updatedConfidence": 62.54466168011665, "teamId": 99999}, {"id": 38019255, "state": 2, "submissionId": 19383089, "reward": 8205, "index": 2, "initialScore": 1046.1324028334006, "initialConfidence": 35.0, "updatedScore": 1042.6449458616423, "updatedConfidence": 35.0, "teamId": 99999}, {"id": 38019256, "state": 2, "submissionId": 19507900, "reward": 13016, "index": 3, "initialScore": 1107.1617829775485, "initialConfidence": 55.54790551704192, "updatedScore": 1109.9639645345108, "updatedConfidence": 54.54185308103959, "teamId": 99999}]}