{"id": 17124643, "competitionId": 25401, "createTime": {"seconds": 1613189477}, "endTime": {"seconds": 1613189477}, "agents": [{"id": 38024349, "state": 2, "submissionId": 19534963, "reward": 12208, "index": 0, "initialScore": 1117.1227621418832, "initialConfidence": 69.23352872299422, "updatedScore": 1108.6049825732568, "updatedConfidence": 67.17080105191505, "teamId": 99999}, {"id": 38024350, "state": 2, "submissionId": 19477521, "reward": 20023, "index": 1, "initialScore": 1030.5586918222418, "initialConfidence": 41.46627991407874, "updatedScore": 1038.1440418781697, "updatedConfidence": 40.97172107836604, "teamId": 99999}, {"id": 38024351, "state": 2, "submissionId": 19458534, "reward": 11117, "index": 2, "initialScore": 1053.1400646901366, "initialConfidence": 36.84777220745756, "updatedScore": 1048.8285455709963, "updatedConfidence": 36.54532333392544, "teamId": 99999}, {"id": 38024352, "state": 2, "submissionId": 19533620, "reward": 20012, "index": 3, "initialScore": 1114.8052665270634, "initialConfidence": 67.92719591911293, "updatedScore": 1117.3015043076134, "updatedConfidence": 65.97464149590994, "teamId": 99999}]}