{"id": 17148368, "competitionId": 25401, "createTime": {"seconds": 1613198601}, "endTime": {"seconds": 1613198601}, "agents": [{"id": 38072735, "state": 2, "submissionId": 19497733, "reward": 20024, "index": 0, "initialScore": 1040.234783552563, "initialConfidence": 46.835308049888326, "updatedScore": 1047.703029151324, "updatedConfidence": 46.34125472110668, "teamId": 99999}, {"id": 38072736, "state": 2, "submissionId": 19517799, "reward": 20024, "index": 1, "initialScore": 1112.980029546164, "initialConfidence": 59.06000462521895, "updatedScore": 1119.1917865050436, "updatedConfidence": 58.181333818563616, "teamId": 99999}, {"id": 38072737, "state": 2, "submissionId": 19529448, "reward": 6312, "index": 2, "initialScore": 1120.8011377782298, "initialConfidence": 60.70633129504929, "updatedScore": 1105.7588241022768, "updatedConfidence": 59.212784641317285, "teamId": 99999}, {"id": 38072738, "state": 2, "submissionId": 19481825, "reward": 15312, "index": 3, "initialScore": 1082.6529018829092, "initialConfidence": 43.54814613960001, "updatedScore": 1080.5597181090925, "updatedConfidence": 43.00621630169095, "teamId": 99999}]}