{"id": 17140252, "competitionId": 25401, "createTime": {"seconds": 1613195480}, "endTime": {"seconds": 1613195480}, "agents": [{"id": 38056185, "state": 2, "submissionId": 19487408, "reward": 13417, "index": 0, "initialScore": 1106.2183357320826, "initialConfidence": 47.552983703094526, "updatedScore": 1107.829053712289, "updatedConfidence": 46.88275681341464, "teamId": 99999}, {"id": 38056186, "state": 2, "submissionId": 19514557, "reward": 13418, "index": 1, "initialScore": 1075.665006677032, "initialConfidence": 49.5096267055719, "updatedScore": 1084.5173577525022, "updatedConfidence": 48.728566772083184, "teamId": 99999}, {"id": 38056187, "state": 2, "submissionId": 19519108, "reward": 11211, "index": 2, "initialScore": 1094.6906881169675, "initialConfidence": 57.27373530768116, "updatedScore": 1089.9065449965508, "updatedConfidence": 56.11292681147663, "teamId": 99999}, {"id": 38056188, "state": 2, "submissionId": 19490532, "reward": 10911, "index": 3, "initialScore": 1033.3029662227912, "initialConfidence": 45.057603111604, "updatedScore": 1027.48591573728, "updatedConfidence": 44.52472823962503, "teamId": 99999}]}