{"id": 17158973, "competitionId": 25401, "createTime": {"seconds": 1613202680}, "endTime": {"seconds": 1613202680}, "agents": [{"id": 38094345, "state": 2, "submissionId": 19492969, "reward": 20022, "index": 0, "initialScore": 1076.8891204067045, "initialConfidence": 41.99442604710284, "updatedScore": 1083.916617179828, "updatedConfidence": 41.49250709301538, "teamId": 99999}, {"id": 38094346, "state": 2, "submissionId": 19517799, "reward": 13916, "index": 1, "initialScore": 1119.1917865050436, "initialConfidence": 58.181333818563616, "updatedScore": 1113.9412330826751, "updatedConfidence": 56.85551390394613, "teamId": 99999}, {"id": 38094347, "state": 2, "submissionId": 19439763, "reward": 12513, "index": 2, "initialScore": 1130.8460168003166, "initialConfidence": 44.30124867577263, "updatedScore": 1122.6447807447933, "updatedConfidence": 43.70084569695957, "teamId": 99999}, {"id": 38094348, "state": 2, "submissionId": 19497595, "reward": 20019, "index": 3, "initialScore": 1066.7858611526096, "initialConfidence": 45.90251911611688, "updatedScore": 1070.4625487067335, "updatedConfidence": 45.24379168572887, "teamId": 99999}]}