{"id": 17167719, "competitionId": 25401, "createTime": {"seconds": 1613206041}, "endTime": {"seconds": 1613206041}, "agents": [{"id": 38112191, "state": 2, "submissionId": 19464944, "reward": 9113, "index": 0, "initialScore": 1073.0589133493318, "initialConfidence": 43.0998933929062, "updatedScore": 1071.426597697441, "updatedConfidence": 42.58584783808143, "teamId": 99999}, {"id": 38112192, "state": 2, "submissionId": 19480910, "reward": 7910, "index": 1, "initialScore": 1097.907167769744, "initialConfidence": 40.85927558760262, "updatedScore": 1091.679272511498, "updatedConfidence": 40.408987666003824, "teamId": 99999}, {"id": 38112193, "state": 2, "submissionId": 19533620, "reward": 20008, "index": 2, "initialScore": 1117.3015043076134, "initialConfidence": 65.97464149590994, "updatedScore": 1120.5201832128282, "updatedConfidence": 64.18211071017204, "teamId": 99999}, {"id": 38112194, "state": 2, "submissionId": 19463849, "reward": 20029, "index": 3, "initialScore": 1075.5114465674003, "initialConfidence": 39.96198100748717, "updatedScore": 1081.691181076454, "updatedConfidence": 39.534108144407405, "teamId": 99999}]}