{"id": 17169597, "competitionId": 25401, "createTime": {"seconds": 1613206763}, "endTime": {"seconds": 1613206763}, "agents": [{"id": 38116031, "state": 2, "submissionId": 19487408, "reward": 16314, "index": 0, "initialScore": 1114.4123817680695, "initialConfidence": 46.273721033438186, "updatedScore": 1114.958579634566, "updatedConfidence": 45.67606817194375, "teamId": 99999}, {"id": 38116032, "state": 2, "submissionId": 19417189, "reward": 8708, "index": 1, "initialScore": 1009.6779220215489, "initialConfidence": 35.0, "updatedScore": 1006.157316155062, "updatedConfidence": 35.0, "teamId": 99999}, {"id": 38116033, "state": 2, "submissionId": 19452704, "reward": 14318, "index": 2, "initialScore": 1036.4942074202568, "initialConfidence": 40.72926473156112, "updatedScore": 1035.0419869930051, "updatedConfidence": 40.31573703258128, "teamId": 99999}, {"id": 38116034, "state": 2, "submissionId": 19501069, "reward": 16322, "index": 3, "initialScore": 1063.8179764449433, "initialConfidence": 47.2527556853166, "updatedScore": 1071.620145442428, "updatedConfidence": 46.57459156132159, "teamId": 99999}]}