{"id": 17163352, "competitionId": 25401, "createTime": {"seconds": 1613204361}, "endTime": {"seconds": 1613204361}, "agents": [{"id": 38103293, "state": 2, "submissionId": 19487408, "reward": 16220, "index": 0, "initialScore": 1107.829053712289, "initialConfidence": 46.88275681341464, "updatedScore": 1114.4123817680695, "updatedConfidence": 46.273721033438186, "teamId": 99999}, {"id": 38103294, "state": 2, "submissionId": 19425356, "reward": 16110, "index": 1, "initialScore": 1032.3752414777755, "initialConfidence": 36.37222759912603, "updatedScore": 1031.724126724332, "updatedConfidence": 36.07397836737201, "teamId": 99999}, {"id": 38103295, "state": 2, "submissionId": 19506793, "reward": 6110, "index": 2, "initialScore": 1077.6370648201423, "initialConfidence": 45.34345381158001, "updatedScore": 1070.092365070264, "updatedConfidence": 44.73977462153044, "teamId": 99999}, {"id": 38103296, "state": 2, "submissionId": 19539117, "reward": 16116, "index": 3, "initialScore": 1072.972191673373, "initialConfidence": 73.54561287882845, "updatedScore": 1079.2821090289033, "updatedConfidence": 71.17218039654725, "teamId": 99999}]}