{"id": 17171469, "competitionId": 25401, "createTime": {"seconds": 1613207483}, "endTime": {"seconds": 1613207483}, "agents": [{"id": 38119847, "state": 2, "submissionId": 19519164, "reward": 20015, "index": 0, "initialScore": 1137.1690983298267, "initialConfidence": 62.54466168011665, "updatedScore": 1140.1795520045457, "updatedConfidence": 61.05696015661549, "teamId": 99999}, {"id": 38119848, "state": 2, "submissionId": 19483334, "reward": 12518, "index": 1, "initialScore": 1111.0439737132665, "initialConfidence": 48.50835835822576, "updatedScore": 1108.3095115157018, "updatedConfidence": 47.8015575388656, "teamId": 99999}, {"id": 38119849, "state": 2, "submissionId": 19517799, "reward": 20025, "index": 2, "initialScore": 1113.9412330826751, "initialConfidence": 56.85551390394613, "updatedScore": 1125.231334003248, "updatedConfidence": 55.70070694687103, "teamId": 99999}, {"id": 38119850, "state": 2, "submissionId": 19463849, "reward": 12509, "index": 3, "initialScore": 1081.691181076454, "initialConfidence": 39.534108144407405, "updatedScore": 1076.8458632756594, "updatedConfidence": 39.16113406164135, "teamId": 99999}]}