{"id": 17177709, "competitionId": 25401, "createTime": {"seconds": 1613209882}, "endTime": {"seconds": 1613209882}, "agents": [{"id": 38132567, "state": 2, "submissionId": 19463849, "reward": 19621, "index": 0, "initialScore": 1076.8458632756594, "initialConfidence": 39.16113406164135, "updatedScore": 1079.110792055597, "updatedConfidence": 38.78896241068512, "teamId": 99999}, {"id": 38132568, "state": 2, "submissionId": 19544522, "reward": 601, "index": 1, "initialScore": 1122.6530051399254, "initialConfidence": 87.76102524225759, "updatedScore": 1093.247280499782, "updatedConfidence": 83.5798903272228, "teamId": 99999}, {"id": 38132569, "state": 2, "submissionId": 19533620, "reward": 19713, "index": 2, "initialScore": 1120.5201832128282, "initialConfidence": 64.18211071017204, "updatedScore": 1133.2350173950576, "updatedConfidence": 62.65518899064688, "teamId": 99999}, {"id": 38132570, "state": 2, "submissionId": 19492992, "reward": 11520, "index": 3, "initialScore": 1065.3244010586077, "initialConfidence": 48.38424104764832, "updatedScore": 1063.5790240101942, "updatedConfidence": 47.68882568903699, "teamId": 99999}]}