{"id": 17176461, "competitionId": 25401, "createTime": {"seconds": 1613209404}, "endTime": {"seconds": 1613209404}, "agents": [{"id": 38130023, "state": 2, "submissionId": 19514892, "reward": 7210, "index": 0, "initialScore": 1044.8135291235535, "initialConfidence": 50.20060770287452, "updatedScore": 1036.8810561210855, "updatedConfidence": 49.45402728531615, "teamId": 99999}, {"id": 38130024, "state": 2, "submissionId": 19487408, "reward": 20025, "index": 1, "initialScore": 1114.958579634566, "initialConfidence": 45.67606817194375, "updatedScore": 1120.775352789809, "updatedConfidence": 45.14338685815646, "teamId": 99999}, {"id": 38130025, "state": 2, "submissionId": 19467167, "reward": 11416, "index": 2, "initialScore": 1028.190068349489, "initialConfidence": 38.43561658505674, "updatedScore": 1027.466934674588, "updatedConfidence": 38.10435394142693, "teamId": 99999}, {"id": 38130026, "state": 2, "submissionId": 19544522, "reward": 20019, "index": 3, "initialScore": 1087.9003171810891, "initialConfidence": 97.19876797399884, "updatedScore": 1095.922292913859, "updatedConfidence": 92.23107155940242, "teamId": 99999}]}