{"id": 17178961, "competitionId": 25401, "createTime": {"seconds": 1613210361}, "endTime": {"seconds": 1613210361}, "agents": [{"id": 38135127, "state": 2, "submissionId": 19517799, "reward": 15320, "index": 0, "initialScore": 1125.231334003248, "initialConfidence": 55.70070694687103, "updatedScore": 1126.2877146311123, "updatedConfidence": 54.699891814862525, "teamId": 99999}, {"id": 38135128, "state": 2, "submissionId": 19476520, "reward": 10713, "index": 1, "initialScore": 1046.95999371199, "initialConfidence": 43.74255079050516, "updatedScore": 1040.8994104995393, "updatedConfidence": 43.23621627107207, "teamId": 99999}, {"id": 38135129, "state": 2, "submissionId": 19414005, "reward": 15418, "index": 2, "initialScore": 1098.736660227802, "initialConfidence": 40.24467623703319, "updatedScore": 1103.872472305894, "updatedConfidence": 39.849074286779405, "teamId": 99999}, {"id": 38135130, "state": 2, "submissionId": 19530262, "reward": 10716, "index": 3, "initialScore": 1019.1496650202504, "initialConfidence": 64.02801493492119, "updatedScore": 1017.7392735253512, "updatedConfidence": 62.52537157214679, "teamId": 99999}]}