{"id": 17202070, "competitionId": 25401, "createTime": {"seconds": 1613219242}, "endTime": {"seconds": 1613219242}, "agents": [{"id": 38182273, "state": 2, "submissionId": 19519179, "reward": 18218, "index": 0, "initialScore": 1013.2170512368904, "initialConfidence": 54.19724147903631, "updatedScore": 1020.0125751605732, "updatedConfidence": 53.12815518663228, "teamId": 99999}, {"id": 38182274, "state": 2, "submissionId": 19487408, "reward": 6813, "index": 1, "initialScore": 1120.775352789809, "initialConfidence": 45.14338685815646, "updatedScore": 1111.8904014219256, "updatedConfidence": 44.49960427962365, "teamId": 99999}, {"id": 38182275, "state": 2, "submissionId": 19418679, "reward": 18220, "index": 2, "initialScore": 1084.1547931770351, "initialConfidence": 38.61196803196463, "updatedScore": 1089.4137707395046, "updatedConfidence": 38.24249551219305, "teamId": 99999}, {"id": 38182276, "state": 2, "submissionId": 19514641, "reward": 16619, "index": 3, "initialScore": 1094.7693189337565, "initialConfidence": 53.794175414155454, "updatedScore": 1090.4832481908395, "updatedConfidence": 52.73804999003644, "teamId": 99999}]}