{"id": 17210810, "competitionId": 25401, "createTime": {"seconds": 1613222601}, "endTime": {"seconds": 1613222601}, "agents": [{"id": 38200097, "state": 2, "submissionId": 19521631, "reward": 19312, "index": 0, "initialScore": 1085.1560761539129, "initialConfidence": 54.31405381786433, "updatedScore": 1083.0506325526176, "updatedConfidence": 53.33333670386262, "teamId": 99999}, {"id": 38200098, "state": 2, "submissionId": 19533620, "reward": 10003, "index": 1, "initialScore": 1133.2350173950576, "initialConfidence": 62.65518899064688, "updatedScore": 1118.2316475620776, "updatedConfidence": 61.08791751087293, "teamId": 99999}, {"id": 38200099, "state": 2, "submissionId": 19492992, "reward": 20010, "index": 2, "initialScore": 1063.5790240101942, "initialConfidence": 47.68882568903699, "updatedScore": 1068.182336244275, "updatedConfidence": 47.02342206998989, "teamId": 99999}, {"id": 38200100, "state": 2, "submissionId": 19538222, "reward": 20029, "index": 3, "initialScore": 1180.0701999201444, "initialConfidence": 69.8634613836808, "updatedScore": 1192.3283004440802, "updatedConfidence": 68.08068957462929, "teamId": 99999}]}