{"id": 17210813, "competitionId": 25401, "createTime": {"seconds": 1613222601}, "endTime": {"seconds": 1613222601}, "agents": [{"id": 38200109, "state": 2, "submissionId": 19484204, "reward": 5608, "index": 0, "initialScore": 1120.2995653106668, "initialConfidence": 48.34105590865487, "updatedScore": 1111.3039421036826, "updatedConfidence": 47.595052841342095, "teamId": 99999}, {"id": 38200110, "state": 2, "submissionId": 19440371, "reward": 13313, "index": 1, "initialScore": 1038.3089333068554, "initialConfidence": 38.3852305836221, "updatedScore": 1038.217204764457, "updatedConfidence": 38.04334038993018, "teamId": 99999}, {"id": 38200111, "state": 2, "submissionId": 19521616, "reward": 20023, "index": 2, "initialScore": 1139.2684781228186, "initialConfidence": 57.215736578604094, "updatedScore": 1145.2240135300506, "updatedConfidence": 56.49282913086871, "teamId": 99999}, {"id": 38200112, "state": 2, "submissionId": 19517799, "reward": 20023, "index": 3, "initialScore": 1126.2877146311123, "initialConfidence": 54.699891814862525, "updatedScore": 1132.5485446351925, "updatedConfidence": 54.04950057570326, "teamId": 99999}]}