{"id": 17220798, "competitionId": 25401, "createTime": {"seconds": 1613226445}, "endTime": {"seconds": 1613226445}, "agents": [{"id": 38220463, "state": 2, "submissionId": 19469817, "reward": 10413, "index": 0, "initialScore": 1101.70598063518, "initialConfidence": 41.62566921019409, "updatedScore": 1095.4384761869455, "updatedConfidence": 41.16929592684448, "teamId": 99999}, {"id": 38220464, "state": 2, "submissionId": 19544522, "reward": 20025, "index": 1, "initialScore": 1098.9545937871178, "initialConfidence": 74.18677575893466, "updatedScore": 1117.7946567568722, "updatedConfidence": 71.7291226908143, "teamId": 99999}, {"id": 38220465, "state": 2, "submissionId": 19533620, "reward": 10914, "index": 2, "initialScore": 1118.2316475620776, "initialConfidence": 61.08791751087293, "updatedScore": 1112.7444346638054, "updatedConfidence": 59.6523381024788, "teamId": 99999}, {"id": 38220466, "state": 2, "submissionId": 19528956, "reward": 20023, "index": 3, "initialScore": 1068.9537447278803, "initialConfidence": 61.97423069027181, "updatedScore": 1075.3465326144444, "updatedConfidence": 60.47402178883152, "teamId": 99999}]}