{"id": 17223915, "competitionId": 25401, "createTime": {"seconds": 1613227643}, "endTime": {"seconds": 1613227643}, "agents": [{"id": 38226811, "state": 2, "submissionId": 19395873, "reward": 20022, "index": 0, "initialScore": 1094.074501619053, "initialConfidence": 36.48558518275237, "updatedScore": 1098.801135137698, "updatedConfidence": 36.175275013244566, "teamId": 99999}, {"id": 38226812, "state": 2, "submissionId": 19498549, "reward": 7515, "index": 1, "initialScore": 1123.6888773055186, "initialConfidence": 47.777551645307554, "updatedScore": 1114.026512077275, "updatedConfidence": 47.029649555698256, "teamId": 99999}, {"id": 38226813, "state": 2, "submissionId": 19519164, "reward": 20019, "index": 2, "initialScore": 1140.1795520045457, "initialConfidence": 61.05696015661549, "updatedScore": 1141.574408471687, "updatedConfidence": 59.71030887606868, "teamId": 99999}, {"id": 38226814, "state": 2, "submissionId": 19507855, "reward": 18017, "index": 3, "initialScore": 997.417622459456, "initialConfidence": 48.662720243437285, "updatedScore": 998.1471127096396, "updatedConfidence": 47.98156153468014, "teamId": 99999}]}