{"id": 17243916, "competitionId": 25401, "createTime": {"seconds": 1613235321}, "endTime": {"seconds": 1613235321}, "agents": [{"id": 38267647, "state": 2, "submissionId": 19545332, "reward": 14420, "index": 0, "initialScore": 1029.2175407372818, "initialConfidence": 76.41820883400098, "updatedScore": 1040.1785932804553, "updatedConfidence": 73.60482178385486, "teamId": 99999}, {"id": 38267648, "state": 2, "submissionId": 19517806, "reward": 3805, "index": 1, "initialScore": 1088.3789723197704, "initialConfidence": 51.93293692318435, "updatedScore": 1078.2664185946503, "updatedConfidence": 51.03984489277261, "teamId": 99999}, {"id": 38267649, "state": 2, "submissionId": 19513732, "reward": 14510, "index": 2, "initialScore": 1067.6687191803935, "initialConfidence": 49.751353092436815, "updatedScore": 1076.7133876072787, "updatedConfidence": 48.97296697691203, "teamId": 99999}, {"id": 38267650, "state": 2, "submissionId": 19533620, "reward": 14412, "index": 3, "initialScore": 1112.7444346638054, "initialConfidence": 59.6523381024788, "updatedScore": 1106.404854672182, "updatedConfidence": 58.28269131693511, "teamId": 99999}]}