{"id": 17258267, "competitionId": 25401, "createTime": {"seconds": 1613240845}, "endTime": {"seconds": 1613240845}, "agents": [{"id": 38296895, "state": 2, "submissionId": 19530232, "reward": 7315, "index": 0, "initialScore": 1022.6125737454942, "initialConfidence": 59.09870411329876, "updatedScore": 1020.5644186321967, "updatedConfidence": 57.81195611536151, "teamId": 99999}, {"id": 38296896, "state": 2, "submissionId": 19480854, "reward": 7309, "index": 1, "initialScore": 1084.4608255824407, "initialConfidence": 38.00598193170034, "updatedScore": 1078.5720449598423, "updatedConfidence": 37.63458571933991, "teamId": 99999}, {"id": 38296897, "state": 2, "submissionId": 19533620, "reward": 14615, "index": 2, "initialScore": 1106.404854672182, "initialConfidence": 58.28269131693511, "updatedScore": 1107.6741683810703, "updatedConfidence": 57.05291732686398, "teamId": 99999}, {"id": 38296898, "state": 2, "submissionId": 19514372, "reward": 14616, "index": 3, "initialScore": 1015.4454091893524, "initialConfidence": 54.04664152490884, "updatedScore": 1027.9753991771015, "updatedConfidence": 52.966557310098224, "teamId": 99999}]}