{"id": 17273876, "competitionId": 25401, "createTime": {"seconds": 1613246846}, "endTime": {"seconds": 1613246846}, "agents": [{"id": 38328727, "state": 2, "submissionId": 19517799, "reward": 6813, "index": 0, "initialScore": 1132.5485446351925, "initialConfidence": 54.04950057570326, "updatedScore": 1126.05846978743, "updatedConfidence": 52.96612852471696, "teamId": 99999}, {"id": 38328728, "state": 2, "submissionId": 19530754, "reward": 6808, "index": 1, "initialScore": 1100.954427786134, "initialConfidence": 55.483801313028806, "updatedScore": 1088.5849110008587, "updatedConfidence": 54.34307817109266, "teamId": 99999}, {"id": 38328729, "state": 2, "submissionId": 19492676, "reward": 17820, "index": 2, "initialScore": 1061.8601332109422, "initialConfidence": 44.26183786700429, "updatedScore": 1064.6541315567522, "updatedConfidence": 43.657672744639214, "teamId": 99999}, {"id": 38328730, "state": 2, "submissionId": 19495648, "reward": 17915, "index": 3, "initialScore": 1008.5947344531772, "initialConfidence": 44.891946499960326, "updatedScore": 1018.2954018852884, "updatedConfidence": 44.2361662246056, "teamId": 99999}]}