{"id": 17272626, "competitionId": 25401, "createTime": {"seconds": 1613246366}, "endTime": {"seconds": 1613246366}, "agents": [{"id": 38326175, "state": 2, "submissionId": 19484141, "reward": 20021, "index": 0, "initialScore": 1126.5434227953178, "initialConfidence": 46.381899199917456, "updatedScore": 1127.7699145874933, "updatedConfidence": 45.78602439457278, "teamId": 99999}, {"id": 38326176, "state": 2, "submissionId": 19529161, "reward": 1503, "index": 1, "initialScore": 1030.660833023517, "initialConfidence": 55.09976628393411, "updatedScore": 1022.6796016988928, "updatedConfidence": 54.17771158498402, "teamId": 99999}, {"id": 38326177, "state": 2, "submissionId": 19487408, "reward": 20026, "index": 2, "initialScore": 1111.8904014219256, "initialConfidence": 44.49960427962365, "updatedScore": 1118.2541466721434, "updatedConfidence": 43.963060269065245, "teamId": 99999}, {"id": 38326178, "state": 2, "submissionId": 19536343, "reward": 7913, "index": 3, "initialScore": 1087.496076327242, "initialConfidence": 62.53299163391033, "updatedScore": 1082.979952283655, "updatedConfidence": 61.093782837194574, "teamId": 99999}]}