{"id": 17274502, "competitionId": 25401, "createTime": {"seconds": 1613247086}, "endTime": {"seconds": 1613247086}, "agents": [{"id": 38330007, "state": 2, "submissionId": 19515065, "reward": 20017, "index": 0, "initialScore": 1101.2066649754236, "initialConfidence": 52.32678346729077, "updatedScore": 1107.109340756429, "updatedConfidence": 51.42731433074214, "teamId": 99999}, {"id": 38330008, "state": 2, "submissionId": 19471900, "reward": 7409, "index": 1, "initialScore": 1184.2151984352183, "initialConfidence": 45.75175997760859, "updatedScore": 1175.8434725336444, "updatedConfidence": 45.117850779273496, "teamId": 99999}, {"id": 38330009, "state": 2, "submissionId": 19519164, "reward": 16922, "index": 2, "initialScore": 1141.574408471687, "initialConfidence": 59.71030887606868, "updatedScore": 1138.4583583248811, "updatedConfidence": 58.37677557971266, "teamId": 99999}, {"id": 38330010, "state": 2, "submissionId": 19537563, "reward": 20018, "index": 3, "initialScore": 1210.6613508066691, "initialConfidence": 67.53573610111944, "updatedScore": 1223.056841811437, "updatedConfidence": 65.84893968091056, "teamId": 99999}]}