{"id": 17280130, "competitionId": 25401, "createTime": {"seconds": 1613249243}, "endTime": {"seconds": 1613249243}, "agents": [{"id": 38341503, "state": 2, "submissionId": 19468758, "reward": 20014, "index": 0, "initialScore": 987.3243240004582, "initialConfidence": 40.884465910777735, "updatedScore": 991.5210228259848, "updatedConfidence": 40.41832020050909, "teamId": 99999}, {"id": 38341504, "state": 2, "submissionId": 19498452, "reward": 10603, "index": 1, "initialScore": 1056.093531896516, "initialConfidence": 47.59406796862031, "updatedScore": 1048.049440724127, "updatedConfidence": 46.902838155018095, "teamId": 99999}, {"id": 38341505, "state": 2, "submissionId": 19517799, "reward": 15019, "index": 2, "initialScore": 1126.05846978743, "initialConfidence": 52.96612852471696, "updatedScore": 1119.421356925263, "updatedConfidence": 51.95895135436038, "teamId": 99999}, {"id": 38341506, "state": 2, "submissionId": 19464944, "reward": 20026, "index": 3, "initialScore": 1074.5495009204972, "initialConfidence": 40.88475202435554, "updatedScore": 1080.2433723082074, "updatedConfidence": 40.45318794493602, "teamId": 99999}]}