{"id": 17296995, "competitionId": 25401, "createTime": {"seconds": 1613255724}, "endTime": {"seconds": 1613255724}, "agents": [{"id": 38375899, "state": 2, "submissionId": 19499370, "reward": 20019, "index": 0, "initialScore": 1042.3140430306785, "initialConfidence": 49.02974712908374, "updatedScore": 1046.2038003479688, "updatedConfidence": 48.30098785642289, "teamId": 99999}, {"id": 38375900, "state": 2, "submissionId": 19481874, "reward": 20011, "index": 1, "initialScore": 1020.1623343365278, "initialConfidence": 41.07714594130961, "updatedScore": 1019.472805533484, "updatedConfidence": 40.64793556543198, "teamId": 99999}, {"id": 38375901, "state": 2, "submissionId": 19546060, "reward": 20009, "index": 2, "initialScore": 1100.9281838927243, "initialConfidence": 74.12524844832299, "updatedScore": 1078.9013771686966, "updatedConfidence": 71.47030513927352, "teamId": 99999}, {"id": 38375902, "state": 2, "submissionId": 19487408, "reward": 20021, "index": 3, "initialScore": 1118.2541466721434, "initialConfidence": 43.963060269065245, "updatedScore": 1123.6646946219198, "updatedConfidence": 43.47904265920715, "teamId": 99999}]}