{"id": 17319403, "competitionId": 25401, "createTime": {"seconds": 1613264366}, "endTime": {"seconds": 1613264366}, "agents": [{"id": 38421569, "state": 2, "submissionId": 19483589, "reward": 20015, "index": 0, "initialScore": 1127.1794093450292, "initialConfidence": 46.58379041799518, "updatedScore": 1132.6396454447463, "updatedConfidence": 46.15599095981412, "teamId": 99999}, {"id": 38421570, "state": 2, "submissionId": 19476004, "reward": 18217, "index": 1, "initialScore": 1085.8850907923672, "initialConfidence": 40.779977922070586, "updatedScore": 1081.0754780598895, "updatedConfidence": 40.380745517614734, "teamId": 99999}, {"id": 38421571, "state": 2, "submissionId": 19519164, "reward": 20014, "index": 2, "initialScore": 1138.4583583248811, "initialConfidence": 58.37677557971266, "updatedScore": 1133.9178269371405, "updatedConfidence": 57.1517338917794, "teamId": 99999}, {"id": 38421572, "state": 2, "submissionId": 19492496, "reward": 20015, "index": 3, "initialScore": 1164.6693751591722, "initialConfidence": 45.48276101183757, "updatedScore": 1168.203331669988, "updatedConfidence": 45.10917329121151, "teamId": 99999}]}