{"id": 17317542, "competitionId": 25401, "createTime": {"seconds": 1613263645}, "endTime": {"seconds": 1613263645}, "agents": [{"id": 38417787, "state": 2, "submissionId": 19463929, "reward": 7008, "index": 0, "initialScore": 1102.9955933907106, "initialConfidence": 40.98584040874955, "updatedScore": 1096.6593867977997, "updatedConfidence": 40.52877638189045, "teamId": 99999}, {"id": 38417788, "state": 2, "submissionId": 19533620, "reward": 20009, "index": 1, "initialScore": 1107.6741683810703, "initialConfidence": 57.05291732686398, "updatedScore": 1110.8229506375494, "updatedConfidence": 55.87659100167941, "teamId": 99999}, {"id": 38417789, "state": 2, "submissionId": 19530280, "reward": 20024, "index": 2, "initialScore": 1088.73775743255, "initialConfidence": 52.87309776988641, "updatedScore": 1098.9514563450564, "updatedConfidence": 51.91325817207943, "teamId": 99999}, {"id": 38417790, "state": 2, "submissionId": 19475982, "reward": 14317, "index": 3, "initialScore": 1074.21916930301, "initialConfidence": 39.4745557450748, "updatedScore": 1072.8962514456416, "updatedConfidence": 39.0777491821278, "teamId": 99999}]}