{"id": 17349300, "competitionId": 25401, "createTime": {"seconds": 1613275883}, "endTime": {"seconds": 1613275883}, "agents": [{"id": 38482573, "state": 2, "submissionId": 19517799, "reward": 20027, "index": 0, "initialScore": 1119.421356925263, "initialConfidence": 51.95895135436038, "updatedScore": 1126.9930331528865, "updatedConfidence": 51.1654914952822, "teamId": 99999}, {"id": 38482574, "state": 2, "submissionId": 19546060, "reward": 10511, "index": 1, "initialScore": 1078.9013771686966, "initialConfidence": 71.47030513927352, "updatedScore": 1072.5003442430802, "updatedConfidence": 69.36446051266174, "teamId": 99999}, {"id": 38482575, "state": 2, "submissionId": 19496074, "reward": 5608, "index": 2, "initialScore": 1003.6292362550234, "initialConfidence": 42.368362533211325, "updatedScore": 999.1532460127868, "updatedConfidence": 41.95809919329265, "teamId": 99999}, {"id": 38482576, "state": 2, "submissionId": 19513732, "reward": 20016, "index": 3, "initialScore": 1086.8089743309813, "initialConfidence": 47.56037444576119, "updatedScore": 1088.9398015270383, "updatedConfidence": 46.92360483123339, "teamId": 99999}]}