{"id": 17359248, "competitionId": 25401, "createTime": {"seconds": 1613279725}, "endTime": {"seconds": 1613279725}, "agents": [{"id": 38502843, "state": 2, "submissionId": 19459423, "reward": 20013, "index": 0, "initialScore": 1127.6685581341103, "initialConfidence": 41.65283028171388, "updatedScore": 1129.1493541377895, "updatedConfidence": 41.19161000984736, "teamId": 99999}, {"id": 38502844, "state": 2, "submissionId": 19492528, "reward": 20012, "index": 1, "initialScore": 1066.1145604223343, "initialConfidence": 45.28859003553278, "updatedScore": 1065.0662409802671, "updatedConfidence": 44.70001050252645, "teamId": 99999}, {"id": 38502845, "state": 2, "submissionId": 19498578, "reward": 20025, "index": 2, "initialScore": 1107.934101328259, "initialConfidence": 45.10644741024444, "updatedScore": 1115.2524134613568, "updatedConfidence": 44.509639941659984, "teamId": 99999}, {"id": 38502846, "state": 2, "submissionId": 19517799, "reward": 11211, "index": 3, "initialScore": 1126.9930331528865, "initialConfidence": 51.1654914952822, "updatedScore": 1116.6802122915024, "updatedConfidence": 50.26363421892256, "teamId": 99999}]}