{"id": 17369827, "competitionId": 25401, "createTime": {"seconds": 1613283803}, "endTime": {"seconds": 1613283803}, "agents": [{"id": 38524413, "state": 2, "submissionId": 19459414, "reward": 18021, "index": 0, "initialScore": 1106.7303866085329, "initialConfidence": 36.37595232907362, "updatedScore": 1109.9091297440818, "updatedConfidence": 36.17362482996601, "teamId": 99999}, {"id": 38524414, "state": 2, "submissionId": 19519164, "reward": 18021, "index": 1, "initialScore": 1133.9178269371405, "initialConfidence": 57.1517338917794, "updatedScore": 1139.7456396751982, "updatedConfidence": 56.42893701348587, "teamId": 99999}, {"id": 38524415, "state": 2, "submissionId": 19539218, "reward": 9307, "index": 2, "initialScore": 1013.433757605005, "initialConfidence": 55.70239949936208, "updatedScore": 1006.454616102204, "updatedConfidence": 54.81454774606515, "teamId": 99999}, {"id": 38524416, "state": 2, "submissionId": 19425646, "reward": 9309, "index": 3, "initialScore": 1144.6769176631385, "initialConfidence": 37.51122504408863, "updatedScore": 1141.9511342823644, "updatedConfidence": 37.18400159865949, "teamId": 99999}]}