{"id": 17367957, "competitionId": 25401, "createTime": {"seconds": 1613283088}, "endTime": {"seconds": 1613283088}, "agents": [{"id": 38520595, "state": 2, "submissionId": 19477581, "reward": 7510, "index": 0, "initialScore": 1037.9489346090984, "initialConfidence": 41.80286765460783, "updatedScore": 1036.9998237129616, "updatedConfidence": 41.341926970747366, "teamId": 99999}, {"id": 38520596, "state": 2, "submissionId": 19530173, "reward": 7513, "index": 1, "initialScore": 1059.9562742775374, "initialConfidence": 51.8426106648152, "updatedScore": 1063.9164673514458, "updatedConfidence": 50.969156596688784, "teamId": 99999}, {"id": 38520597, "state": 2, "submissionId": 19507843, "reward": 6706, "index": 2, "initialScore": 1084.970715398316, "initialConfidence": 42.69802883516942, "updatedScore": 1078.098784940818, "updatedConfidence": 42.18066863225253, "teamId": 99999}, {"id": 38520598, "state": 2, "submissionId": 19487408, "reward": 7615, "index": 3, "initialScore": 1123.6646946219198, "initialConfidence": 43.47904265920715, "updatedScore": 1129.0315748884807, "updatedConfidence": 42.997631626238935, "teamId": 99999}]}