{"id": 17377917, "competitionId": 25401, "createTime": {"seconds": 1613286924}, "endTime": {"seconds": 1613286924}, "agents": [{"id": 38540913, "state": 2, "submissionId": 19533620, "reward": 20016, "index": 0, "initialScore": 1110.8229506375494, "initialConfidence": 55.87659100167941, "updatedScore": 1120.7674739421216, "updatedConfidence": 54.814764669756485, "teamId": 99999}, {"id": 38540914, "state": 2, "submissionId": 19517641, "reward": 6807, "index": 1, "initialScore": 1065.7042591389345, "initialConfidence": 48.52137364170525, "updatedScore": 1058.1274159700274, "updatedConfidence": 47.81872922633572, "teamId": 99999}, {"id": 38540915, "state": 2, "submissionId": 19522237, "reward": 17619, "index": 2, "initialScore": 1103.838166442291, "initialConfidence": 48.01624580791149, "updatedScore": 1100.4518345006538, "updatedConfidence": 47.30656193240435, "teamId": 99999}, {"id": 38540916, "state": 2, "submissionId": 19496016, "reward": 20015, "index": 3, "initialScore": 1070.735653618326, "initialConfidence": 41.72778320700523, "updatedScore": 1073.350820937206, "updatedConfidence": 41.25933606404333, "teamId": 99999}]}