{"id": 17382275, "competitionId": 25401, "createTime": {"seconds": 1613288605}, "endTime": {"seconds": 1613288605}, "agents": [{"id": 38549803, "state": 2, "submissionId": 19492639, "reward": 16915, "index": 0, "initialScore": 1077.2435377749434, "initialConfidence": 43.68594649549312, "updatedScore": 1079.797799663164, "updatedConfidence": 43.146126391526906, "teamId": 99999}, {"id": 38549804, "state": 2, "submissionId": 19513042, "reward": 16612, "index": 1, "initialScore": 1027.1148619840349, "initialConfidence": 44.05846441760396, "updatedScore": 1026.7068387105153, "updatedConfidence": 43.50942628610149, "teamId": 99999}, {"id": 38549805, "state": 2, "submissionId": 19469854, "reward": 16922, "index": 2, "initialScore": 1103.266118836266, "initialConfidence": 40.347263182035576, "updatedScore": 1108.6659536305351, "updatedConfidence": 39.932784089131886, "teamId": 99999}, {"id": 38549806, "state": 2, "submissionId": 19487408, "reward": 4106, "index": 3, "initialScore": 1129.0315748884807, "initialConfidence": 42.997631626238935, "updatedScore": 1120.813225895134, "updatedConfidence": 42.42970188122338, "teamId": 99999}]}