{"id": 17390993, "competitionId": 25401, "createTime": {"seconds": 1613291966}, "endTime": {"seconds": 1613291966}, "agents": [{"id": 38567593, "state": 2, "submissionId": 19519164, "reward": 19025, "index": 0, "initialScore": 1139.7456396751982, "initialConfidence": 56.42893701348587, "updatedScore": 1148.2979644804564, "updatedConfidence": 55.437215432372255, "teamId": 99999}, {"id": 38567594, "state": 2, "submissionId": 19512070, "reward": 7208, "index": 1, "initialScore": 1035.1859995575337, "initialConfidence": 48.608899612036005, "updatedScore": 1028.6836224526512, "updatedConfidence": 47.964083313685336, "teamId": 99999}, {"id": 38567595, "state": 2, "submissionId": 19554727, "reward": 13114, "index": 2, "initialScore": 1079.2985570938774, "initialConfidence": 75.3197535416465, "updatedScore": 1073.2603039457397, "updatedConfidence": 72.86181637817901, "teamId": 99999}, {"id": 38567596, "state": 2, "submissionId": 19414005, "reward": 19016, "index": 3, "initialScore": 1088.204426100952, "initialConfidence": 38.38411995400498, "updatedScore": 1089.87000903499, "updatedConfidence": 38.04592606970405, "teamId": 99999}]}