{"id": 17405306, "competitionId": 25401, "createTime": {"seconds": 1613297485}, "endTime": {"seconds": 1613297485}, "agents": [{"id": 38596781, "state": 2, "submissionId": 19484135, "reward": 14011, "index": 0, "initialScore": 1111.142343641193, "initialConfidence": 41.67912870532468, "updatedScore": 1108.527698198944, "updatedConfidence": 41.18859429882609, "teamId": 99999}, {"id": 38596782, "state": 2, "submissionId": 19487408, "reward": 20019, "index": 1, "initialScore": 1120.813225895134, "initialConfidence": 42.42970188122338, "updatedScore": 1123.9483955056655, "updatedConfidence": 42.07837903363853, "teamId": 99999}, {"id": 38596783, "state": 2, "submissionId": 19480927, "reward": 12815, "index": 2, "initialScore": 1112.4391312721737, "initialConfidence": 39.69200859502659, "updatedScore": 1106.2069030997409, "updatedConfidence": 39.26710691889855, "teamId": 99999}, {"id": 38596784, "state": 2, "submissionId": 19536140, "reward": 20019, "index": 3, "initialScore": 1031.4580094804992, "initialConfidence": 53.737998866985066, "updatedScore": 1042.198995694493, "updatedConfidence": 52.952440130126526, "teamId": 99999}]}