{"id": 17432695, "competitionId": 25401, "createTime": {"seconds": 1613308051}, "endTime": {"seconds": 1613308051}, "agents": [{"id": 38652655, "state": 2, "submissionId": 19496016, "reward": 20019, "index": 0, "initialScore": 1074.0711678201471, "initialConfidence": 40.84655102596808, "updatedScore": 1076.1115181156997, "updatedConfidence": 40.41837068498666, "teamId": 99999}, {"id": 38652656, "state": 2, "submissionId": 19517799, "reward": 20021, "index": 1, "initialScore": 1116.6802122915024, "initialConfidence": 50.26363421892256, "updatedScore": 1124.027019152241, "updatedConfidence": 49.51341534740974, "teamId": 99999}, {"id": 38652657, "state": 2, "submissionId": 19483334, "reward": 11214, "index": 2, "initialScore": 1091.630419045263, "initialConfidence": 42.17032916594346, "updatedScore": 1086.422723508222, "updatedConfidence": 41.82867163537765, "teamId": 99999}, {"id": 38652658, "state": 2, "submissionId": 19425356, "reward": 11214, "index": 3, "initialScore": 1012.6821141642796, "initialConfidence": 35.0, "updatedScore": 1011.2090803843404, "updatedConfidence": 35.0, "teamId": 99999}]}