{"id": 17446385, "competitionId": 25401, "createTime": {"seconds": 1613313328}, "endTime": {"seconds": 1613313328}, "agents": [{"id": 38680569, "state": 2, "submissionId": 19558994, "reward": 14813, "index": 0, "initialScore": 1112.847473502756, "initialConfidence": 82.3307649060186, "updatedScore": 1104.6416528959692, "updatedConfidence": 79.10315000041821, "teamId": 99999}, {"id": 38680570, "state": 2, "submissionId": 19439763, "reward": 18224, "index": 1, "initialScore": 1107.554545379939, "initialConfidence": 40.87511332186455, "updatedScore": 1113.5229441590277, "updatedConfidence": 40.44223285569904, "teamId": 99999}, {"id": 38680571, "state": 2, "submissionId": 19519164, "reward": 18117, "index": 2, "initialScore": 1148.2979644804564, "initialConfidence": 55.437215432372255, "updatedScore": 1149.801805382688, "updatedConfidence": 54.41817671763703, "teamId": 99999}, {"id": 38680572, "state": 2, "submissionId": 19497736, "reward": 9309, "index": 3, "initialScore": 1064.1548418036452, "initialConfidence": 41.05767270842922, "updatedScore": 1059.3488706345056, "updatedConfidence": 40.66068199763595, "teamId": 99999}]}