{"id": 17449507, "competitionId": 25401, "createTime": {"seconds": 1613314527}, "endTime": {"seconds": 1613314527}, "agents": [{"id": 38686953, "state": 2, "submissionId": 19403219, "reward": 20015, "index": 0, "initialScore": 1053.8198766996031, "initialConfidence": 38.48097277424178, "updatedScore": 1056.513980309966, "updatedConfidence": 38.10686269914503, "teamId": 99999}, {"id": 38686954, "state": 2, "submissionId": 19479904, "reward": 8114, "index": 1, "initialScore": 1074.0066525342534, "initialConfidence": 38.33242537336536, "updatedScore": 1069.0359920510998, "updatedConfidence": 37.97294493205241, "teamId": 99999}, {"id": 38686955, "state": 2, "submissionId": 19517799, "reward": 20023, "index": 2, "initialScore": 1124.027019152241, "initialConfidence": 49.51341534740974, "updatedScore": 1131.4266553786017, "updatedConfidence": 48.78279844397103, "teamId": 99999}, {"id": 38686956, "state": 2, "submissionId": 19514641, "reward": 15613, "index": 3, "initialScore": 1103.3210722015824, "initialConfidence": 47.79148249293514, "updatedScore": 1099.9981575718389, "updatedConfidence": 47.07914801116166, "teamId": 99999}]}