{"id": 17442029, "competitionId": 25401, "createTime": {"seconds": 1613311648}, "endTime": {"seconds": 1613311648}, "agents": [{"id": 38671689, "state": 2, "submissionId": 19459835, "reward": 20022, "index": 0, "initialScore": 1089.7342163101696, "initialConfidence": 36.90396268248912, "updatedScore": 1094.6815324125992, "updatedConfidence": 36.572522962103605, "teamId": 99999}, {"id": 38671690, "state": 2, "submissionId": 19533620, "reward": 15211, "index": 1, "initialScore": 1120.7674739421216, "initialConfidence": 54.814764669756485, "updatedScore": 1115.4301437951117, "updatedConfidence": 53.68564302131434, "teamId": 99999}, {"id": 38671691, "state": 2, "submissionId": 19421482, "reward": 20018, "index": 2, "initialScore": 1033.1909188866596, "initialConfidence": 35.0, "updatedScore": 1035.9004628302423, "updatedConfidence": 35.0, "teamId": 99999}, {"id": 38671692, "state": 2, "submissionId": 19463929, "reward": 7409, "index": 3, "initialScore": 1112.2090715715024, "initialConfidence": 38.96875300486003, "updatedScore": 1106.031293630971, "updatedConfidence": 38.55924940485322, "teamId": 99999}]}