{"id": 17451376, "competitionId": 25401, "createTime": {"seconds": 1613315249}, "endTime": {"seconds": 1613315249}, "agents": [{"id": 38690769, "state": 2, "submissionId": 19514641, "reward": 14916, "index": 0, "initialScore": 1099.9981575718389, "initialConfidence": 47.07914801116166, "updatedScore": 1104.16854931093, "updatedConfidence": 46.3912535471073, "teamId": 99999}, {"id": 38690770, "state": 2, "submissionId": 19482709, "reward": 11615, "index": 1, "initialScore": 1088.2901143010547, "initialConfidence": 41.7514607158361, "updatedScore": 1083.3733786299483, "updatedConfidence": 41.33114971416675, "teamId": 99999}, {"id": 38690771, "state": 2, "submissionId": 19519164, "reward": 15015, "index": 2, "initialScore": 1149.801805382688, "initialConfidence": 54.41817671763703, "updatedScore": 1159.8480750451863, "updatedConfidence": 53.41499351627201, "teamId": 99999}, {"id": 38690772, "state": 2, "submissionId": 19476680, "reward": 14912, "index": 3, "initialScore": 1211.7926005974518, "initialConfidence": 47.40182197725408, "updatedScore": 1206.2797615867948, "updatedConfidence": 46.70816853535814, "teamId": 99999}]}