{"id": 17463206, "competitionId": 25401, "createTime": {"seconds": 1613319776}, "endTime": {"seconds": 1613319776}, "agents": [{"id": 38714907, "state": 2, "submissionId": 19533620, "reward": 20004, "index": 0, "initialScore": 1115.4301437951117, "initialConfidence": 53.68564302131434, "updatedScore": 1116.1157931047323, "updatedConfidence": 52.762098264470495, "teamId": 99999}, {"id": 38714908, "state": 2, "submissionId": 19492480, "reward": 20026, "index": 1, "initialScore": 1060.5444326114052, "initialConfidence": 41.91545776368788, "updatedScore": 1066.7923521292814, "updatedConfidence": 41.44011053034143, "teamId": 99999}, {"id": 38714909, "state": 2, "submissionId": 19490532, "reward": 14419, "index": 2, "initialScore": 1000.977188739937, "initialConfidence": 37.58861234084045, "updatedScore": 1000.5643287715149, "updatedConfidence": 37.26637104237904, "teamId": 99999}, {"id": 38714910, "state": 2, "submissionId": 19526378, "reward": 7807, "index": 3, "initialScore": 1049.5243715075007, "initialConfidence": 48.72694680995194, "updatedScore": 1041.20976789546, "updatedConfidence": 47.98783749980042, "teamId": 99999}]}