{"id": 17464448, "competitionId": 25401, "createTime": {"seconds": 1613320257}, "endTime": {"seconds": 1613320257}, "agents": [{"id": 38717435, "state": 2, "submissionId": 19545871, "reward": 20022, "index": 0, "initialScore": 1168.4633130340258, "initialConfidence": 66.19513376843267, "updatedScore": 1180.2946385382618, "updatedConfidence": 64.58277562941548, "teamId": 99999}, {"id": 38717436, "state": 2, "submissionId": 19487408, "reward": 15718, "index": 1, "initialScore": 1123.9483955056655, "initialConfidence": 42.07837903363853, "updatedScore": 1121.5325361040725, "updatedConfidence": 41.593085811560975, "teamId": 99999}, {"id": 38717437, "state": 2, "submissionId": 19514892, "reward": 20018, "index": 2, "initialScore": 1055.09445914827, "initialConfidence": 44.156054006415104, "updatedScore": 1059.4551298820668, "updatedConfidence": 43.59891623241069, "teamId": 99999}, {"id": 38717438, "state": 2, "submissionId": 19469854, "reward": 10212, "index": 3, "initialScore": 1111.234547364364, "initialConfidence": 39.50029507752237, "updatedScore": 1105.660952567319, "updatedConfidence": 39.10306436469261, "teamId": 99999}]}