{"id": 17475018, "competitionId": 25401, "createTime": {"seconds": 1613324339}, "endTime": {"seconds": 1613324339}, "agents": [{"id": 38738975, "state": 2, "submissionId": 19551906, "reward": 11712, "index": 0, "initialScore": 1017.4033079122358, "initialConfidence": 63.768488662609904, "updatedScore": 1016.20148360593, "updatedConfidence": 62.26334424684861, "teamId": 99999}, {"id": 38738976, "state": 2, "submissionId": 19467158, "reward": 15917, "index": 1, "initialScore": 1097.222450100046, "initialConfidence": 38.372091039384905, "updatedScore": 1098.4196914811882, "updatedConfidence": 38.03239594751916, "teamId": 99999}, {"id": 38738977, "state": 2, "submissionId": 19522053, "reward": 5612, "index": 2, "initialScore": 1060.69290164947, "initialConfidence": 48.89222023122935, "updatedScore": 1052.662750708636, "updatedConfidence": 48.164290793158976, "teamId": 99999}, {"id": 38738978, "state": 2, "submissionId": 19487408, "reward": 15922, "index": 3, "initialScore": 1121.5325361040725, "initialConfidence": 41.593085811560975, "updatedScore": 1126.448634086748, "updatedConfidence": 41.174834003025545, "teamId": 99999}]}