{"id": 17481255, "competitionId": 25401, "createTime": {"seconds": 1613326740}, "endTime": {"seconds": 1613326740}, "agents": [{"id": 38751723, "state": 2, "submissionId": 19518244, "reward": 12616, "index": 0, "initialScore": 1074.7152499542876, "initialConfidence": 51.237921663414674, "updatedScore": 1066.218989588161, "updatedConfidence": 50.40402334269291, "teamId": 99999}, {"id": 38751724, "state": 2, "submissionId": 19480927, "reward": 20009, "index": 1, "initialScore": 1106.2069030997409, "initialConfidence": 39.26710691889855, "updatedScore": 1104.0595502797703, "updatedConfidence": 38.87409722475817, "teamId": 99999}, {"id": 38751725, "state": 2, "submissionId": 19479042, "reward": 20015, "index": 2, "initialScore": 1073.4619363776956, "initialConfidence": 37.60029776814007, "updatedScore": 1075.7341260452893, "updatedConfidence": 37.25523698332312, "teamId": 99999}, {"id": 38751726, "state": 2, "submissionId": 19517799, "reward": 20022, "index": 3, "initialScore": 1131.4266553786017, "initialConfidence": 48.78279844397103, "updatedScore": 1138.6177262893443, "updatedConfidence": 48.08365462759152, "teamId": 99999}]}