{"id": 17489353, "competitionId": 25401, "createTime": {"seconds": 1613329859}, "endTime": {"seconds": 1613329859}, "agents": [{"id": 38768253, "state": 2, "submissionId": 19469822, "reward": 14517, "index": 0, "initialScore": 1099.6950499325328, "initialConfidence": 40.907006808238464, "updatedScore": 1102.032031913776, "updatedConfidence": 40.45071873309228, "teamId": 99999}, {"id": 38768254, "state": 2, "submissionId": 19498578, "reward": 14619, "index": 1, "initialScore": 1107.7692435627223, "initialConfidence": 42.90328118295737, "updatedScore": 1114.5201902744775, "updatedConfidence": 42.38200332160952, "teamId": 99999}, {"id": 38768255, "state": 2, "submissionId": 19517799, "reward": 14512, "index": 2, "initialScore": 1138.6177262893443, "initialConfidence": 48.08365462759152, "updatedScore": 1134.7114324824254, "updatedConfidence": 47.3484994445053, "teamId": 99999}, {"id": 38768256, "state": 2, "submissionId": 19500901, "reward": 6814, "index": 3, "initialScore": 1096.4773590668042, "initialConfidence": 43.86901576505984, "updatedScore": 1089.9829160751478, "updatedConfidence": 43.33182660266242, "teamId": 99999}]}