{"id": 17497446, "competitionId": 25401, "createTime": {"seconds": 1613332973}, "endTime": {"seconds": 1613332973}, "agents": [{"id": 38784757, "state": 2, "submissionId": 19513796, "reward": 7211, "index": 0, "initialScore": 1004.387395609729, "initialConfidence": 48.25897991871452, "updatedScore": 1003.7622598987964, "updatedConfidence": 47.586799958426376, "teamId": 99999}, {"id": 38784758, "state": 2, "submissionId": 19533620, "reward": 20008, "index": 1, "initialScore": 1116.1157931047323, "initialConfidence": 52.762098264470495, "updatedScore": 1116.972815532501, "updatedConfidence": 51.88943894009586, "teamId": 99999}, {"id": 38784759, "state": 2, "submissionId": 19506793, "reward": 6715, "index": 2, "initialScore": 1053.321194990499, "initialConfidence": 40.38124902050753, "updatedScore": 1047.615568258965, "updatedConfidence": 39.960422246359286, "teamId": 99999}, {"id": 38784760, "state": 2, "submissionId": 19536140, "reward": 20033, "index": 3, "initialScore": 1068.8476541636203, "initialConfidence": 50.34892472609345, "updatedScore": 1077.617700575994, "updatedConfidence": 49.54275273178707, "teamId": 99999}]}