{"id": 17514277, "competitionId": 25401, "createTime": {"seconds": 1613339457}, "endTime": {"seconds": 1613339457}, "agents": [{"id": 38819137, "state": 2, "submissionId": 19487408, "reward": 5907, "index": 0, "initialScore": 1126.448634086748, "initialConfidence": 41.174834003025545, "updatedScore": 1118.8915780620318, "updatedConfidence": 40.68075632809597, "teamId": 99999}, {"id": 38819138, "state": 2, "submissionId": 19545948, "reward": 5909, "index": 1, "initialScore": 1028.2303642460502, "initialConfidence": 60.952094824800064, "updatedScore": 1027.0436471931416, "updatedConfidence": 59.52723429619089, "teamId": 99999}, {"id": 38819139, "state": 2, "submissionId": 19537603, "reward": 16422, "index": 2, "initialScore": 1080.837464937287, "initialConfidence": 50.96339220034743, "updatedScore": 1090.0867463883687, "updatedConfidence": 50.1164331716376, "teamId": 99999}, {"id": 38819140, "state": 2, "submissionId": 19460040, "reward": 16418, "index": 3, "initialScore": 1079.0321582851584, "initialConfidence": 40.15599944307771, "updatedScore": 1080.9925475835316, "updatedConfidence": 39.73674806225923, "teamId": 99999}]}