{"id": 17513653, "competitionId": 25401, "createTime": {"seconds": 1613339213}, "endTime": {"seconds": 1613339213}, "agents": [{"id": 38817863, "state": 2, "submissionId": 19519164, "reward": 11710, "index": 0, "initialScore": 1159.8480750451863, "initialConfidence": 53.41499351627201, "updatedScore": 1167.8873398734097, "updatedConfidence": 52.54071045215322, "teamId": 99999}, {"id": 38817864, "state": 2, "submissionId": 19492480, "reward": 11617, "index": 1, "initialScore": 1060.6661211972205, "initialConfidence": 40.97184991165437, "updatedScore": 1064.1677299670994, "updatedConfidence": 40.52717519655411, "teamId": 99999}, {"id": 38817865, "state": 2, "submissionId": 19517799, "reward": 11607, "index": 2, "initialScore": 1134.7114324824254, "initialConfidence": 47.3484994445053, "updatedScore": 1131.1269264048904, "updatedConfidence": 46.66204009843469, "teamId": 99999}, {"id": 38817866, "state": 2, "submissionId": 19529469, "reward": 9512, "index": 3, "initialScore": 1095.6345476730114, "initialConfidence": 53.83335822451624, "updatedScore": 1086.0574274257513, "updatedConfidence": 52.87121036650749, "teamId": 99999}]}