{"id": 17527372, "competitionId": 25401, "createTime": {"seconds": 1613344496}, "endTime": {"seconds": 1613344496}, "agents": [{"id": 38845887, "state": 2, "submissionId": 19517799, "reward": 20020, "index": 0, "initialScore": 1131.1269264048904, "initialConfidence": 46.66204009843469, "updatedScore": 1135.9585467873349, "updatedConfidence": 46.15043785743474, "teamId": 99999}, {"id": 38845888, "state": 2, "submissionId": 19476806, "reward": 11916, "index": 1, "initialScore": 1042.945259197559, "initialConfidence": 37.83338035341036, "updatedScore": 1037.8124353797136, "updatedConfidence": 37.49239833090861, "teamId": 99999}, {"id": 38845889, "state": 2, "submissionId": 19563810, "reward": 20019, "index": 2, "initialScore": 1001.6710222234066, "initialConfidence": 76.4284053717386, "updatedScore": 1011.940222304515, "updatedConfidence": 73.867533206468, "teamId": 99999}, {"id": 38845890, "state": 2, "submissionId": 19551573, "reward": 14815, "index": 3, "initialScore": 994.9411723221344, "initialConfidence": 61.396575908388925, "updatedScore": 993.4668714720266, "updatedConfidence": 60.044718922189205, "teamId": 99999}]}