{"id": 17567290, "competitionId": 25401, "createTime": {"seconds": 1613359862}, "endTime": {"seconds": 1613359862}, "agents": [{"id": 38927471, "state": 2, "submissionId": 19371350, "reward": 9812, "index": 0, "initialScore": 1038.4278724202768, "initialConfidence": 35.0, "updatedScore": 1034.2795499128513, "updatedConfidence": 35.0, "teamId": 99999}, {"id": 38927472, "state": 2, "submissionId": 19524088, "reward": 16715, "index": 1, "initialScore": 1008.449957605956, "initialConfidence": 45.89113241905477, "updatedScore": 1007.5064206108336, "updatedConfidence": 45.30275033634641, "teamId": 99999}, {"id": 38927473, "state": 2, "submissionId": 19487408, "reward": 16716, "index": 2, "initialScore": 1118.8915780620318, "initialConfidence": 40.68075632809597, "updatedScore": 1119.1221645463115, "updatedConfidence": 40.27227159825425, "teamId": 99999}, {"id": 38927474, "state": 2, "submissionId": 19538581, "reward": 16814, "index": 3, "initialScore": 1049.4314916604103, "initialConfidence": 51.30014303028078, "updatedScore": 1059.1558410853863, "updatedConfidence": 50.41529775123245, "teamId": 99999}]}