{"id": 17566668, "competitionId": 25401, "createTime": {"seconds": 1613359620}, "endTime": {"seconds": 1613359620}, "agents": [{"id": 38926203, "state": 2, "submissionId": 19483334, "reward": 20019, "index": 0, "initialScore": 1082.1519633334044, "initialConfidence": 40.943893756021794, "updatedScore": 1088.6842340767796, "updatedConfidence": 40.47879044121921, "teamId": 99999}, {"id": 38926204, "state": 2, "submissionId": 19472943, "reward": 20017, "index": 1, "initialScore": 1103.996303263596, "initialConfidence": 39.84982846821381, "updatedScore": 1101.886800719278, "updatedConfidence": 39.42318507080706, "teamId": 99999}, {"id": 38926205, "state": 2, "submissionId": 19504303, "reward": 20018, "index": 2, "initialScore": 1088.7677265350233, "initialConfidence": 45.13828133249434, "updatedScore": 1091.5309356134544, "updatedConfidence": 44.52135296788106, "teamId": 99999}, {"id": 38926206, "state": 2, "submissionId": 19533620, "reward": 10111, "index": 3, "initialScore": 1116.972815532501, "initialConfidence": 51.88943894009586, "updatedScore": 1106.4062985078417, "updatedConfidence": 50.94698522195083, "teamId": 99999}]}