{"id": 17578513, "competitionId": 25401, "createTime": {"seconds": 1613364180}, "endTime": {"seconds": 1613364180}, "agents": [{"id": 38950403, "state": 2, "submissionId": 19496016, "reward": 20016, "index": 0, "initialScore": 1075.9746551197322, "initialConfidence": 39.14176119787073, "updatedScore": 1079.4028227219164, "updatedConfidence": 38.749516349767, "teamId": 99999}, {"id": 38950404, "state": 2, "submissionId": 19545871, "reward": 8711, "index": 1, "initialScore": 1191.0579318368896, "initialConfidence": 61.57990765891466, "updatedScore": 1173.8944220025212, "updatedConfidence": 59.94824164160713, "teamId": 99999}, {"id": 38950405, "state": 2, "submissionId": 19484204, "reward": 13617, "index": 2, "initialScore": 1103.0324574025617, "initialConfidence": 42.29744136213657, "updatedScore": 1101.8510166911617, "updatedConfidence": 41.80059909749452, "teamId": 99999}, {"id": 38950406, "state": 2, "submissionId": 19519164, "reward": 20027, "index": 3, "initialScore": 1175.488540880047, "initialConfidence": 51.72038576279611, "updatedScore": 1183.3768725989498, "updatedConfidence": 50.91333681656918, "teamId": 99999}]}