{"id": 17572901, "competitionId": 25401, "createTime": {"seconds": 1613362021}, "endTime": {"seconds": 1613362021}, "agents": [{"id": 38938935, "state": 2, "submissionId": 19529448, "reward": 14811, "index": 0, "initialScore": 1065.2635307458336, "initialConfidence": 47.80212145058964, "updatedScore": 1069.9488138603867, "updatedConfidence": 47.105886870266666, "teamId": 99999}, {"id": 38938936, "state": 2, "submissionId": 19365448, "reward": 5909, "index": 1, "initialScore": 1070.3738528533074, "initialConfidence": 35.0, "updatedScore": 1066.8406909109, "updatedConfidence": 35.0, "teamId": 99999}, {"id": 38938937, "state": 2, "submissionId": 19538222, "reward": 9608, "index": 2, "initialScore": 1160.4780719237929, "initialConfidence": 57.28086230361614, "updatedScore": 1154.179240746914, "updatedConfidence": 56.09481810440488, "teamId": 99999}, {"id": 38938938, "state": 2, "submissionId": 19519164, "reward": 14925, "index": 3, "initialScore": 1167.8873398734097, "initialConfidence": 52.54071045215322, "updatedScore": 1175.488540880047, "updatedConfidence": 51.72038576279611, "teamId": 99999}]}