{"id": 17580377, "competitionId": 25401, "createTime": {"seconds": 1613364902}, "endTime": {"seconds": 1613364902}, "agents": [{"id": 38954197, "state": 2, "submissionId": 19483334, "reward": 20017, "index": 0, "initialScore": 1087.1518765583455, "initialConfidence": 39.66087108079922, "updatedScore": 1089.4973218977232, "updatedConfidence": 39.25016618769734, "teamId": 99999}, {"id": 38954198, "state": 2, "submissionId": 19487408, "reward": 20030, "index": 1, "initialScore": 1119.1221645463115, "initialConfidence": 40.27227159825425, "updatedScore": 1124.5757467335322, "updatedConfidence": 39.85660463833471, "teamId": 99999}, {"id": 38954199, "state": 2, "submissionId": 19530875, "reward": 11314, "index": 2, "initialScore": 1122.127711817783, "initialConfidence": 49.43063072773625, "updatedScore": 1118.411920925729, "updatedConfidence": 48.64214142629105, "teamId": 99999}, {"id": 38954200, "state": 2, "submissionId": 19527395, "reward": 7910, "index": 3, "initialScore": 1087.8057382023844, "initialConfidence": 46.74690615480552, "updatedScore": 1080.5224798783518, "updatedConfidence": 46.10195687515538, "teamId": 99999}]}