{"id": 17584745, "competitionId": 25401, "createTime": {"seconds": 1613366579}, "endTime": {"seconds": 1613366579}, "agents": [{"id": 38963127, "state": 2, "submissionId": 19556071, "reward": 20016, "index": 0, "initialScore": 1163.0739685153706, "initialConfidence": 68.95264851100809, "updatedScore": 1177.494165254068, "updatedConfidence": 67.0725850337772, "teamId": 99999}, {"id": 38963128, "state": 2, "submissionId": 19530552, "reward": 17217, "index": 1, "initialScore": 1110.6553900255094, "initialConfidence": 51.85229034789812, "updatedScore": 1102.0855868923854, "updatedConfidence": 51.02289505961412, "teamId": 99999}, {"id": 38963129, "state": 2, "submissionId": 19519164, "reward": 20012, "index": 2, "initialScore": 1183.3768725989498, "initialConfidence": 50.91333681656918, "updatedScore": 1184.460707121776, "updatedConfidence": 50.16275058813272, "teamId": 99999}, {"id": 38963130, "state": 2, "submissionId": 19554879, "reward": 17221, "index": 3, "initialScore": 1074.8704129868124, "initialConfidence": 58.39705554666167, "updatedScore": 1073.97110855569, "updatedConfidence": 57.27203103616707, "teamId": 99999}]}