{"id": 17597833, "competitionId": 25401, "createTime": {"seconds": 1613371622}, "endTime": {"seconds": 1613371622}, "agents": [{"id": 38989859, "state": 2, "submissionId": 19498562, "reward": 12816, "index": 0, "initialScore": 1079.0429282363011, "initialConfidence": 40.24218079998282, "updatedScore": 1079.1016483889466, "updatedConfidence": 39.94729649803509, "teamId": 99999}, {"id": 38989860, "state": 2, "submissionId": 19517799, "reward": 12816, "index": 1, "initialScore": 1135.9585467873349, "initialConfidence": 46.15043785743474, "updatedScore": 1133.3402844733316, "updatedConfidence": 45.71716817038422, "teamId": 99999}, {"id": 38989861, "state": 2, "submissionId": 19554669, "reward": 12915, "index": 2, "initialScore": 1019.1419371430704, "initialConfidence": 62.15744400561267, "updatedScore": 1036.4490640559477, "updatedConfidence": 60.47805428663007, "teamId": 99999}, {"id": 38989862, "state": 2, "submissionId": 19482408, "reward": 5912, "index": 3, "initialScore": 1051.2804590590154, "initialConfidence": 36.853207894583385, "updatedScore": 1046.8168103132773, "updatedConfidence": 36.54142804724596, "teamId": 99999}]}