{"id": 17602813, "competitionId": 25401, "createTime": {"seconds": 1613373545}, "endTime": {"seconds": 1613373545}, "agents": [{"id": 39000019, "state": 2, "submissionId": 19533620, "reward": 18919, "index": 0, "initialScore": 1106.4062985078417, "initialConfidence": 50.94698522195083, "updatedScore": 1101.6875175383143, "updatedConfidence": 50.07817434420808, "teamId": 99999}, {"id": 39000020, "state": 2, "submissionId": 19513003, "reward": 20015, "index": 1, "initialScore": 1070.4313226436184, "initialConfidence": 44.27150391909869, "updatedScore": 1072.7754382174005, "updatedConfidence": 43.695219951382526, "teamId": 99999}, {"id": 39000021, "state": 2, "submissionId": 19488679, "reward": 12209, "index": 2, "initialScore": 1055.788510058645, "initialConfidence": 36.80893377451913, "updatedScore": 1051.1950047943888, "updatedConfidence": 36.492728174436586, "teamId": 99999}, {"id": 39000022, "state": 2, "submissionId": 19553474, "reward": 20019, "index": 3, "initialScore": 1042.5901931365277, "initialConfidence": 58.53375740309752, "updatedScore": 1056.3371198864988, "updatedConfidence": 57.187010381978574, "teamId": 99999}]}