{"id": 17632122, "competitionId": 25401, "createTime": {"seconds": 1613384827}, "endTime": {"seconds": 1613384827}, "agents": [{"id": 39059907, "state": 2, "submissionId": 19556071, "reward": 11914, "index": 0, "initialScore": 1158.6891741835373, "initialConfidence": 65.0235168805955, "updatedScore": 1142.5102740583322, "updatedConfidence": 63.2381683870955, "teamId": 99999}, {"id": 39059908, "state": 2, "submissionId": 19483380, "reward": 20021, "index": 1, "initialScore": 1149.091231446483, "initialConfidence": 40.58903894628664, "updatedScore": 1154.767102589989, "updatedConfidence": 40.16631608244639, "teamId": 99999}, {"id": 39059909, "state": 2, "submissionId": 19514384, "reward": 11916, "index": 2, "initialScore": 1153.5935749975806, "initialConfidence": 49.708658062357486, "updatedScore": 1150.013969483468, "updatedConfidence": 48.89993038362671, "teamId": 99999}, {"id": 39059910, "state": 2, "submissionId": 19533620, "reward": 20004, "index": 3, "initialScore": 1101.6875175383143, "initialConfidence": 50.07817434420808, "updatedScore": 1106.276902657647, "updatedConfidence": 49.255812390330185, "teamId": 99999}]}