{"id": 17633989, "competitionId": 25401, "createTime": {"seconds": 1613385546}, "endTime": {"seconds": 1613385546}, "agents": [{"id": 39063715, "state": 2, "submissionId": 19487408, "reward": 20022, "index": 0, "initialScore": 1124.5757467335322, "initialConfidence": 39.85660463833471, "updatedScore": 1130.9822925825777, "updatedConfidence": 39.42708458670244, "teamId": 99999}, {"id": 39063716, "state": 2, "submissionId": 19537563, "reward": 20020, "index": 1, "initialScore": 1175.14661854511, "initialConfidence": 57.170181469182175, "updatedScore": 1177.5465210450884, "updatedConfidence": 55.98480308527911, "teamId": 99999}, {"id": 39063717, "state": 2, "submissionId": 19545871, "reward": 17118, "index": 2, "initialScore": 1173.8944220025212, "initialConfidence": 59.94824164160713, "updatedScore": 1168.215378728769, "updatedConfidence": 58.58589787362977, "teamId": 99999}, {"id": 39063718, "state": 2, "submissionId": 19507515, "reward": 11113, "index": 3, "initialScore": 1125.1914620233954, "initialConfidence": 42.80330554750161, "updatedScore": 1119.3525131790316, "updatedConfidence": 42.323401412800855, "teamId": 99999}]}