{"id": 17646460, "competitionId": 25401, "createTime": {"seconds": 1613390345}, "endTime": {"seconds": 1613390345}, "agents": [{"id": 39089199, "state": 2, "submissionId": 19533620, "reward": 20019, "index": 0, "initialScore": 1106.276902657647, "initialConfidence": 49.255812390330185, "updatedScore": 1111.2633379425836, "updatedConfidence": 48.68617138154946, "teamId": 99999}, {"id": 39089200, "state": 2, "submissionId": 19408425, "reward": 15414, "index": 1, "initialScore": 913.6269309523708, "initialConfidence": 35.0, "updatedScore": 910.932879669686, "updatedConfidence": 35.0, "teamId": 99999}, {"id": 39089201, "state": 2, "submissionId": 19559883, "reward": 20018, "index": 2, "initialScore": 1023.346881356032, "initialConfidence": 69.19668569379402, "updatedScore": 1027.5562421991565, "updatedConfidence": 67.4325235862877, "teamId": 99999}, {"id": 39089202, "state": 2, "submissionId": 19567423, "reward": 20017, "index": 3, "initialScore": 977.2837663948552, "initialConfidence": 69.69731095656844, "updatedScore": 973.7124267697484, "updatedConfidence": 67.89533344167843, "teamId": 99999}]}