{"id": 17650198, "competitionId": 25401, "createTime": {"seconds": 1613391786}, "endTime": {"seconds": 1613391786}, "agents": [{"id": 39096831, "state": 2, "submissionId": 19435613, "reward": 9307, "index": 0, "initialScore": 1078.466963816331, "initialConfidence": 37.091396850049456, "updatedScore": 1074.4818285148276, "updatedConfidence": 36.78707523182759, "teamId": 99999}, {"id": 39096832, "state": 2, "submissionId": 19519164, "reward": 9312, "index": 1, "initialScore": 1184.460707121776, "initialConfidence": 50.16275058813272, "updatedScore": 1178.8097720835626, "updatedConfidence": 49.33126988441033, "teamId": 99999}, {"id": 39096833, "state": 2, "submissionId": 19459423, "reward": 20023, "index": 2, "initialScore": 1141.155334845942, "initialConfidence": 38.75908411458605, "updatedScore": 1142.5149409761918, "updatedConfidence": 38.36850132944416, "teamId": 99999}, {"id": 39096834, "state": 2, "submissionId": 19463891, "reward": 20026, "index": 3, "initialScore": 1092.2884343875148, "initialConfidence": 35.0, "updatedScore": 1097.47918619789, "updatedConfidence": 35.0, "teamId": 99999}]}