{"id": 17653939, "competitionId": 25401, "createTime": {"seconds": 1613393225}, "endTime": {"seconds": 1613393225}, "agents": [{"id": 39104475, "state": 2, "submissionId": 19533620, "reward": 20015, "index": 0, "initialScore": 1111.2633379425836, "initialConfidence": 48.68617138154946, "updatedScore": 1112.534738185832, "updatedConfidence": 47.99803967838469, "teamId": 99999}, {"id": 39104476, "state": 2, "submissionId": 19483334, "reward": 20016, "index": 1, "initialScore": 1089.4973218977232, "initialConfidence": 39.25016618769734, "updatedScore": 1094.6013238662104, "updatedConfidence": 38.87750417683981, "teamId": 99999}, {"id": 39104477, "state": 2, "submissionId": 19571848, "reward": 20014, "index": 2, "initialScore": 1075.404758326235, "initialConfidence": 74.19951492562075, "updatedScore": 1068.8065200769308, "updatedConfidence": 71.8312056594063, "teamId": 99999}, {"id": 39104478, "state": 2, "submissionId": 19534740, "reward": 20011, "index": 3, "initialScore": 1016.2864850825232, "initialConfidence": 51.52639689680312, "updatedScore": 1009.2482655629492, "updatedConfidence": 50.77034949410586, "teamId": 99999}]}