{"id": 17665785, "competitionId": 25401, "createTime": {"seconds": 1613397785}, "endTime": {"seconds": 1613397785}, "agents": [{"id": 39128679, "state": 2, "submissionId": 19541144, "reward": 18921, "index": 0, "initialScore": 1023.5069554338108, "initialConfidence": 44.97089164797045, "updatedScore": 1027.4884172320735, "updatedConfidence": 44.39523686830819, "teamId": 99999}, {"id": 39128680, "state": 2, "submissionId": 19495937, "reward": 10512, "index": 1, "initialScore": 1045.4117489096811, "initialConfidence": 40.28292352546197, "updatedScore": 1044.0919298220713, "updatedConfidence": 39.865876249876926, "teamId": 99999}, {"id": 39128681, "state": 2, "submissionId": 19517799, "reward": 19021, "index": 2, "initialScore": 1133.3402844733316, "initialConfidence": 45.71716817038422, "updatedScore": 1138.754307033549, "updatedConfidence": 45.185678961950565, "teamId": 99999}, {"id": 39128682, "state": 2, "submissionId": 19541598, "reward": 4908, "index": 3, "initialScore": 1079.4814567764956, "initialConfidence": 56.48943017085136, "updatedScore": 1067.5286325628524, "updatedConfidence": 55.31441921004684, "teamId": 99999}]}