{"id": 17714425, "competitionId": 25401, "createTime": {"seconds": 1613416503}, "endTime": {"seconds": 1613416503}, "agents": [{"id": 39228075, "state": 2, "submissionId": 19487408, "reward": 18818, "index": 0, "initialScore": 1130.9822925825777, "initialConfidence": 39.42708458670244, "updatedScore": 1132.4550117602123, "updatedConfidence": 39.00844782786463, "teamId": 99999}, {"id": 39228076, "state": 2, "submissionId": 19521616, "reward": 13123, "index": 1, "initialScore": 1109.6091200996618, "initialConfidence": 47.530913764318285, "updatedScore": 1107.1700247538668, "updatedConfidence": 46.803086797061866, "teamId": 99999}, {"id": 39228077, "state": 2, "submissionId": 19483380, "reward": 10910, "index": 2, "initialScore": 1154.767102589989, "initialConfidence": 40.16631608244639, "updatedScore": 1147.784918719604, "updatedConfidence": 39.70521866655842, "teamId": 99999}, {"id": 39228078, "state": 2, "submissionId": 19479042, "reward": 18821, "index": 3, "initialScore": 1072.9873863753833, "initialConfidence": 35.67388631203895, "updatedScore": 1078.66335091171, "updatedConfidence": 35.34600831870756, "teamId": 99999}]}