{"id": 17715050, "competitionId": 25401, "createTime": {"seconds": 1613416746}, "endTime": {"seconds": 1613416746}, "agents": [{"id": 39229355, "state": 2, "submissionId": 19477534, "reward": 19322, "index": 0, "initialScore": 1084.9475810388417, "initialConfidence": 35.0, "updatedScore": 1087.1020730660823, "updatedConfidence": 35.0, "teamId": 99999}, {"id": 39229356, "state": 2, "submissionId": 19519164, "reward": 19327, "index": 1, "initialScore": 1178.8097720835626, "initialConfidence": 49.33126988441033, "updatedScore": 1185.2240724264714, "updatedConfidence": 48.66727258583054, "teamId": 99999}, {"id": 39229357, "state": 2, "submissionId": 19425646, "reward": 7307, "index": 2, "initialScore": 1147.538724944842, "initialConfidence": 35.70161438273977, "updatedScore": 1142.3035698134163, "updatedConfidence": 35.392963557317124, "teamId": 99999}, {"id": 39229358, "state": 2, "submissionId": 19577489, "reward": 7313, "index": 3, "initialScore": 1063.1379388382352, "initialConfidence": 80.25719839787664, "updatedScore": 1061.2877225468362, "updatedConfidence": 77.20837375685494, "teamId": 99999}]}