{"id": 17723150, "competitionId": 25401, "createTime": {"seconds": 1613419862}, "endTime": {"seconds": 1613419862}, "agents": [{"id": 39245895, "state": 2, "submissionId": 19517799, "reward": 8617, "index": 0, "initialScore": 1138.754307033549, "initialConfidence": 45.185678961950565, "updatedScore": 1134.7282405309804, "updatedConfidence": 44.55899774334807, "teamId": 99999}, {"id": 39245896, "state": 2, "submissionId": 19460029, "reward": 15218, "index": 1, "initialScore": 1118.9143229674949, "initialConfidence": 35.55226239174307, "updatedScore": 1119.923037833574, "updatedConfidence": 35.24361535586898, "teamId": 99999}, {"id": 39245897, "state": 2, "submissionId": 19545948, "reward": 15219, "index": 2, "initialScore": 1022.322402773704, "initialConfidence": 53.94422943770434, "updatedScore": 1036.6572156609868, "updatedConfidence": 52.79483570533928, "teamId": 99999}, {"id": 39245898, "state": 2, "submissionId": 19530552, "reward": 8607, "index": 3, "initialScore": 1104.8216360166564, "initialConfidence": 50.22959602125199, "updatedScore": 1095.3546153510883, "updatedConfidence": 49.39893975585243, "teamId": 99999}]}