{"id": 17728143, "competitionId": 25401, "createTime": {"seconds": 1613421784}, "endTime": {"seconds": 1613421784}, "agents": [{"id": 39256103, "state": 2, "submissionId": 19571878, "reward": 6411, "index": 0, "initialScore": 1096.86763005034, "initialConfidence": 68.94623753733386, "updatedScore": 1083.2771226491536, "updatedConfidence": 67.07862292885014, "teamId": 99999}, {"id": 39256104, "state": 2, "submissionId": 19519164, "reward": 16918, "index": 1, "initialScore": 1185.2240724264714, "initialConfidence": 48.66727258583054, "updatedScore": 1186.2152439831282, "updatedConfidence": 47.958731110891016, "teamId": 99999}, {"id": 39256105, "state": 2, "submissionId": 19425646, "reward": 14612, "index": 2, "initialScore": 1142.3035698134163, "initialConfidence": 35.392963557317124, "updatedScore": 1140.6876663274163, "updatedConfidence": 35.1164928331435, "teamId": 99999}, {"id": 39256106, "state": 2, "submissionId": 19498585, "reward": 16924, "index": 3, "initialScore": 1132.3754993936104, "initialConfidence": 41.29438377186316, "updatedScore": 1138.736842314656, "updatedConfidence": 40.83218055365707, "teamId": 99999}]}