{"id": 17731889, "competitionId": 25401, "createTime": {"seconds": 1613423224}, "endTime": {"seconds": 1613423224}, "agents": [{"id": 39263767, "state": 2, "submissionId": 19482408, "reward": 10919, "index": 0, "initialScore": 1047.1492001476734, "initialConfidence": 35.914383574581656, "updatedScore": 1042.5543183650009, "updatedConfidence": 35.61351889017924, "teamId": 99999}, {"id": 39263768, "state": 2, "submissionId": 19517755, "reward": 15620, "index": 1, "initialScore": 1073.2482679457762, "initialConfidence": 43.67578894342536, "updatedScore": 1074.8513803589417, "updatedConfidence": 43.098193296105926, "teamId": 99999}, {"id": 39263769, "state": 2, "submissionId": 19533620, "reward": 15613, "index": 2, "initialScore": 1118.9071241812417, "initialConfidence": 47.3659352126216, "updatedScore": 1113.5713521524392, "updatedConfidence": 46.6385128989014, "teamId": 99999}, {"id": 39263770, "state": 2, "submissionId": 19530480, "reward": 15713, "index": 3, "initialScore": 974.7459194153045, "initialConfidence": 43.249210431440254, "updatedScore": 984.2859181777892, "updatedConfidence": 42.64083112455387, "teamId": 99999}]}