{"id": 17731260, "competitionId": 25401, "createTime": {"seconds": 1613422986}, "endTime": {"seconds": 1613422986}, "agents": [{"id": 39262471, "state": 2, "submissionId": 19393666, "reward": 8116, "index": 0, "initialScore": 995.9307884574156, "initialConfidence": 35.0, "updatedScore": 992.7912999818808, "updatedConfidence": 35.0, "teamId": 99999}, {"id": 39262472, "state": 2, "submissionId": 19533620, "reward": 19912, "index": 1, "initialScore": 1112.534738185832, "initialConfidence": 47.99803967838469, "updatedScore": 1118.9071241812417, "updatedConfidence": 47.3659352126216, "teamId": 99999}, {"id": 39262473, "state": 2, "submissionId": 19568032, "reward": 19826, "index": 2, "initialScore": 1066.87396358732, "initialConfidence": 64.74558732570546, "updatedScore": 1071.5164602417549, "updatedConfidence": 63.12966895805688, "teamId": 99999}, {"id": 39262474, "state": 2, "submissionId": 19514875, "reward": 12909, "index": 3, "initialScore": 1069.7876738518603, "initialConfidence": 38.1754796257674, "updatedScore": 1067.877591673388, "updatedConfidence": 37.83571111090816, "teamId": 99999}]}