{"id": 17733761, "competitionId": 25401, "createTime": {"seconds": 1613423946}, "endTime": {"seconds": 1613423946}, "agents": [{"id": 39267595, "state": 2, "submissionId": 19498452, "reward": 20008, "index": 0, "initialScore": 1075.2104893211092, "initialConfidence": 40.11277960347762, "updatedScore": 1073.922442492247, "updatedConfidence": 39.72498879136419, "teamId": 99999}, {"id": 39267596, "state": 2, "submissionId": 19463891, "reward": 20015, "index": 1, "initialScore": 1097.47918619789, "initialConfidence": 35.0, "updatedScore": 1102.0611004711131, "updatedConfidence": 35.0, "teamId": 99999}, {"id": 39267597, "state": 2, "submissionId": 19519164, "reward": 20012, "index": 2, "initialScore": 1186.2152439831282, "initialConfidence": 47.958731110891016, "updatedScore": 1185.7887308730892, "updatedConfidence": 47.31130336716957, "teamId": 99999}, {"id": 39267598, "state": 2, "submissionId": 19512070, "reward": 17214, "index": 3, "initialScore": 1046.7191533169091, "initialConfidence": 44.15080965429891, "updatedScore": 1041.3500334101325, "updatedConfidence": 43.65512768534713, "teamId": 99999}]}