{"id": 17742233, "competitionId": 25401, "createTime": {"seconds": 1613427069}, "endTime": {"seconds": 1613427069}, "agents": [{"id": 39284843, "state": 2, "submissionId": 19519164, "reward": 12616, "index": 0, "initialScore": 1185.7887308730892, "initialConfidence": 47.31130336716957, "updatedScore": 1180.2786794322346, "updatedConfidence": 46.58747376517751, "teamId": 99999}, {"id": 39284844, "state": 2, "submissionId": 19435613, "reward": 16817, "index": 1, "initialScore": 1077.386133127713, "initialConfidence": 36.11946369491949, "updatedScore": 1079.886272895323, "updatedConfidence": 35.79164945634413, "teamId": 99999}, {"id": 39284845, "state": 2, "submissionId": 19475968, "reward": 7009, "index": 2, "initialScore": 1094.873734066192, "initialConfidence": 36.223153549747046, "updatedScore": 1090.5216345027454, "updatedConfidence": 35.921274433953926, "teamId": 99999}, {"id": 39284846, "state": 2, "submissionId": 19469822, "reward": 16825, "index": 3, "initialScore": 1103.993810923033, "initialConfidence": 38.90801160373722, "updatedScore": 1109.840417994674, "updatedConfidence": 38.508850952897234, "teamId": 99999}]}