{"id": 17752831, "competitionId": 25401, "createTime": {"seconds": 1613431148}, "endTime": {"seconds": 1613431148}, "agents": [{"id": 39306495, "state": 2, "submissionId": 19459423, "reward": 7212, "index": 0, "initialScore": 1140.0510965633655, "initialConfidence": 37.977213450348046, "updatedScore": 1134.4140529468464, "updatedConfidence": 37.61638982790885, "teamId": 99999}, {"id": 39306496, "state": 2, "submissionId": 19581343, "reward": 10111, "index": 1, "initialScore": 1168.5954541892436, "initialConfidence": 86.59963107817744, "updatedScore": 1154.4418339513268, "updatedConfidence": 82.49967481894743, "teamId": 99999}, {"id": 39306497, "state": 2, "submissionId": 19543741, "reward": 10112, "index": 2, "initialScore": 1065.2183713948805, "initialConfidence": 49.49383713377222, "updatedScore": 1070.3961088684885, "updatedConfidence": 48.691442804611086, "teamId": 99999}, {"id": 39306498, "state": 2, "submissionId": 19533620, "reward": 10214, "index": 3, "initialScore": 1113.5713521524392, "initialConfidence": 46.6385128989014, "updatedScore": 1121.5803861938225, "updatedConfidence": 45.99158526998004, "teamId": 99999}]}