{"id": 17765296, "competitionId": 25401, "createTime": {"seconds": 1613435949}, "endTime": {"seconds": 1613435949}, "agents": [{"id": 39331951, "state": 2, "submissionId": 19510806, "reward": 20018, "index": 0, "initialScore": 991.0574375552852, "initialConfidence": 39.95093005696856, "updatedScore": 1000.2004491522054, "updatedConfidence": 39.46279822494189, "teamId": 99999}, {"id": 39331952, "state": 2, "submissionId": 19519164, "reward": 20016, "index": 1, "initialScore": 1180.2786794322346, "initialConfidence": 46.58747376517751, "updatedScore": 1179.807412225564, "updatedConfidence": 45.93015762730009, "teamId": 99999}, {"id": 39331953, "state": 2, "submissionId": 19456363, "reward": 12807, "index": 2, "initialScore": 1097.0396809123406, "initialConfidence": 35.0, "updatedScore": 1092.7149872415357, "updatedConfidence": 35.0, "teamId": 99999}, {"id": 39331954, "state": 2, "submissionId": 19581343, "reward": 12818, "index": 3, "initialScore": 1154.4418339513268, "initialConfidence": 82.49967481894743, "updatedScore": 1140.9592245546053, "updatedConfidence": 79.0028216026802, "teamId": 99999}]}