{"id": 17784611, "competitionId": 25401, "createTime": {"seconds": 1613443391}, "endTime": {"seconds": 1613443391}, "agents": [{"id": 39371389, "state": 2, "submissionId": 19487408, "reward": 20016, "index": 0, "initialScore": 1132.4550117602123, "initialConfidence": 39.00844782786463, "updatedScore": 1133.549787368367, "updatedConfidence": 38.61861278207364, "teamId": 99999}, {"id": 39371390, "state": 2, "submissionId": 19522207, "reward": 19719, "index": 1, "initialScore": 1110.110768541324, "initialConfidence": 48.72980896655712, "updatedScore": 1107.0337384409686, "updatedConfidence": 47.97543029726089, "teamId": 99999}, {"id": 39371391, "state": 2, "submissionId": 19395873, "reward": 9609, "index": 2, "initialScore": 1089.7191983946038, "initialConfidence": 35.0, "updatedScore": 1085.571348611289, "updatedConfidence": 35.0, "teamId": 99999}, {"id": 39371392, "state": 2, "submissionId": 19477534, "reward": 20018, "index": 3, "initialScore": 1087.7172940755263, "initialConfidence": 35.0, "updatedScore": 1092.5711739909402, "updatedConfidence": 35.0, "teamId": 99999}]}