{"id": 17791474, "competitionId": 25401, "createTime": {"seconds": 1613446029}, "endTime": {"seconds": 1613446029}, "agents": [{"id": 39385421, "state": 2, "submissionId": 19457219, "reward": 20018, "index": 0, "initialScore": 1056.1897460022735, "initialConfidence": 35.0, "updatedScore": 1061.3895594830838, "updatedConfidence": 35.0, "teamId": 99999}, {"id": 39385422, "state": 2, "submissionId": 19553310, "reward": 18914, "index": 1, "initialScore": 1023.6582722026995, "initialConfidence": 53.62737397539984, "updatedScore": 1016.1904861487936, "updatedConfidence": 52.7764967617153, "teamId": 99999}, {"id": 39385423, "state": 2, "submissionId": 19519164, "reward": 20010, "index": 2, "initialScore": 1179.807412225564, "initialConfidence": 45.93015762730009, "updatedScore": 1173.9182453720573, "updatedConfidence": 45.29384807124968, "teamId": 99999}, {"id": 39385424, "state": 2, "submissionId": 19530754, "reward": 20016, "index": 3, "initialScore": 1092.461949461746, "initialConfidence": 42.85829314377841, "updatedScore": 1094.5624920720206, "updatedConfidence": 42.33116875143917, "teamId": 99999}]}