{"id": 17790850, "competitionId": 25401, "createTime": {"seconds": 1613445788}, "endTime": {"seconds": 1613445788}, "agents": [{"id": 39384145, "state": 2, "submissionId": 19517799, "reward": 12318, "index": 0, "initialScore": 1134.7282405309804, "initialConfidence": 44.55899774334807, "updatedScore": 1140.6247776773073, "updatedConfidence": 44.04507604593525, "teamId": 99999}, {"id": 39384146, "state": 2, "submissionId": 19508154, "reward": 4107, "index": 1, "initialScore": 990.5339196762668, "initialConfidence": 38.89389936175632, "updatedScore": 990.1036890198478, "updatedConfidence": 38.63617181667176, "teamId": 99999}, {"id": 39384147, "state": 2, "submissionId": 19545871, "reward": 4107, "index": 2, "initialScore": 1171.0855192397598, "initialConfidence": 56.31160485744104, "updatedScore": 1157.991672759225, "updatedConfidence": 55.32371488412809, "teamId": 99999}, {"id": 39384148, "state": 2, "submissionId": 19558766, "reward": 12317, "index": 3, "initialScore": 1080.220488205517, "initialConfidence": 57.42099400766582, "updatedScore": 1084.9811573252896, "updatedConfidence": 56.2637615130389, "teamId": 99999}]}