{"id": 17807669, "competitionId": 25401, "createTime": {"seconds": 1613452274}, "endTime": {"seconds": 1613452274}, "agents": [{"id": 39418477, "state": 2, "submissionId": 19514545, "reward": 20010, "index": 0, "initialScore": 1056.1537928167788, "initialConfidence": 41.83589785769214, "updatedScore": 1055.826008833077, "updatedConfidence": 41.3700663988827, "teamId": 99999}, {"id": 39418478, "state": 2, "submissionId": 19517799, "reward": 20013, "index": 1, "initialScore": 1140.6247776773073, "initialConfidence": 44.04507604593525, "updatedScore": 1142.1411564720318, "updatedConfidence": 43.498390069179656, "teamId": 99999}, {"id": 39418479, "state": 2, "submissionId": 19460029, "reward": 20026, "index": 2, "initialScore": 1117.4552840769866, "initialConfidence": 35.0, "updatedScore": 1121.8955278461024, "updatedConfidence": 35.0, "teamId": 99999}, {"id": 39418480, "state": 2, "submissionId": 19492496, "reward": 11313, "index": 3, "initialScore": 1146.651227578638, "initialConfidence": 39.97550203530598, "updatedScore": 1139.908996520991, "updatedConfidence": 39.525808406173134, "teamId": 99999}]}