{"id": 17814527, "competitionId": 25401, "createTime": {"seconds": 1613454915}, "endTime": {"seconds": 1613454915}, "agents": [{"id": 39432489, "state": 2, "submissionId": 19517806, "reward": 20030, "index": 0, "initialScore": 1083.870812823732, "initialConfidence": 41.21714618177951, "updatedScore": 1089.4262305078723, "updatedConfidence": 40.77907262284193, "teamId": 99999}, {"id": 39432490, "state": 2, "submissionId": 19479032, "reward": 11015, "index": 1, "initialScore": 1031.9659669434288, "initialConfidence": 36.72957656576688, "updatedScore": 1027.7151683711504, "updatedConfidence": 36.42389902757034, "teamId": 99999}, {"id": 39432491, "state": 2, "submissionId": 19533620, "reward": 20007, "index": 2, "initialScore": 1121.5803861938225, "initialConfidence": 45.99158526998004, "updatedScore": 1122.075945380423, "updatedConfidence": 45.41498867093787, "teamId": 99999}, {"id": 39432492, "state": 2, "submissionId": 19539354, "reward": 12010, "index": 3, "initialScore": 1009.5245961116692, "initialConfidence": 45.3109381142726, "updatedScore": 1008.7989319513264, "updatedConfidence": 44.75748631790442, "teamId": 99999}]}