{"id": 17821390, "competitionId": 25401, "createTime": {"seconds": 1613457555}, "endTime": {"seconds": 1613457555}, "agents": [{"id": 39446519, "state": 2, "submissionId": 19588844, "reward": 20021, "index": 0, "initialScore": 1023.4411807989096, "initialConfidence": 103.09050903906486, "updatedScore": 1064.637227589957, "updatedConfidence": 96.39199566713506, "teamId": 99999}, {"id": 39446520, "state": 2, "submissionId": 19487408, "reward": 20019, "index": 1, "initialScore": 1133.549787368367, "initialConfidence": 38.61861278207364, "updatedScore": 1133.67442781518, "updatedConfidence": 38.282834956391895, "teamId": 99999}, {"id": 39446521, "state": 2, "submissionId": 19457230, "reward": 10710, "index": 2, "initialScore": 1036.1958203156664, "initialConfidence": 35.0, "updatedScore": 1032.2594924610455, "updatedConfidence": 35.0, "teamId": 99999}, {"id": 39446522, "state": 2, "submissionId": 19440314, "reward": 16314, "index": 3, "initialScore": 1034.794784316248, "initialConfidence": 35.82472024080151, "updatedScore": 1033.8366526636532, "updatedConfidence": 35.54887766889735, "teamId": 99999}]}