{"id": 17830751, "competitionId": 25401, "createTime": {"seconds": 1613461153}, "endTime": {"seconds": 1613461153}, "agents": [{"id": 39465663, "state": 2, "submissionId": 19440314, "reward": 11211, "index": 0, "initialScore": 1033.8366526636532, "initialConfidence": 35.54887766889735, "updatedScore": 1029.782850633108, "updatedConfidence": 35.26722574006063, "teamId": 99999}, {"id": 39465664, "state": 2, "submissionId": 19517799, "reward": 20014, "index": 1, "initialScore": 1142.1411564720318, "initialConfidence": 43.498390069179656, "updatedScore": 1137.1069242146634, "updatedConfidence": 42.93174828754967, "teamId": 99999}, {"id": 39465665, "state": 2, "submissionId": 19472082, "reward": 20021, "index": 2, "initialScore": 1049.9658527371892, "initialConfidence": 35.0, "updatedScore": 1054.7373126463726, "updatedConfidence": 35.0, "teamId": 99999}, {"id": 39465666, "state": 2, "submissionId": 19476806, "reward": 20018, "index": 3, "initialScore": 1021.3396085527291, "initialConfidence": 35.022713999905065, "updatedScore": 1023.7601634237678, "updatedConfidence": 35.0, "teamId": 99999}]}