{"id": 17835752, "competitionId": 25401, "createTime": {"seconds": 1613463077}, "endTime": {"seconds": 1613463077}, "agents": [{"id": 39475901, "state": 2, "submissionId": 19533620, "reward": 11712, "index": 0, "initialScore": 1122.075945380423, "initialConfidence": 45.41498867093787, "updatedScore": 1128.604667962053, "updatedConfidence": 44.83490811094948, "teamId": 99999}, {"id": 39475902, "state": 2, "submissionId": 19479057, "reward": 11611, "index": 1, "initialScore": 1109.4255744263778, "initialConfidence": 38.149456697034, "updatedScore": 1107.3033943069645, "updatedConfidence": 37.78914855350104, "teamId": 99999}, {"id": 39475903, "state": 2, "submissionId": 19507900, "reward": 11618, "index": 2, "initialScore": 1085.8261011482182, "initialConfidence": 41.36518692151503, "updatedScore": 1088.1815365590528, "updatedConfidence": 40.90684008461231, "teamId": 99999}, {"id": 39475904, "state": 2, "submissionId": 19515242, "reward": 9809, "index": 3, "initialScore": 1063.0293914246636, "initialConfidence": 43.46073002007864, "updatedScore": 1057.204551257949, "updatedConfidence": 42.957611528862245, "teamId": 99999}]}