{"id": 17855087, "competitionId": 25401, "createTime": {"seconds": 1613470511}, "endTime": {"seconds": 1613470511}, "agents": [{"id": 39515419, "state": 2, "submissionId": 19459774, "reward": 7708, "index": 0, "initialScore": 1095.6166920539144, "initialConfidence": 35.13252857363657, "updatedScore": 1091.550417003315, "updatedConfidence": 35.0, "teamId": 99999}, {"id": 39515420, "state": 2, "submissionId": 19498585, "reward": 20009, "index": 1, "initialScore": 1144.1902770574168, "initialConfidence": 39.63904329668926, "updatedScore": 1141.5216728684284, "updatedConfidence": 39.2223891019922, "teamId": 99999}, {"id": 39515421, "state": 2, "submissionId": 19517799, "reward": 20021, "index": 2, "initialScore": 1137.1069242146634, "initialConfidence": 42.93174828754967, "updatedScore": 1138.671901406619, "updatedConfidence": 42.4034604951954, "teamId": 99999}, {"id": 39515422, "state": 2, "submissionId": 19469817, "reward": 20022, "index": 3, "initialScore": 1089.7818816311085, "initialConfidence": 36.33831615572249, "updatedScore": 1095.2535521191578, "updatedConfidence": 36.00057357759654, "teamId": 99999}]}