{"id": 17869451, "competitionId": 25401, "createTime": {"seconds": 1613476031}, "endTime": {"seconds": 1613476031}, "agents": [{"id": 39544813, "state": 2, "submissionId": 19519164, "reward": 20019, "index": 0, "initialScore": 1173.9182453720573, "initialConfidence": 45.29384807124968, "updatedScore": 1176.812109841697, "updatedConfidence": 44.88265651208364, "teamId": 99999}, {"id": 39544814, "state": 2, "submissionId": 19425646, "reward": 6407, "index": 1, "initialScore": 1131.6078903495113, "initialConfidence": 35.0, "updatedScore": 1127.061770690278, "updatedConfidence": 35.0, "teamId": 99999}, {"id": 39544815, "state": 2, "submissionId": 19482709, "reward": 20019, "index": 2, "initialScore": 1078.0926631922748, "initialConfidence": 36.51577102994087, "updatedScore": 1082.8978509611131, "updatedConfidence": 36.265516884540986, "teamId": 99999}, {"id": 39544816, "state": 2, "submissionId": 19487408, "reward": 20014, "index": 3, "initialScore": 1133.67442781518, "initialConfidence": 38.282834956391895, "updatedScore": 1131.764526536243, "updatedConfidence": 37.90688719288841, "teamId": 99999}]}