{"id": 17869449, "competitionId": 25401, "createTime": {"seconds": 1613476031}, "endTime": {"seconds": 1613476031}, "agents": [{"id": 39544805, "state": 2, "submissionId": 19586963, "reward": 20017, "index": 0, "initialScore": 1137.4676318155236, "initialConfidence": 71.0223599581101, "updatedScore": 1136.511003036193, "updatedConfidence": 69.54496929216845, "teamId": 99999}, {"id": 39544806, "state": 2, "submissionId": 19479042, "reward": 20017, "index": 1, "initialScore": 1080.0926911988545, "initialConfidence": 35.0, "updatedScore": 1081.3904068917404, "updatedConfidence": 35.0, "teamId": 99999}, {"id": 39544807, "state": 2, "submissionId": 19519164, "reward": 20018, "index": 2, "initialScore": 1173.9182453720573, "initialConfidence": 45.29384807124968, "updatedScore": 1179.951741615812, "updatedConfidence": 44.74935014655843, "teamId": 99999}, {"id": 39544808, "state": 2, "submissionId": 19542211, "reward": 12719, "index": 3, "initialScore": 1147.9311993897556, "initialConfidence": 49.175453564859446, "updatedScore": 1138.7161176494565, "updatedConfidence": 48.39526847113126, "teamId": 99999}]}