{"id": 17896960, "competitionId": 25401, "createTime": {"seconds": 1613486601}, "endTime": {"seconds": 1613486601}, "agents": [{"id": 39601135, "state": 2, "submissionId": 19507900, "reward": 9909, "index": 0, "initialScore": 1088.1815365590528, "initialConfidence": 40.90684008461231, "updatedScore": 1083.0789736110746, "updatedConfidence": 40.49334020820761, "teamId": 99999}, {"id": 39601136, "state": 2, "submissionId": 19537563, "reward": 14918, "index": 1, "initialScore": 1155.714055539402, "initialConfidence": 50.86421550631077, "updatedScore": 1163.6813039995088, "updatedConfidence": 50.07139606697872, "teamId": 99999}, {"id": 39601137, "state": 2, "submissionId": 19519164, "reward": 12613, "index": 2, "initialScore": 1176.812109841697, "initialConfidence": 44.88265651208364, "updatedScore": 1172.5219947872945, "updatedConfidence": 44.28676073477769, "teamId": 99999}, {"id": 39601138, "state": 2, "submissionId": 19536140, "reward": 14915, "index": 3, "initialScore": 1073.2949443426626, "initialConfidence": 41.17109325967712, "updatedScore": 1076.8535807836636, "updatedConfidence": 40.708710976508144, "teamId": 99999}]}