{"id": 17905723, "competitionId": 25401, "createTime": {"seconds": 1613489957}, "endTime": {"seconds": 1613489957}, "agents": [{"id": 39619077, "state": 2, "submissionId": 19532556, "reward": 5910, "index": 0, "initialScore": 1090.5934896825877, "initialConfidence": 42.360213809255086, "updatedScore": 1085.4046321494598, "updatedConfidence": 41.91069512064225, "teamId": 99999}, {"id": 39619078, "state": 2, "submissionId": 19517799, "reward": 9412, "index": 1, "initialScore": 1138.671901406619, "initialConfidence": 42.4034604951954, "updatedScore": 1140.7223151705025, "updatedConfidence": 41.93654196595361, "teamId": 99999}, {"id": 39619079, "state": 2, "submissionId": 19476680, "reward": 9515, "index": 2, "initialScore": 1194.1703063992736, "initialConfidence": 43.16458028416622, "updatedScore": 1199.1230542396963, "updatedConfidence": 42.70721637325922, "teamId": 99999}, {"id": 39619080, "state": 2, "submissionId": 19538222, "reward": 9411, "index": 3, "initialScore": 1116.8234105972435, "initialConfidence": 46.39067996306453, "updatedScore": 1114.8717644159744, "updatedConfidence": 45.78185784408714, "teamId": 99999}]}