{"id": 17917601, "competitionId": 25401, "createTime": {"seconds": 1613494510}, "endTime": {"seconds": 1613494510}, "agents": [{"id": 39643367, "state": 2, "submissionId": 19533620, "reward": 20020, "index": 0, "initialScore": 1128.604667962053, "initialConfidence": 44.83490811094948, "updatedScore": 1130.0799013090596, "updatedConfidence": 44.26272867494746, "teamId": 99999}, {"id": 39643368, "state": 2, "submissionId": 19440395, "reward": 13211, "index": 1, "initialScore": 1035.0414172160808, "initialConfidence": 35.0, "updatedScore": 1034.9380891822602, "updatedConfidence": 35.0, "teamId": 99999}, {"id": 39643369, "state": 2, "submissionId": 19588844, "reward": 20026, "index": 2, "initialScore": 1071.089454765054, "initialConfidence": 67.76541258728535, "updatedScore": 1089.4124330202765, "updatedConfidence": 65.7201200709589, "teamId": 99999}, {"id": 39643370, "state": 2, "submissionId": 19537563, "reward": 8609, "index": 3, "initialScore": 1156.5110997470651, "initialConfidence": 49.172112343418014, "updatedScore": 1145.293026274633, "updatedConfidence": 48.32637760483948, "teamId": 99999}]}