{"id": 17926997, "competitionId": 25401, "createTime": {"seconds": 1613498310}, "endTime": {"seconds": 1613498310}, "agents": [{"id": 39662613, "state": 2, "submissionId": 19533620, "reward": 15821, "index": 0, "initialScore": 1130.0799013090596, "initialConfidence": 44.26272867494746, "updatedScore": 1135.7812805400397, "updatedConfidence": 43.74719145214589, "teamId": 99999}, {"id": 39662614, "state": 2, "submissionId": 19482408, "reward": 8409, "index": 1, "initialScore": 1041.4972339911883, "initialConfidence": 35.0, "updatedScore": 1040.953576763233, "updatedConfidence": 35.0, "teamId": 99999}, {"id": 39662615, "state": 2, "submissionId": 19544522, "reward": 8408, "index": 2, "initialScore": 1116.467633563389, "initialConfidence": 50.29899063816206, "updatedScore": 1105.9601142387214, "updatedConfidence": 49.41744502596665, "teamId": 99999}, {"id": 39662616, "state": 2, "submissionId": 19484207, "reward": 15721, "index": 3, "initialScore": 1059.5239984560974, "initialConfidence": 35.0, "updatedScore": 1061.5904749772085, "updatedConfidence": 35.0, "teamId": 99999}]}