{"id": 17947642, "competitionId": 25401, "createTime": {"seconds": 1613506227}, "endTime": {"seconds": 1613506227}, "agents": [{"id": 39704865, "state": 2, "submissionId": 19467174, "reward": 5809, "index": 0, "initialScore": 1104.5061519639669, "initialConfidence": 36.341781706378605, "updatedScore": 1099.7019613751297, "updatedConfidence": 36.022942822723955, "teamId": 99999}, {"id": 39704866, "state": 2, "submissionId": 19459891, "reward": 14021, "index": 1, "initialScore": 1104.9771070510808, "initialConfidence": 35.0, "updatedScore": 1109.4505927574946, "updatedConfidence": 35.0, "teamId": 99999}, {"id": 39704867, "state": 2, "submissionId": 19557714, "reward": 5811, "index": 2, "initialScore": 1078.4252278794586, "initialConfidence": 51.04739086752949, "updatedScore": 1076.4608910670572, "updatedConfidence": 50.20042079051492, "teamId": 99999}, {"id": 39704868, "state": 2, "submissionId": 19487408, "reward": 14020, "index": 3, "initialScore": 1131.764526536243, "initialConfidence": 37.90688719288841, "updatedScore": 1132.827191251023, "updatedConfidence": 37.55552428210636, "teamId": 99999}]}