{"id": 17967038, "competitionId": 25401, "createTime": {"seconds": 1613513750}, "endTime": {"seconds": 1613513750}, "agents": [{"id": 39744561, "state": 2, "submissionId": 19487217, "reward": 16720, "index": 0, "initialScore": 1079.5023108369894, "initialConfidence": 37.42050567669647, "updatedScore": 1082.1037521717385, "updatedConfidence": 37.05622922749962, "teamId": 99999}, {"id": 39744562, "state": 2, "submissionId": 19480854, "reward": 16820, "index": 1, "initialScore": 1105.3217870635688, "initialConfidence": 35.0, "updatedScore": 1110.0195437528073, "updatedConfidence": 35.0, "teamId": 99999}, {"id": 39744563, "state": 2, "submissionId": 19469854, "reward": 7608, "index": 2, "initialScore": 1101.402150649819, "initialConfidence": 35.66468953036095, "updatedScore": 1097.026558399376, "updatedConfidence": 35.37032638986513, "teamId": 99999}, {"id": 39744564, "state": 2, "submissionId": 19519164, "reward": 10214, "index": 3, "initialScore": 1172.5219947872945, "initialConfidence": 44.28676073477769, "updatedScore": 1168.1037877356885, "updatedConfidence": 43.68926208675362, "teamId": 99999}]}