{"id": 17969542, "competitionId": 25401, "createTime": {"seconds": 1613514704}, "endTime": {"seconds": 1613514704}, "agents": [{"id": 39749689, "state": 2, "submissionId": 19513732, "reward": 10708, "index": 0, "initialScore": 1069.5346799735837, "initialConfidence": 37.98853368881775, "updatedScore": 1064.9229137095072, "updatedConfidence": 37.644110574068094, "teamId": 99999}, {"id": 39749690, "state": 2, "submissionId": 19533620, "reward": 16014, "index": 1, "initialScore": 1135.7812805400397, "initialConfidence": 43.74719145214589, "updatedScore": 1141.473348641549, "updatedConfidence": 43.23982490339817, "teamId": 99999}, {"id": 39749691, "state": 2, "submissionId": 19469822, "reward": 15916, "index": 2, "initialScore": 1106.8283531632555, "initialConfidence": 36.83770728481731, "updatedScore": 1104.9220077844489, "updatedConfidence": 36.50985783746928, "teamId": 99999}, {"id": 39749692, "state": 2, "submissionId": 19443107, "reward": 15920, "index": 3, "initialScore": 1073.181757304831, "initialConfidence": 35.0, "updatedScore": 1075.1739519585376, "updatedConfidence": 35.0, "teamId": 99999}]}