{"id": 17976419, "competitionId": 25401, "createTime": {"seconds": 1613517350}, "endTime": {"seconds": 1613517350}, "agents": [{"id": 39763755, "state": 2, "submissionId": 19475968, "reward": 11912, "index": 0, "initialScore": 1089.0396193382062, "initialConfidence": 35.0, "updatedScore": 1088.054681649707, "updatedConfidence": 35.0, "teamId": 99999}, {"id": 39763756, "state": 2, "submissionId": 19514746, "reward": 20020, "index": 1, "initialScore": 1100.563050247208, "initialConfidence": 39.39642901843308, "updatedScore": 1106.5589697274943, "updatedConfidence": 38.97851087693169, "teamId": 99999}, {"id": 39763757, "state": 2, "submissionId": 19460029, "reward": 20018, "index": 2, "initialScore": 1119.3785427087382, "initialConfidence": 35.0, "updatedScore": 1120.7239020595578, "updatedConfidence": 35.0, "teamId": 99999}, {"id": 39763758, "state": 2, "submissionId": 19517799, "reward": 11713, "index": 3, "initialScore": 1140.7223151705025, "initialConfidence": 41.93654196595361, "updatedScore": 1133.4108475126257, "updatedConfidence": 41.417410095071, "teamId": 99999}]}