{"id": 17983290, "competitionId": 25401, "createTime": {"seconds": 1613519996}, "endTime": {"seconds": 1613519996}, "agents": [{"id": 39777797, "state": 2, "submissionId": 19487408, "reward": 13116, "index": 0, "initialScore": 1132.827191251023, "initialConfidence": 37.55552428210636, "updatedScore": 1137.724411210232, "updatedConfidence": 37.2101235098466, "teamId": 99999}, {"id": 39777798, "state": 2, "submissionId": 19450453, "reward": 13012, "index": 1, "initialScore": 1103.3796974761767, "initialConfidence": 35.09429651023395, "updatedScore": 1102.3075389071323, "updatedConfidence": 35.0, "teamId": 99999}, {"id": 39777799, "state": 2, "submissionId": 19537563, "reward": 13019, "index": 2, "initialScore": 1145.293026274633, "initialConfidence": 48.32637760483948, "updatedScore": 1147.2279413679669, "updatedConfidence": 47.607722386219095, "teamId": 99999}, {"id": 39777800, "state": 2, "submissionId": 19480854, "reward": 5409, "index": 3, "initialScore": 1110.0195437528073, "initialConfidence": 35.0, "updatedScore": 1105.8176159910274, "updatedConfidence": 35.0, "teamId": 99999}]}