{"id": 18021470, "competitionId": 25401, "createTime": {"seconds": 1613534713}, "endTime": {"seconds": 1613534713}, "agents": [{"id": 39855939, "state": 2, "submissionId": 19457219, "reward": 17512, "index": 0, "initialScore": 1062.7111582200494, "initialConfidence": 35.0, "updatedScore": 1067.8079145797642, "updatedConfidence": 35.0, "teamId": 99999}, {"id": 39855940, "state": 2, "submissionId": 19487408, "reward": 17413, "index": 1, "initialScore": 1137.724411210232, "initialConfidence": 37.2101235098466, "updatedScore": 1134.8756825822736, "updatedConfidence": 36.8690703977008, "teamId": 99999}, {"id": 39855941, "state": 2, "submissionId": 19506800, "reward": 17414, "index": 2, "initialScore": 1117.238396133263, "initialConfidence": 42.61279141746845, "updatedScore": 1118.570631909173, "updatedConfidence": 42.1008343233928, "teamId": 99999}, {"id": 39855942, "state": 2, "submissionId": 19515230, "reward": 13411, "index": 3, "initialScore": 1040.042463827157, "initialConfidence": 35.800476712362496, "updatedScore": 1036.4065592520794, "updatedConfidence": 35.52780461863718, "teamId": 99999}]}