{"id": 18038967, "competitionId": 25401, "createTime": {"seconds": 1613541432}, "endTime": {"seconds": 1613541432}, "agents": [{"id": 39891711, "state": 2, "submissionId": 19519164, "reward": 4804, "index": 0, "initialScore": 1168.1037877356885, "initialConfidence": 43.68926208675362, "updatedScore": 1159.433333306678, "updatedConfidence": 43.086596238799466, "teamId": 99999}, {"id": 39891712, "state": 2, "submissionId": 19537563, "reward": 14722, "index": 1, "initialScore": 1152.7755682509269, "initialConfidence": 47.03276225446388, "updatedScore": 1159.5756898291386, "updatedConfidence": 46.39986205054147, "teamId": 99999}, {"id": 39891713, "state": 2, "submissionId": 19497736, "reward": 9315, "index": 2, "initialScore": 1064.7627849894254, "initialConfidence": 35.0, "updatedScore": 1064.4509986953703, "updatedConfidence": 35.0, "teamId": 99999}, {"id": 39891714, "state": 2, "submissionId": 19498381, "reward": 14719, "index": 3, "initialScore": 1091.357629900412, "initialConfidence": 35.0, "updatedScore": 1093.4681940395794, "updatedConfidence": 35.0, "teamId": 99999}]}