{"id": 18040227, "competitionId": 25401, "createTime": {"seconds": 1613541915}, "endTime": {"seconds": 1613541915}, "agents": [{"id": 39894307, "state": 2, "submissionId": 19571848, "reward": 9710, "index": 0, "initialScore": 1096.2694571741497, "initialConfidence": 56.61195080785528, "updatedScore": 1084.4491331177255, "updatedConfidence": 55.432725864048734, "teamId": 99999}, {"id": 39894308, "state": 2, "submissionId": 19517034, "reward": 19320, "index": 1, "initialScore": 1066.8837842414428, "initialConfidence": 38.62607671088247, "updatedScore": 1069.2439362879174, "updatedConfidence": 38.26129978505396, "teamId": 99999}, {"id": 39894309, "state": 2, "submissionId": 19542264, "reward": 15711, "index": 2, "initialScore": 1056.3780859604365, "initialConfidence": 45.51847515159539, "updatedScore": 1055.006852888, "updatedConfidence": 44.92593212739836, "teamId": 99999}, {"id": 39894310, "state": 2, "submissionId": 19533620, "reward": 19321, "index": 3, "initialScore": 1141.473348641549, "initialConfidence": 43.23982490339817, "updatedScore": 1146.6488232543552, "updatedConfidence": 42.77312028010744, "teamId": 99999}]}