{"id": 18047099, "competitionId": 25401, "createTime": {"seconds": 1613544554}, "endTime": {"seconds": 1613544554}, "agents": [{"id": 39908351, "state": 2, "submissionId": 19517799, "reward": 15109, "index": 0, "initialScore": 1133.4108475126257, "initialConfidence": 41.417410095071, "updatedScore": 1129.6598882822534, "updatedConfidence": 40.94604039954309, "teamId": 99999}, {"id": 39908352, "state": 2, "submissionId": 19379008, "reward": 13515, "index": 1, "initialScore": 1030.859692715089, "initialConfidence": 35.0, "updatedScore": 1027.324763036886, "updatedConfidence": 35.0, "teamId": 99999}, {"id": 39908353, "state": 2, "submissionId": 19484141, "reward": 15113, "index": 2, "initialScore": 1121.874839281536, "initialConfidence": 38.87866784107855, "updatedScore": 1122.5364042297283, "updatedConfidence": 38.48687018994868, "teamId": 99999}, {"id": 39908354, "state": 2, "submissionId": 19457230, "reward": 15221, "index": 3, "initialScore": 1026.8384865274058, "initialConfidence": 35.0, "updatedScore": 1032.515895742097, "updatedConfidence": 35.0, "teamId": 99999}]}