{"id": 18062116, "competitionId": 25401, "createTime": {"seconds": 1613550314}, "endTime": {"seconds": 1613550314}, "agents": [{"id": 39939085, "state": 2, "submissionId": 19495864, "reward": 20020, "index": 0, "initialScore": 1027.0207111973934, "initialConfidence": 35.0, "updatedScore": 1031.946761926646, "updatedConfidence": 35.0, "teamId": 99999}, {"id": 39939086, "state": 2, "submissionId": 19517799, "reward": 13619, "index": 1, "initialScore": 1129.6598882822534, "initialConfidence": 40.94604039954309, "updatedScore": 1125.051061089776, "updatedConfidence": 40.46721086669636, "teamId": 99999}, {"id": 39939087, "state": 2, "submissionId": 19554669, "reward": 9907, "index": 2, "initialScore": 1034.4185582416635, "initialConfidence": 49.81089443706079, "updatedScore": 1025.8779993976673, "updatedConfidence": 49.02487257241101, "teamId": 99999}, {"id": 39939088, "state": 2, "submissionId": 19510756, "reward": 20018, "index": 3, "initialScore": 994.4221254060514, "initialConfidence": 38.56682676515872, "updatedScore": 997.6496268393826, "updatedConfidence": 38.16309078178238, "teamId": 99999}]}