{"id": 18079005, "competitionId": 25401, "createTime": {"seconds": 1613556796}, "endTime": {"seconds": 1613556796}, "agents": [{"id": 39973641, "state": 2, "submissionId": 19573213, "reward": 20023, "index": 0, "initialScore": 1035.2180886925578, "initialConfidence": 53.12884414648772, "updatedScore": 1046.6710578308214, "updatedConfidence": 52.13022244508942, "teamId": 99999}, {"id": 39973642, "state": 2, "submissionId": 19595841, "reward": 20014, "index": 1, "initialScore": 1024.453454709089, "initialConfidence": 70.32611711337584, "updatedScore": 1021.6927030701164, "updatedConfidence": 68.26684965443764, "teamId": 99999}, {"id": 39973643, "state": 2, "submissionId": 19517799, "reward": 20017, "index": 2, "initialScore": 1125.051061089776, "initialConfidence": 40.46721086669636, "updatedScore": 1125.307629811784, "updatedConfidence": 40.062362885970416, "teamId": 99999}, {"id": 39973644, "state": 2, "submissionId": 19569131, "reward": 5405, "index": 3, "initialScore": 1070.3664419183615, "initialConfidence": 53.28559423181452, "updatedScore": 1059.9858818100206, "updatedConfidence": 52.32366595911932, "teamId": 99999}]}