{"id": 18097773, "competitionId": 25401, "createTime": {"seconds": 1613563999}, "endTime": {"seconds": 1613563999}, "agents": [{"id": 40012051, "state": 2, "submissionId": 19591782, "reward": 20022, "index": 0, "initialScore": 1117.1265402003037, "initialConfidence": 69.39165374857863, "updatedScore": 1120.5293468966534, "updatedConfidence": 67.44190235930073, "teamId": 99999}, {"id": 40012052, "state": 2, "submissionId": 19517799, "reward": 20025, "index": 1, "initialScore": 1125.307629811784, "initialConfidence": 40.062362885970416, "updatedScore": 1130.0718658456533, "updatedConfidence": 39.679915092564976, "teamId": 99999}, {"id": 40012053, "state": 2, "submissionId": 19479032, "reward": 18318, "index": 2, "initialScore": 1028.0759570659818, "initialConfidence": 35.0, "updatedScore": 1027.8161063390653, "updatedConfidence": 35.0, "teamId": 99999}, {"id": 40012054, "state": 2, "submissionId": 19512246, "reward": 7708, "index": 3, "initialScore": 1076.185725943301, "initialConfidence": 36.53875244002813, "updatedScore": 1071.5624206274622, "updatedConfidence": 36.22672980687045, "teamId": 99999}]}