{"id": 18100265, "competitionId": 25401, "createTime": {"seconds": 1613564961}, "endTime": {"seconds": 1613564961}, "agents": [{"id": 40017131, "state": 2, "submissionId": 19528697, "reward": 20017, "index": 0, "initialScore": 1065.1240514430383, "initialConfidence": 38.808713153722, "updatedScore": 1067.9972761489607, "updatedConfidence": 38.39116557262785, "teamId": 99999}, {"id": 40017132, "state": 2, "submissionId": 19557643, "reward": 20019, "index": 1, "initialScore": 1042.938520108339, "initialConfidence": 46.35200278539825, "updatedScore": 1053.051781140734, "updatedConfidence": 45.63415766148112, "teamId": 99999}, {"id": 40017133, "state": 2, "submissionId": 19581343, "reward": 9310, "index": 2, "initialScore": 1172.1830793019444, "initialConfidence": 62.35338621548868, "updatedScore": 1153.5818400750795, "updatedConfidence": 60.61624647369803, "teamId": 99999}, {"id": 40017134, "state": 2, "submissionId": 19487408, "reward": 20016, "index": 3, "initialScore": 1134.8756825822736, "initialConfidence": 36.8690703977008, "updatedScore": 1132.3874650569903, "updatedConfidence": 36.50962423310598, "teamId": 99999}]}