{"id": 18113081, "competitionId": 25401, "createTime": {"seconds": 1613569996}, "endTime": {"seconds": 1613569996}, "agents": [{"id": 40043327, "state": 2, "submissionId": 19484204, "reward": 19420, "index": 0, "initialScore": 1108.659890359275, "initialConfidence": 38.4033723099494, "updatedScore": 1106.7337210503824, "updatedConfidence": 38.038981125177365, "teamId": 99999}, {"id": 40043328, "state": 2, "submissionId": 19463929, "reward": 20020, "index": 1, "initialScore": 1093.9803106119675, "initialConfidence": 35.0, "updatedScore": 1098.67668092013, "updatedConfidence": 35.0, "teamId": 99999}, {"id": 40043329, "state": 2, "submissionId": 19533620, "reward": 20007, "index": 2, "initialScore": 1146.6488232543552, "initialConfidence": 42.77312028010744, "updatedScore": 1147.5056568489797, "updatedConfidence": 42.27396664980545, "teamId": 99999}, {"id": 40043330, "state": 2, "submissionId": 19507843, "reward": 5910, "index": 3, "initialScore": 1064.2676699548565, "initialConfidence": 35.04337148747982, "updatedScore": 1060.5883864559437, "updatedConfidence": 35.0, "teamId": 99999}]}