{"id": 18111214, "competitionId": 25401, "createTime": {"seconds": 1613569279}, "endTime": {"seconds": 1613569279}, "agents": [{"id": 40039525, "state": 2, "submissionId": 19480854, "reward": 16419, "index": 0, "initialScore": 1101.640656769864, "initialConfidence": 35.0, "updatedScore": 1103.0687651001997, "updatedConfidence": 35.0, "teamId": 99999}, {"id": 40039526, "state": 2, "submissionId": 19514545, "reward": 15713, "index": 1, "initialScore": 1050.88220996667, "initialConfidence": 38.2056277193083, "updatedScore": 1050.3095199783206, "updatedConfidence": 37.84478447846068, "teamId": 99999}, {"id": 40039527, "state": 2, "submissionId": 19487408, "reward": 12414, "index": 2, "initialScore": 1132.3874650569903, "initialConfidence": 36.50962423310598, "updatedScore": 1126.667551205714, "updatedConfidence": 36.167259186000855, "teamId": 99999}, {"id": 40039528, "state": 2, "submissionId": 19594244, "reward": 16422, "index": 3, "initialScore": 1097.294124745959, "initialConfidence": 68.53436337739764, "updatedScore": 1113.8166168782184, "updatedConfidence": 66.505547162965, "teamId": 99999}]}