{"id": 18114332, "competitionId": 25401, "createTime": {"seconds": 1613570473}, "endTime": {"seconds": 1613570473}, "agents": [{"id": 40045886, "state": 2, "submissionId": 19550595, "reward": 18519, "index": 0, "initialScore": 1025.1816981463878, "initialConfidence": 46.34382693781136, "updatedScore": 1024.965464947191, "updatedConfidence": 45.7296325264185, "teamId": 99999}, {"id": 40045887, "state": 2, "submissionId": 19519164, "reward": 20026, "index": 1, "initialScore": 1159.433333306678, "initialConfidence": 43.086596238799466, "updatedScore": 1164.1257815874435, "updatedConfidence": 42.64790881297193, "teamId": 99999}, {"id": 40045889, "state": 2, "submissionId": 19568124, "reward": 20009, "index": 2, "initialScore": 1055.2686465581871, "initialConfidence": 51.5313216250246, "updatedScore": 1059.9937349622646, "updatedConfidence": 50.68490780633185, "teamId": 99999}, {"id": 40045890, "state": 2, "submissionId": 19522207, "reward": 11408, "index": 3, "initialScore": 1123.362137365835, "initialConfidence": 44.93709013398906, "updatedScore": 1114.8681080336582, "updatedConfidence": 44.31210227325329, "teamId": 99999}]}