{"id": 18156942, "competitionId": 25401, "createTime": {"seconds": 1613586802}, "endTime": {"seconds": 1613586802}, "agents": [{"id": 40133227, "state": 2, "submissionId": 19591782, "reward": 20016, "index": 0, "initialScore": 1120.5293468966534, "initialConfidence": 67.44190235930073, "updatedScore": 1124.224822833159, "updatedConfidence": 65.5042559186029, "teamId": 99999}, {"id": 40133228, "state": 2, "submissionId": 19517799, "reward": 14013, "index": 1, "initialScore": 1130.0718658456533, "initialConfidence": 39.679915092564976, "updatedScore": 1123.4952780045594, "updatedConfidence": 39.247524801626135, "teamId": 99999}, {"id": 40133229, "state": 2, "submissionId": 19536140, "reward": 20018, "index": 2, "initialScore": 1074.070674857736, "initialConfidence": 39.00722421904091, "updatedScore": 1080.2195354646535, "updatedConfidence": 38.60214758800389, "teamId": 99999}, {"id": 40133230, "state": 2, "submissionId": 19539117, "reward": 14017, "index": 3, "initialScore": 1069.6182082912069, "initialConfidence": 42.17835317038403, "updatedScore": 1068.4143967050122, "updatedConfidence": 41.6898603565857, "teamId": 99999}]}