{"id": 18163204, "competitionId": 25401, "createTime": {"seconds": 1613589202}, "endTime": {"seconds": 1613589202}, "agents": [{"id": 40146055, "state": 2, "submissionId": 19517799, "reward": 8607, "index": 0, "initialScore": 1123.4952780045594, "initialConfidence": 39.247524801626135, "updatedScore": 1117.975104722012, "updatedConfidence": 38.8634385675827, "teamId": 99999}, {"id": 40146056, "state": 2, "submissionId": 19514597, "reward": 20020, "index": 1, "initialScore": 1058.686021677121, "initialConfidence": 36.94378902905723, "updatedScore": 1061.951475440272, "updatedConfidence": 36.61315326097724, "teamId": 99999}, {"id": 40146057, "state": 2, "submissionId": 19556071, "reward": 11914, "index": 2, "initialScore": 1157.6837619093503, "initialConfidence": 52.723209411632254, "updatedScore": 1152.869145414661, "updatedConfidence": 51.77525045837708, "teamId": 99999}, {"id": 40146058, "state": 2, "submissionId": 19614213, "reward": 20025, "index": 3, "initialScore": 1158.9165857592964, "initialConfidence": 85.94901780533647, "updatedScore": 1180.5106786203055, "updatedConfidence": 82.42562037213423, "teamId": 99999}]}