{"id": 18187017, "competitionId": 25401, "createTime": {"seconds": 1613598268}, "endTime": {"seconds": 1613598268}, "agents": [{"id": 40194867, "state": 2, "submissionId": 19513003, "reward": 10113, "index": 0, "initialScore": 1101.804724916074, "initialConfidence": 36.098223154824815, "updatedScore": 1097.236528959916, "updatedConfidence": 35.79003929321474, "teamId": 99999}, {"id": 40194868, "state": 2, "submissionId": 19487408, "reward": 20025, "index": 1, "initialScore": 1126.667551205714, "initialConfidence": 36.167259186000855, "updatedScore": 1131.0990102103883, "updatedConfidence": 35.86200054107038, "teamId": 99999}, {"id": 40194869, "state": 2, "submissionId": 19533620, "reward": 20009, "index": 2, "initialScore": 1147.5056568489797, "initialConfidence": 42.27396664980545, "updatedScore": 1144.1591280362852, "updatedConfidence": 41.75920840614591, "teamId": 99999}, {"id": 40194870, "state": 2, "submissionId": 19524112, "reward": 20013, "index": 3, "initialScore": 1067.6847640979224, "initialConfidence": 37.54210642032459, "updatedScore": 1070.490221188389, "updatedConfidence": 37.18071414499139, "teamId": 99999}]}