{"id": 18187646, "competitionId": 25401, "createTime": {"seconds": 1613598507}, "endTime": {"seconds": 1613598507}, "agents": [{"id": 40196161, "state": 2, "submissionId": 19568980, "reward": 13616, "index": 0, "initialScore": 1088.4933012017646, "initialConfidence": 47.24485928792358, "updatedScore": 1092.0543396940643, "updatedConfidence": 46.55558656827457, "teamId": 99999}, {"id": 40196162, "state": 2, "submissionId": 19459423, "reward": 13620, "index": 1, "initialScore": 1133.988138684152, "initialConfidence": 35.45248958082969, "updatedScore": 1138.0832899263478, "updatedConfidence": 35.17229199894257, "teamId": 99999}, {"id": 40196163, "state": 2, "submissionId": 19529148, "reward": 9914, "index": 2, "initialScore": 1055.0285641290525, "initialConfidence": 37.45604484783731, "updatedScore": 1054.7120914531067, "updatedConfidence": 37.11176993148445, "teamId": 99999}, {"id": 40196164, "state": 2, "submissionId": 19519164, "reward": 9907, "index": 3, "initialScore": 1164.1257815874435, "initialConfidence": 42.64790881297193, "updatedScore": 1155.7081577939384, "updatedConfidence": 42.08309073945172, "teamId": 99999}]}