{"id": 18190146, "competitionId": 25401, "createTime": {"seconds": 1613599466}, "endTime": {"seconds": 1613599466}, "agents": [{"id": 40201273, "state": 2, "submissionId": 19533620, "reward": 18208, "index": 0, "initialScore": 1144.1591280362852, "initialConfidence": 41.75920840614591, "updatedScore": 1140.0323286555113, "updatedConfidence": 41.2761536535103, "teamId": 99999}, {"id": 40201274, "state": 2, "submissionId": 19591270, "reward": 10208, "index": 1, "initialScore": 1038.2892422271714, "initialConfidence": 60.71713244426426, "updatedScore": 1027.511243716145, "updatedConfidence": 59.41524602239584, "teamId": 99999}, {"id": 40201275, "state": 2, "submissionId": 19463929, "reward": 18317, "index": 2, "initialScore": 1098.67668092013, "initialConfidence": 35.0, "updatedScore": 1102.741573441141, "updatedConfidence": 35.0, "teamId": 99999}, {"id": 40201276, "state": 2, "submissionId": 19554715, "reward": 18215, "index": 3, "initialScore": 1034.9813458223175, "initialConfidence": 43.29360710170916, "updatedScore": 1038.677194902022, "updatedConfidence": 42.75548431691224, "teamId": 99999}]}