{"id": 18190144, "competitionId": 25401, "createTime": {"seconds": 1613599466}, "endTime": {"seconds": 1613599466}, "agents": [{"id": 40201265, "state": 2, "submissionId": 19471900, "reward": 20023, "index": 0, "initialScore": 1156.3250031663351, "initialConfidence": 36.44066652242203, "updatedScore": 1160.3266771341584, "updatedConfidence": 36.146217579665226, "teamId": 99999}, {"id": 40201266, "state": 2, "submissionId": 19519164, "reward": 14912, "index": 1, "initialScore": 1155.7081577939384, "initialConfidence": 42.08309073945172, "updatedScore": 1152.3118300320205, "updatedConfidence": 41.57589806828752, "teamId": 99999}, {"id": 40201267, "state": 2, "submissionId": 19472815, "reward": 20022, "index": 2, "initialScore": 1049.7361739566052, "initialConfidence": 35.0, "updatedScore": 1052.7046737123796, "updatedConfidence": 35.0, "teamId": 99999}, {"id": 40201268, "state": 2, "submissionId": 19530875, "reward": 5010, "index": 3, "initialScore": 1109.1112369621032, "initialConfidence": 40.74809789387515, "updatedScore": 1103.2682795517817, "updatedConfidence": 40.30761633523723, "teamId": 99999}]}