{"id": 18207681, "competitionId": 25401, "createTime": {"seconds": 1613606128}, "endTime": {"seconds": 1613606128}, "agents": [{"id": 40237197, "state": 2, "submissionId": 19564403, "reward": 20008, "index": 0, "initialScore": 1035.1997426950134, "initialConfidence": 47.87478609547385, "updatedScore": 1038.838758159687, "updatedConfidence": 47.20639984914465, "teamId": 99999}, {"id": 40237198, "state": 2, "submissionId": 19610174, "reward": 15322, "index": 1, "initialScore": 1091.3415068236402, "initialConfidence": 76.12289583560468, "updatedScore": 1081.995152546224, "updatedConfidence": 73.51481551369042, "teamId": 99999}, {"id": 40237199, "state": 2, "submissionId": 19579392, "reward": 9408, "index": 2, "initialScore": 1005.9340637955944, "initialConfidence": 52.996964692370014, "updatedScore": 998.4518359187936, "updatedConfidence": 52.17739620913047, "teamId": 99999}, {"id": 40237200, "state": 2, "submissionId": 19517799, "reward": 20028, "index": 3, "initialScore": 1117.975104722012, "initialConfidence": 38.8634385675827, "updatedScore": 1122.0367481194105, "updatedConfidence": 38.53619431659396, "teamId": 99999}]}