{"id": 18208939, "competitionId": 25401, "createTime": {"seconds": 1613606692}, "endTime": {"seconds": 1613606692}, "agents": [{"id": 40239781, "state": 2, "submissionId": 19519164, "reward": 20021, "index": 0, "initialScore": 1152.3118300320205, "initialConfidence": 41.57589806828752, "updatedScore": 1157.9558206743168, "updatedConfidence": 41.12404667904277, "teamId": 99999}, {"id": 40239782, "state": 2, "submissionId": 19537041, "reward": 16519, "index": 1, "initialScore": 1099.9832919867486, "initialConfidence": 45.60282309991268, "updatedScore": 1098.5652104368348, "updatedConfidence": 44.99187001751844, "teamId": 99999}, {"id": 40239783, "state": 2, "submissionId": 19545871, "reward": 8115, "index": 2, "initialScore": 1147.9858069008103, "initialConfidence": 48.58521377931627, "updatedScore": 1138.7652127265812, "updatedConfidence": 47.80943949725721, "teamId": 99999}, {"id": 40239784, "state": 2, "submissionId": 19469841, "reward": 20018, "index": 3, "initialScore": 1124.4765821027884, "initialConfidence": 35.0, "updatedScore": 1126.0971494854457, "updatedConfidence": 35.0, "teamId": 99999}]}