{"id": 18230871, "competitionId": 25401, "createTime": {"seconds": 1613615100}, "endTime": {"seconds": 1613615100}, "agents": [{"id": 40284735, "state": 2, "submissionId": 19460013, "reward": 16111, "index": 0, "initialScore": 1084.3691175248423, "initialConfidence": 35.0, "updatedScore": 1083.8601457906925, "updatedConfidence": 35.0, "teamId": 99999}, {"id": 40284736, "state": 2, "submissionId": 19569336, "reward": 6511, "index": 1, "initialScore": 1161.232621270758, "initialConfidence": 54.4315705154019, "updatedScore": 1148.996365710164, "updatedConfidence": 53.321551386888096, "teamId": 99999}, {"id": 40284737, "state": 2, "submissionId": 19517799, "reward": 20015, "index": 2, "initialScore": 1122.0367481194105, "initialConfidence": 38.53619431659396, "updatedScore": 1124.067662581794, "updatedConfidence": 38.16609528350173, "teamId": 99999}, {"id": 40284738, "state": 2, "submissionId": 19519164, "reward": 20022, "index": 3, "initialScore": 1157.9558206743168, "initialConfidence": 41.12404667904277, "updatedScore": 1163.3301977947829, "updatedConfidence": 40.69302335751989, "teamId": 99999}]}