{"id": 18262190, "competitionId": 25401, "createTime": {"seconds": 1613627100}, "endTime": {"seconds": 1613627100}, "agents": [{"id": 40348905, "state": 2, "submissionId": 19487408, "reward": 12911, "index": 0, "initialScore": 1131.0990102103883, "initialConfidence": 35.86200054107038, "updatedScore": 1129.2111857367463, "updatedConfidence": 35.556619193491805, "teamId": 99999}, {"id": 40348906, "state": 2, "submissionId": 19551935, "reward": 9412, "index": 1, "initialScore": 1096.835554411017, "initialConfidence": 45.18664317662604, "updatedScore": 1090.1385950948286, "updatedConfidence": 44.60295022340818, "teamId": 99999}, {"id": 40348907, "state": 2, "submissionId": 19469822, "reward": 20029, "index": 2, "initialScore": 1101.5497329990665, "initialConfidence": 35.0, "updatedScore": 1106.3751214811862, "updatedConfidence": 35.0, "teamId": 99999}, {"id": 40348908, "state": 2, "submissionId": 19533620, "reward": 20008, "index": 3, "initialScore": 1140.0323286555113, "initialConfidence": 41.2761536535103, "updatedScore": 1141.4100779835474, "updatedConfidence": 40.81290515500709, "teamId": 99999}]}