{"id": 18262195, "competitionId": 25401, "createTime": {"seconds": 1613627100}, "endTime": {"seconds": 1613627100}, "agents": [{"id": 40348925, "state": 2, "submissionId": 19533620, "reward": 20014, "index": 0, "initialScore": 1141.4100779835474, "initialConfidence": 40.81290515500709, "updatedScore": 1139.0378223574774, "updatedConfidence": 40.36070886317387, "teamId": 99999}, {"id": 40348926, "state": 2, "submissionId": 19492891, "reward": 20021, "index": 1, "initialScore": 1130.602900393243, "initialConfidence": 37.33752171461512, "updatedScore": 1135.6614413429995, "updatedConfidence": 36.99035705626898, "teamId": 99999}, {"id": 40348927, "state": 2, "submissionId": 19514641, "reward": 12615, "index": 2, "initialScore": 1115.073466306048, "initialConfidence": 35.01038888586735, "updatedScore": 1110.8976370289477, "updatedConfidence": 35.0, "teamId": 99999}, {"id": 40348928, "state": 2, "submissionId": 19483589, "reward": 20017, "index": 3, "initialScore": 1130.0639147336285, "initialConfidence": 38.423551861799616, "updatedScore": 1131.8391643892146, "updatedConfidence": 38.04531790177519, "teamId": 99999}]}