{"id": 18265949, "competitionId": 25401, "createTime": {"seconds": 1613628538}, "endTime": {"seconds": 1613628538}, "agents": [{"id": 40356605, "state": 2, "submissionId": 19500981, "reward": 9509, "index": 0, "initialScore": 1071.7826407486823, "initialConfidence": 35.884377531086486, "updatedScore": 1073.5793565636457, "updatedConfidence": 35.5879015684269, "teamId": 99999}, {"id": 40356606, "state": 2, "submissionId": 19624123, "reward": 9109, "index": 1, "initialScore": 1047.3445038417094, "initialConfidence": 125.94842979226924, "updatedScore": 1004.6749368506572, "updatedConfidence": 116.1682343549266, "teamId": 99999}, {"id": 40356607, "state": 2, "submissionId": 19519164, "reward": 9112, "index": 2, "initialScore": 1163.3301977947829, "initialConfidence": 40.69302335751989, "updatedScore": 1159.0057972364957, "updatedConfidence": 40.25963660992789, "teamId": 99999}, {"id": 40356608, "state": 2, "submissionId": 19514922, "reward": 9515, "index": 3, "initialScore": 1067.354063866538, "initialConfidence": 37.55066128498304, "updatedScore": 1072.861800267076, "updatedConfidence": 37.21011292837016, "teamId": 99999}]}