{"id": 18275974, "competitionId": 25401, "createTime": {"seconds": 1613632383}, "endTime": {"seconds": 1613632383}, "agents": [{"id": 40377151, "state": 2, "submissionId": 19533620, "reward": 19914, "index": 0, "initialScore": 1139.0378223574774, "initialConfidence": 40.36070886317387, "updatedScore": 1139.0509072168795, "updatedConfidence": 39.9628636270078, "teamId": 99999}, {"id": 40377152, "state": 2, "submissionId": 19620601, "reward": 19714, "index": 1, "initialScore": 1005.0381654215468, "initialConfidence": 69.64442956621617, "updatedScore": 1004.1071548506906, "updatedConfidence": 67.67333519634731, "teamId": 99999}, {"id": 40377153, "state": 2, "submissionId": 19518244, "reward": 7313, "index": 2, "initialScore": 1073.3967161689552, "initialConfidence": 41.25857355603544, "updatedScore": 1067.0916820324308, "updatedConfidence": 40.80029879237575, "teamId": 99999}, {"id": 40377154, "state": 2, "submissionId": 19492969, "reward": 20023, "index": 3, "initialScore": 1055.1614589221012, "initialConfidence": 35.0, "updatedScore": 1059.924029558464, "updatedConfidence": 35.0, "teamId": 99999}]}