{"id": 18302895, "competitionId": 25401, "createTime": {"seconds": 1613642703}, "endTime": {"seconds": 1613642703}, "agents": [{"id": 40432287, "state": 2, "submissionId": 19526484, "reward": 20013, "index": 0, "initialScore": 1046.1487882937515, "initialConfidence": 36.80589083327464, "updatedScore": 1048.748125966791, "updatedConfidence": 36.46410993706991, "teamId": 99999}, {"id": 40432288, "state": 2, "submissionId": 19550581, "reward": 2705, "index": 1, "initialScore": 1078.212830038647, "initialConfidence": 45.53573237562459, "updatedScore": 1070.9241728326926, "updatedConfidence": 44.9207843534999, "teamId": 99999}, {"id": 40432289, "state": 2, "submissionId": 19517799, "reward": 10717, "index": 2, "initialScore": 1124.067662581794, "initialConfidence": 38.16609528350173, "updatedScore": 1121.2593985658966, "updatedConfidence": 37.78493005581605, "teamId": 99999}, {"id": 40432290, "state": 2, "submissionId": 19480910, "reward": 20030, "index": 3, "initialScore": 1093.2380773351892, "initialConfidence": 35.0, "updatedScore": 1097.5552718207296, "updatedConfidence": 35.0, "teamId": 99999}]}