{"id": 18304772, "competitionId": 25401, "createTime": {"seconds": 1613643422}, "endTime": {"seconds": 1613643422}, "agents": [{"id": 40436129, "state": 2, "submissionId": 19550581, "reward": 13309, "index": 0, "initialScore": 1070.9241728326926, "initialConfidence": 44.9207843534999, "updatedScore": 1066.8891516880317, "updatedConfidence": 44.51970859404886, "teamId": 99999}, {"id": 40436130, "state": 2, "submissionId": 19563810, "reward": 20020, "index": 1, "initialScore": 1098.7606675734712, "initialConfidence": 45.37492704504145, "updatedScore": 1100.7973620282503, "updatedConfidence": 44.7481028121953, "teamId": 99999}, {"id": 40436131, "state": 2, "submissionId": 19487408, "reward": 13309, "index": 2, "initialScore": 1129.2111857367463, "initialConfidence": 35.556619193491805, "updatedScore": 1124.9742893309958, "updatedConfidence": 35.3385090811945, "teamId": 99999}, {"id": 40436132, "state": 2, "submissionId": 19592794, "reward": 20026, "index": 3, "initialScore": 1041.7953137978477, "initialConfidence": 54.17188404865926, "updatedScore": 1054.595025957019, "updatedConfidence": 53.05805615606288, "teamId": 99999}]}