{"id": 18336729, "competitionId": 25401, "createTime": {"seconds": 1613655666}, "endTime": {"seconds": 1613655666}, "agents": [{"id": 40501629, "state": 2, "submissionId": 19519164, "reward": 11807, "index": 0, "initialScore": 1159.0057972364957, "initialConfidence": 40.25963660992789, "updatedScore": 1151.424444027591, "updatedConfidence": 39.777457645351056, "teamId": 99999}, {"id": 40501630, "state": 2, "submissionId": 19459745, "reward": 20027, "index": 1, "initialScore": 1069.0329146573686, "initialConfidence": 35.0, "updatedScore": 1074.3230046062704, "updatedConfidence": 35.0, "teamId": 99999}, {"id": 40501631, "state": 2, "submissionId": 19472912, "reward": 11816, "index": 2, "initialScore": 1109.735048266158, "initialConfidence": 36.27491485057779, "updatedScore": 1107.988508366377, "updatedConfidence": 35.93523361285303, "teamId": 99999}, {"id": 40501632, "state": 2, "submissionId": 19513732, "reward": 20012, "index": 3, "initialScore": 1079.0783824902996, "initialConfidence": 35.0, "updatedScore": 1081.14407058634, "updatedConfidence": 35.0, "teamId": 99999}]}