{"id": 18348635, "competitionId": 25401, "createTime": {"seconds": 1613660224}, "endTime": {"seconds": 1613660224}, "agents": [{"id": 40526029, "state": 2, "submissionId": 19551581, "reward": 8414, "index": 0, "initialScore": 1073.6674795688568, "initialConfidence": 42.32617664228599, "updatedScore": 1071.9625574669644, "updatedConfidence": 41.85545601776321, "teamId": 99999}, {"id": 40526030, "state": 2, "submissionId": 19533620, "reward": 20007, "index": 1, "initialScore": 1139.0509072168795, "initialConfidence": 39.9628636270078, "updatedScore": 1139.6473637526913, "updatedConfidence": 39.568203753942825, "teamId": 99999}, {"id": 40526031, "state": 2, "submissionId": 19497736, "reward": 5108, "index": 2, "initialScore": 1043.418553305412, "initialConfidence": 35.0, "updatedScore": 1039.879999390902, "updatedConfidence": 35.0, "teamId": 99999}, {"id": 40526032, "state": 2, "submissionId": 19460040, "reward": 20029, "index": 3, "initialScore": 1100.8300439788293, "initialConfidence": 35.0, "updatedScore": 1105.0768827063375, "updatedConfidence": 35.0, "teamId": 99999}]}