{"id": 18359909, "competitionId": 25401, "createTime": {"seconds": 1613664544}, "endTime": {"seconds": 1613664544}, "agents": [{"id": 40549127, "state": 2, "submissionId": 19499442, "reward": 8609, "index": 0, "initialScore": 1064.2794099919038, "initialConfidence": 35.0, "updatedScore": 1059.801806993322, "updatedConfidence": 35.0, "teamId": 99999}, {"id": 40549128, "state": 2, "submissionId": 19487408, "reward": 18816, "index": 1, "initialScore": 1124.9742893309958, "initialConfidence": 35.3385090811945, "updatedScore": 1123.2678274039652, "updatedConfidence": 35.11909606611417, "teamId": 99999}, {"id": 40549129, "state": 2, "submissionId": 19520349, "reward": 18816, "index": 2, "initialScore": 995.5650343124972, "initialConfidence": 36.29009392891216, "updatedScore": 997.6503385176292, "updatedConfidence": 36.05402335283557, "teamId": 99999}, {"id": 40549130, "state": 2, "submissionId": 19513732, "reward": 18913, "index": 3, "initialScore": 1081.14407058634, "initialConfidence": 35.0, "updatedScore": 1085.3559229660527, "updatedConfidence": 35.0, "teamId": 99999}]}