{"id": 18367433, "competitionId": 25401, "createTime": {"seconds": 1613667423}, "endTime": {"seconds": 1613667423}, "agents": [{"id": 40564557, "state": 2, "submissionId": 19554009, "reward": 20025, "index": 0, "initialScore": 1052.4455912154126, "initialConfidence": 39.346505475738574, "updatedScore": 1055.7370582187382, "updatedConfidence": 38.92301446974509, "teamId": 99999}, {"id": 40564558, "state": 2, "submissionId": 19530280, "reward": 20026, "index": 1, "initialScore": 1106.222040284397, "initialConfidence": 39.04402605887841, "updatedScore": 1111.6965632687384, "updatedConfidence": 38.65013621658563, "teamId": 99999}, {"id": 40564559, "state": 2, "submissionId": 19487408, "reward": 4001, "index": 2, "initialScore": 1121.5868469242878, "initialConfidence": 35.0, "updatedScore": 1116.6615551594853, "updatedConfidence": 35.0, "teamId": 99999}, {"id": 40564560, "state": 2, "submissionId": 19498585, "reward": 7516, "index": 3, "initialScore": 1128.168574589185, "initialConfidence": 35.90372918545565, "updatedScore": 1125.9815238050776, "updatedConfidence": 35.5798301234797, "teamId": 99999}]}