{"id": 18363675, "competitionId": 25401, "createTime": {"seconds": 1613665984}, "endTime": {"seconds": 1613665984}, "agents": [{"id": 40556859, "state": 2, "submissionId": 19514384, "reward": 20021, "index": 0, "initialScore": 1160.1409349978292, "initialConfidence": 42.084569913413176, "updatedScore": 1165.2326619211822, "updatedConfidence": 41.64056651904291, "teamId": 99999}, {"id": 40556860, "state": 2, "submissionId": 19563810, "reward": 20017, "index": 1, "initialScore": 1101.4037943755432, "initialConfidence": 44.34552506622134, "updatedScore": 1104.229357933523, "updatedConfidence": 43.78870665885994, "teamId": 99999}, {"id": 40556861, "state": 2, "submissionId": 19459414, "reward": 5912, "index": 2, "initialScore": 1072.5304706271957, "initialConfidence": 35.0, "updatedScore": 1068.9182274995474, "updatedConfidence": 35.0, "teamId": 99999}, {"id": 40556862, "state": 2, "submissionId": 19487408, "reward": 20014, "index": 3, "initialScore": 1123.2678274039652, "initialConfidence": 35.11909606611417, "updatedScore": 1121.5868469242878, "updatedConfidence": 35.0, "teamId": 99999}]}