{"id": 18371189, "competitionId": 25401, "createTime": {"seconds": 1613668868}, "endTime": {"seconds": 1613668868}, "agents": [{"id": 40572243, "state": 2, "submissionId": 19519164, "reward": 14819, "index": 0, "initialScore": 1151.424444027591, "initialConfidence": 39.777457645351056, "updatedScore": 1155.4866321065388, "updatedConfidence": 39.42763369095551, "teamId": 99999}, {"id": 40572244, "state": 2, "submissionId": 19593784, "reward": 13008, "index": 1, "initialScore": 976.8000554982912, "initialConfidence": 53.83053326966923, "updatedScore": 978.2662932872748, "updatedConfidence": 52.93777387599714, "teamId": 99999}, {"id": 40572245, "state": 2, "submissionId": 19479057, "reward": 11512, "index": 2, "initialScore": 1102.3884292639725, "initialConfidence": 35.0, "updatedScore": 1097.4467779888976, "updatedConfidence": 35.0, "teamId": 99999}, {"id": 40572246, "state": 2, "submissionId": 19472792, "reward": 14815, "index": 3, "initialScore": 1099.7878929974795, "initialConfidence": 35.0, "updatedScore": 1100.96468892949, "updatedConfidence": 35.0, "teamId": 99999}]}