{"id": 18373064, "competitionId": 25401, "createTime": {"seconds": 1613669586}, "endTime": {"seconds": 1613669586}, "agents": [{"id": 40576075, "state": 2, "submissionId": 19608155, "reward": 20012, "index": 0, "initialScore": 1052.375531803825, "initialConfidence": 61.96032791725095, "updatedScore": 1058.403018211828, "updatedConfidence": 60.48329605756369, "teamId": 99999}, {"id": 40576076, "state": 2, "submissionId": 19603402, "reward": 16115, "index": 1, "initialScore": 1050.913772004904, "initialConfidence": 53.84302153091637, "updatedScore": 1048.77119008558, "updatedConfidence": 52.8646745960586, "teamId": 99999}, {"id": 40576077, "state": 2, "submissionId": 19517799, "reward": 20025, "index": 2, "initialScore": 1121.2593985658966, "initialConfidence": 37.78493005581605, "updatedScore": 1125.3650383503807, "updatedConfidence": 37.46754104454712, "teamId": 99999}, {"id": 40576078, "state": 2, "submissionId": 19507693, "reward": 16107, "index": 3, "initialScore": 1081.9653417980458, "initialConfidence": 35.0, "updatedScore": 1077.4246647017549, "updatedConfidence": 35.0, "teamId": 99999}]}