{"id": 18424445, "competitionId": 25401, "createTime": {"seconds": 1613689389}, "endTime": {"seconds": 1613689389}, "agents": [{"id": 40681371, "state": 2, "submissionId": 19471900, "reward": 20016, "index": 0, "initialScore": 1160.7225907817858, "initialConfidence": 35.01679284140876, "updatedScore": 1158.1168990149645, "updatedConfidence": 35.0, "teamId": 99999}, {"id": 40681372, "state": 2, "submissionId": 19633549, "reward": 20012, "index": 1, "initialScore": 1148.9749704434305, "initialConfidence": 76.81175627019023, "updatedScore": 1124.9521514650207, "updatedConfidence": 73.83281159987949, "teamId": 99999}, {"id": 40681373, "state": 2, "submissionId": 19537062, "reward": 20018, "index": 2, "initialScore": 1028.7327356762412, "initialConfidence": 38.00207437239195, "updatedScore": 1036.284589913408, "updatedConfidence": 37.589428075367465, "teamId": 99999}, {"id": 40681374, "state": 2, "submissionId": 19517799, "reward": 20017, "index": 3, "initialScore": 1125.3650383503807, "initialConfidence": 37.46754104454712, "updatedScore": 1126.7231511783891, "updatedConfidence": 37.09939877742965, "teamId": 99999}]}