{"id": 18420687, "competitionId": 25401, "createTime": {"seconds": 1613687903}, "endTime": {"seconds": 1613687903}, "agents": [{"id": 40673671, "state": 2, "submissionId": 19472792, "reward": 10215, "index": 0, "initialScore": 1098.4069255930192, "initialConfidence": 35.0, "updatedScore": 1096.6926171323478, "updatedConfidence": 35.0, "teamId": 99999}, {"id": 40673672, "state": 2, "submissionId": 19533620, "reward": 15917, "index": 1, "initialScore": 1139.6473637526913, "initialConfidence": 39.568203753942825, "updatedScore": 1144.0261198356095, "updatedConfidence": 39.201841585129664, "teamId": 99999}, {"id": 40673673, "state": 2, "submissionId": 19492480, "reward": 15819, "index": 2, "initialScore": 1071.4333585212964, "initialConfidence": 35.0, "updatedScore": 1073.2863581016911, "updatedConfidence": 35.0, "teamId": 99999}, {"id": 40673674, "state": 2, "submissionId": 19526484, "reward": 10207, "index": 3, "initialScore": 1043.326164802225, "initialConfidence": 35.3041125689409, "updatedScore": 1039.6992031668249, "updatedConfidence": 35.038436132202804, "teamId": 99999}]}