{"id": 18448895, "competitionId": 25401, "createTime": {"seconds": 1613698855}, "endTime": {"seconds": 1613698855}, "agents": [{"id": 40731509, "state": 2, "submissionId": 19487408, "reward": 16416, "index": 0, "initialScore": 1116.6615551594853, "initialConfidence": 35.0, "updatedScore": 1117.2743894190553, "updatedConfidence": 35.0, "teamId": 99999}, {"id": 40731510, "state": 2, "submissionId": 19517819, "reward": 16521, "index": 1, "initialScore": 1024.665666124362, "initialConfidence": 35.0, "updatedScore": 1030.375165113278, "updatedConfidence": 35.0, "teamId": 99999}, {"id": 40731511, "state": 2, "submissionId": 19480712, "reward": 9914, "index": 2, "initialScore": 1056.1886194456335, "initialConfidence": 35.0, "updatedScore": 1052.1219523109387, "updatedConfidence": 35.0, "teamId": 99999}, {"id": 40731512, "state": 2, "submissionId": 19460024, "reward": 14111, "index": 3, "initialScore": 1110.9515533802205, "initialConfidence": 35.0, "updatedScore": 1108.6958872664295, "updatedConfidence": 35.0, "teamId": 99999}]}