{"id": 18447639, "competitionId": 25401, "createTime": {"seconds": 1613698372}, "endTime": {"seconds": 1613698372}, "agents": [{"id": 40728929, "state": 2, "submissionId": 19514545, "reward": 20010, "index": 0, "initialScore": 1063.7423593838862, "initialConfidence": 35.0, "updatedScore": 1063.3823030884653, "updatedConfidence": 35.0, "teamId": 99999}, {"id": 40728930, "state": 2, "submissionId": 19522207, "reward": 20021, "index": 1, "initialScore": 1130.5131943930176, "initialConfidence": 41.66035305402723, "updatedScore": 1136.4229917544217, "updatedConfidence": 41.19461066082959, "teamId": 99999}, {"id": 40728931, "state": 2, "submissionId": 19533620, "reward": 18014, "index": 2, "initialScore": 1144.0261198356095, "initialConfidence": 39.201841585129664, "updatedScore": 1137.630221719381, "updatedConfidence": 38.77800569795389, "teamId": 99999}, {"id": 40728932, "state": 2, "submissionId": 19517799, "reward": 20018, "index": 3, "initialScore": 1126.7231511783891, "initialConfidence": 37.09939877742965, "updatedScore": 1128.169324755951, "updatedConfidence": 36.76784567132746, "teamId": 99999}]}