{"id": 18450143, "competitionId": 25401, "createTime": {"seconds": 1613699334}, "endTime": {"seconds": 1613699334}, "agents": [{"id": 40734057, "state": 2, "submissionId": 19459423, "reward": 12819, "index": 0, "initialScore": 1132.7537697281734, "initialConfidence": 35.0, "updatedScore": 1130.8894205834235, "updatedConfidence": 35.0, "teamId": 99999}, {"id": 40734058, "state": 2, "submissionId": 19519164, "reward": 20023, "index": 1, "initialScore": 1155.4866321065388, "initialConfidence": 39.42763369095551, "updatedScore": 1160.136697632449, "updatedConfidence": 39.05402339170266, "teamId": 99999}, {"id": 40734059, "state": 2, "submissionId": 19551935, "reward": 7310, "index": 2, "initialScore": 1097.802744681568, "initialConfidence": 41.41174566462635, "updatedScore": 1092.0883881109178, "updatedConfidence": 40.95793856120086, "teamId": 99999}, {"id": 40734060, "state": 2, "submissionId": 19492528, "reward": 20018, "index": 3, "initialScore": 1079.7951649604222, "initialConfidence": 35.0, "updatedScore": 1082.0770347103387, "updatedConfidence": 35.0, "teamId": 99999}]}