{"id": 18474594, "competitionId": 25401, "createTime": {"seconds": 1613708693}, "endTime": {"seconds": 1613708693}, "agents": [{"id": 40784197, "state": 2, "submissionId": 19487408, "reward": 20020, "index": 0, "initialScore": 1117.2743894190553, "initialConfidence": 35.0, "updatedScore": 1119.9756630104002, "updatedConfidence": 35.0, "teamId": 99999}, {"id": 40784198, "state": 2, "submissionId": 19561434, "reward": 14110, "index": 1, "initialScore": 981.0470259033602, "initialConfidence": 42.895146378829885, "updatedScore": 975.9182070989978, "updatedConfidence": 42.45609026250803, "teamId": 99999}, {"id": 40784199, "state": 2, "submissionId": 19641349, "reward": 20017, "index": 2, "initialScore": 1012.1591721195972, "initialConfidence": 99.32851412652232, "updatedScore": 1025.3043649727178, "updatedConfidence": 94.09581707692593, "teamId": 99999}, {"id": 40784200, "state": 2, "submissionId": 19595670, "reward": 20014, "index": 3, "initialScore": 1004.8800364434236, "initialConfidence": 47.68201074571321, "updatedScore": 1003.1747140076984, "updatedConfidence": 47.06244851559308, "teamId": 99999}]}