{"id": 18476470, "competitionId": 25401, "createTime": {"seconds": 1613709414}, "endTime": {"seconds": 1613709414}, "agents": [{"id": 40788035, "state": 2, "submissionId": 19519164, "reward": 7909, "index": 0, "initialScore": 1160.136697632449, "initialConfidence": 39.05402339170266, "updatedScore": 1156.115892461154, "updatedConfidence": 38.64626441669617, "teamId": 99999}, {"id": 40788036, "state": 2, "submissionId": 19472082, "reward": 10110, "index": 1, "initialScore": 1039.6661636950007, "initialConfidence": 35.0, "updatedScore": 1042.1116875898138, "updatedConfidence": 35.0, "teamId": 99999}, {"id": 40788037, "state": 2, "submissionId": 19492528, "reward": 10121, "index": 2, "initialScore": 1082.659876245683, "initialConfidence": 35.0, "updatedScore": 1087.1500324954525, "updatedConfidence": 35.0, "teamId": 99999}, {"id": 40788038, "state": 2, "submissionId": 19438481, "reward": 7907, "index": 3, "initialScore": 1042.0625815004785, "initialConfidence": 35.0, "updatedScore": 1038.3562694815644, "updatedConfidence": 35.0, "teamId": 99999}]}