{"id": 18515364, "competitionId": 25401, "createTime": {"seconds": 1613724294}, "endTime": {"seconds": 1613724294}, "agents": [{"id": 40867833, "state": 2, "submissionId": 19533620, "reward": 17910, "index": 0, "initialScore": 1137.630221719381, "initialConfidence": 38.77800569795389, "updatedScore": 1142.508778085646, "updatedConfidence": 38.410416915843335, "teamId": 99999}, {"id": 40867834, "state": 2, "submissionId": 19492505, "reward": 17821, "index": 1, "initialScore": 1079.3126192323632, "initialConfidence": 35.0, "updatedScore": 1081.5554408996331, "updatedConfidence": 35.0, "teamId": 99999}, {"id": 40867835, "state": 2, "submissionId": 19519108, "reward": 9815, "index": 2, "initialScore": 1112.000986567602, "initialConfidence": 37.614454024493575, "updatedScore": 1106.9028610272587, "updatedConfidence": 37.26280250248358, "teamId": 99999}, {"id": 40867836, "state": 2, "submissionId": 19581343, "reward": 14718, "index": 3, "initialScore": 1129.4640322660373, "initialConfidence": 49.69043140483755, "updatedScore": 1125.829792053665, "updatedConfidence": 48.87466106148722, "teamId": 99999}]}