{"id": 18523535, "competitionId": 25401, "createTime": {"seconds": 1613727422}, "endTime": {"seconds": 1613727422}, "agents": [{"id": 40884631, "state": 2, "submissionId": 19522053, "reward": 15415, "index": 0, "initialScore": 1064.2868110751665, "initialConfidence": 35.36709182884799, "updatedScore": 1060.560689708418, "updatedConfidence": 35.09996794710171, "teamId": 99999}, {"id": 40884632, "state": 2, "submissionId": 19581343, "reward": 15714, "index": 1, "initialScore": 1125.829792053665, "initialConfidence": 48.87466106148722, "updatedScore": 1133.5356627438146, "updatedConfidence": 48.15020502676761, "teamId": 99999}, {"id": 40884633, "state": 2, "submissionId": 19517799, "reward": 15617, "index": 2, "initialScore": 1128.169324755951, "initialConfidence": 36.76784567132746, "updatedScore": 1129.2403223451292, "updatedConfidence": 36.457224878431006, "teamId": 99999}, {"id": 40884634, "state": 2, "submissionId": 19591782, "reward": 15613, "index": 3, "initialScore": 1094.069759146248, "initialConfidence": 52.27962777783243, "updatedScore": 1091.2293511176856, "updatedConfidence": 51.39733873948257, "teamId": 99999}]}