{"id": 18547990, "competitionId": 25401, "createTime": {"seconds": 1613736782}, "endTime": {"seconds": 1613736782}, "agents": [{"id": 40934793, "state": 2, "submissionId": 19608817, "reward": 17113, "index": 0, "initialScore": 1070.9592379528403, "initialConfidence": 50.33519454785574, "updatedScore": 1068.4482295696628, "updatedConfidence": 49.54684700206687, "teamId": 99999}, {"id": 40934794, "state": 2, "submissionId": 19487408, "reward": 17215, "index": 1, "initialScore": 1119.9756630104002, "initialConfidence": 35.0, "updatedScore": 1123.690618532483, "updatedConfidence": 35.0, "teamId": 99999}, {"id": 40934795, "state": 2, "submissionId": 19537041, "reward": 17120, "index": 2, "initialScore": 1087.7122109434797, "initialConfidence": 41.8446567527546, "updatedScore": 1089.6898059043924, "updatedConfidence": 41.387614246066185, "teamId": 99999}, {"id": 40934796, "state": 2, "submissionId": 19628174, "reward": 5511, "index": 3, "initialScore": 1062.5453289395216, "initialConfidence": 63.834629980682216, "updatedScore": 1049.6240668305893, "updatedConfidence": 62.266797308672174, "teamId": 99999}]}