{"id": 18547992, "competitionId": 25401, "createTime": {"seconds": 1613736782}, "endTime": {"seconds": 1613736782}, "agents": [{"id": 40934801, "state": 2, "submissionId": 19515251, "reward": 20018, "index": 0, "initialScore": 1052.3091287337788, "initialConfidence": 35.0, "updatedScore": 1058.0968340581665, "updatedConfidence": 35.0, "teamId": 99999}, {"id": 40934802, "state": 2, "submissionId": 19519164, "reward": 20016, "index": 1, "initialScore": 1156.115892461154, "initialConfidence": 38.64626441669617, "updatedScore": 1152.9660754518084, "updatedConfidence": 38.23339896468188, "teamId": 99999}, {"id": 40934803, "state": 2, "submissionId": 19590854, "reward": 16317, "index": 2, "initialScore": 1146.5784839885373, "initialConfidence": 53.504743299785865, "updatedScore": 1134.3425555997194, "updatedConfidence": 52.43449816244178, "teamId": 99999}, {"id": 40934804, "state": 2, "submissionId": 19498381, "reward": 20017, "index": 3, "initialScore": 1085.087317066144, "initialConfidence": 35.0, "updatedScore": 1087.1189643433022, "updatedConfidence": 35.0, "teamId": 99999}]}