{"id": 18547993, "competitionId": 25401, "createTime": {"seconds": 1613736782}, "endTime": {"seconds": 1613736782}, "agents": [{"id": 40934805, "state": 2, "submissionId": 19472754, "reward": 8410, "index": 0, "initialScore": 1017.11751790584, "initialConfidence": 35.0, "updatedScore": 1013.9579010196736, "updatedConfidence": 35.0, "teamId": 99999}, {"id": 40934806, "state": 2, "submissionId": 19614213, "reward": 13115, "index": 1, "initialScore": 1077.8792585257413, "initialConfidence": 58.62026058679771, "updatedScore": 1090.220962514202, "updatedConfidence": 57.349096876699925, "teamId": 99999}, {"id": 40934807, "state": 2, "submissionId": 19517799, "reward": 13014, "index": 2, "initialScore": 1129.2403223451292, "initialConfidence": 36.457224878431006, "updatedScore": 1126.6377527175262, "updatedConfidence": 36.154189404828685, "teamId": 99999}, {"id": 40934808, "state": 2, "submissionId": 19639301, "reward": 13017, "index": 3, "initialScore": 1096.9953033661316, "initialConfidence": 73.85924832191911, "updatedScore": 1102.1550890610995, "updatedConfidence": 71.41865671383542, "teamId": 99999}]}