{"id": 18558656, "competitionId": 25401, "createTime": {"seconds": 1613740868}, "endTime": {"seconds": 1613740868}, "agents": [{"id": 40956679, "state": 2, "submissionId": 19533620, "reward": 17821, "index": 0, "initialScore": 1142.508778085646, "initialConfidence": 38.410416915843335, "updatedScore": 1146.5557085167015, "updatedConfidence": 38.079791775242775, "teamId": 99999}, {"id": 40956680, "state": 2, "submissionId": 19492496, "reward": 17717, "index": 1, "initialScore": 1114.385991855461, "initialConfidence": 35.0, "updatedScore": 1115.325767128922, "updatedConfidence": 35.0, "teamId": 99999}, {"id": 40956681, "state": 2, "submissionId": 19528972, "reward": 15415, "index": 2, "initialScore": 1012.351474590769, "initialConfidence": 35.0, "updatedScore": 1012.369279216618, "updatedConfidence": 35.0, "teamId": 99999}, {"id": 40956682, "state": 2, "submissionId": 19463891, "reward": 10414, "index": 3, "initialScore": 1076.7182274825373, "initialConfidence": 35.0, "updatedScore": 1072.4004579690868, "updatedConfidence": 35.0, "teamId": 99999}]}