{"id": 18553635, "competitionId": 25401, "createTime": {"seconds": 1613738949}, "endTime": {"seconds": 1613738949}, "agents": [{"id": 40946373, "state": 2, "submissionId": 19646570, "reward": 20026, "index": 0, "initialScore": 891.8471745055548, "initialConfidence": 114.86167278089384, "updatedScore": 945.4860676378038, "updatedConfidence": 105.89333952907236, "teamId": 99999}, {"id": 40946374, "state": 2, "submissionId": 19421361, "reward": 12914, "index": 1, "initialScore": 835.3679320388136, "initialConfidence": 35.0, "updatedScore": 836.2073976182847, "updatedConfidence": 35.0, "teamId": 99999}, {"id": 40946375, "state": 2, "submissionId": 19487408, "reward": 7910, "index": 2, "initialScore": 1123.690618532483, "initialConfidence": 35.0, "updatedScore": 1115.2271798234342, "updatedConfidence": 35.0, "teamId": 99999}, {"id": 40946376, "state": 2, "submissionId": 19412291, "reward": 20014, "index": 3, "initialScore": 902.9421241396044, "initialConfidence": 35.0, "updatedScore": 905.58568123723, "updatedConfidence": 35.0, "teamId": 99999}]}