{"id": 18574354, "competitionId": 25401, "createTime": {"seconds": 1613746870}, "endTime": {"seconds": 1613746870}, "agents": [{"id": 40988915, "state": 2, "submissionId": 19469822, "reward": 9607, "index": 0, "initialScore": 1091.4969373984172, "initialConfidence": 35.0, "updatedScore": 1087.536855371229, "updatedConfidence": 35.0, "teamId": 99999}, {"id": 40988916, "state": 2, "submissionId": 19514384, "reward": 9612, "index": 1, "initialScore": 1166.2351621353353, "initialConfidence": 40.74439823168739, "updatedScore": 1162.7627073058309, "updatedConfidence": 40.2871963594761, "teamId": 99999}, {"id": 40988917, "state": 2, "submissionId": 19517799, "reward": 10408, "index": 2, "initialScore": 1126.6377527175262, "initialConfidence": 36.154189404828685, "updatedScore": 1128.0055306803729, "updatedConfidence": 35.8315889780838, "teamId": 99999}, {"id": 40988918, "state": 2, "submissionId": 19579205, "reward": 10411, "index": 3, "initialScore": 1081.056923093939, "initialConfidence": 44.86014469070839, "updatedScore": 1089.6661604961523, "updatedConfidence": 44.221529938872926, "teamId": 99999}]}