{"id": 18595373, "competitionId": 25401, "createTime": {"seconds": 1613754899}, "endTime": {"seconds": 1613754899}, "agents": [{"id": 41032041, "state": 2, "submissionId": 19503054, "reward": 9711, "index": 0, "initialScore": 1038.6803593043776, "initialConfidence": 35.0, "updatedScore": 1035.345547808014, "updatedConfidence": 35.0, "teamId": 99999}, {"id": 41032042, "state": 2, "submissionId": 19519108, "reward": 17524, "index": 1, "initialScore": 1101.3013549052375, "initialConfidence": 36.91831665661289, "updatedScore": 1102.8295973405484, "updatedConfidence": 36.60200141003603, "teamId": 99999}, {"id": 41032043, "state": 2, "submissionId": 19533620, "reward": 17616, "index": 2, "initialScore": 1146.5557085167015, "initialConfidence": 38.079791775242775, "updatedScore": 1150.621079627438, "updatedConfidence": 37.752946523700416, "teamId": 99999}, {"id": 41032044, "state": 2, "submissionId": 19507900, "reward": 9712, "index": 3, "initialScore": 1094.408252958981, "initialConfidence": 35.0, "updatedScore": 1092.9351435909975, "updatedConfidence": 35.0, "teamId": 99999}]}