{"id": 18626967, "competitionId": 25401, "createTime": {"seconds": 1613766289}, "endTime": {"seconds": 1613766289}, "agents": [{"id": 41096855, "state": 2, "submissionId": 19532146, "reward": 20028, "index": 0, "initialScore": 1042.0713566178565, "initialConfidence": 35.20772220112393, "updatedScore": 1047.145587790019, "updatedConfidence": 35.0, "teamId": 99999}, {"id": 41096856, "state": 2, "submissionId": 19485347, "reward": 15515, "index": 1, "initialScore": 1014.2142365866068, "initialConfidence": 35.0, "updatedScore": 1013.7155943961874, "updatedConfidence": 35.0, "teamId": 99999}, {"id": 41096857, "state": 2, "submissionId": 19519164, "reward": 20017, "index": 2, "initialScore": 1152.9660754518084, "initialConfidence": 38.23339896468188, "updatedScore": 1152.5494839737744, "updatedConfidence": 37.89509013818781, "teamId": 99999}, {"id": 41096858, "state": 2, "submissionId": 19574585, "reward": 8511, "index": 3, "initialScore": 1048.1456027907536, "initialConfidence": 42.50248407796576, "updatedScore": 1042.0010070736157, "updatedConfidence": 42.01193133417368, "teamId": 99999}]}