{"id": 18635899, "competitionId": 25401, "createTime": {"seconds": 1613769408}, "endTime": {"seconds": 1613769408}, "agents": [{"id": 41115137, "state": 2, "submissionId": 19395873, "reward": 19018, "index": 0, "initialScore": 1070.435135003261, "initialConfidence": 35.0, "updatedScore": 1072.3764976008326, "updatedConfidence": 35.0, "teamId": 99999}, {"id": 41115138, "state": 2, "submissionId": 19537041, "reward": 13115, "index": 1, "initialScore": 1094.5718586896417, "initialConfidence": 40.98097493610187, "updatedScore": 1092.4337406449629, "updatedConfidence": 40.52755479422928, "teamId": 99999}, {"id": 41115139, "state": 2, "submissionId": 19487408, "reward": 19021, "index": 2, "initialScore": 1115.2271798234342, "initialConfidence": 35.0, "updatedScore": 1119.2117359331305, "updatedConfidence": 35.0, "teamId": 99999}, {"id": 41115140, "state": 2, "submissionId": 19628699, "reward": 9711, "index": 3, "initialScore": 1092.1699507391168, "initialConfidence": 59.01487108596873, "updatedScore": 1079.756119059598, "updatedConfidence": 57.68979010797305, "teamId": 99999}]}