{"id": 18646896, "competitionId": 25401, "createTime": {"seconds": 1613773206}, "endTime": {"seconds": 1613773206}, "agents": [{"id": 41137649, "state": 2, "submissionId": 19407796, "reward": 15615, "index": 0, "initialScore": 931.1513175166178, "initialConfidence": 35.0, "updatedScore": 932.5062200708732, "updatedConfidence": 35.0, "teamId": 99999}, {"id": 41137650, "state": 2, "submissionId": 19613333, "reward": 15716, "index": 1, "initialScore": 920.7309594879474, "initialConfidence": 52.29873602542963, "updatedScore": 930.7083181682116, "updatedConfidence": 51.43388703274131, "teamId": 99999}, {"id": 41137651, "state": 2, "submissionId": 19475473, "reward": 10509, "index": 2, "initialScore": 970.3939086660844, "initialConfidence": 35.0, "updatedScore": 965.4792060345428, "updatedConfidence": 35.0, "teamId": 99999}, {"id": 41137652, "state": 2, "submissionId": 19652367, "reward": 13517, "index": 3, "initialScore": 913.512697264334, "initialConfidence": 155.0, "updatedScore": 895.689533149907, "updatedConfidence": 140.0, "teamId": 99999}]}