{"id": 18646209, "competitionId": 25401, "createTime": {"seconds": 1613772967}, "endTime": {"seconds": 1613772967}, "agents": [{"id": 41136243, "state": 2, "submissionId": 19652367, "reward": 20022, "index": 0, "initialScore": 832.2279676031825, "initialConfidence": 170.0, "updatedScore": 913.512697264334, "updatedConfidence": 155.0, "teamId": 99999}, {"id": 41136244, "state": 2, "submissionId": 19422971, "reward": 13709, "index": 1, "initialScore": 838.5392456633381, "initialConfidence": 35.0, "updatedScore": 837.0283284893576, "updatedConfidence": 35.0, "teamId": 99999}, {"id": 41136245, "state": 2, "submissionId": 19602066, "reward": 5108, "index": 2, "initialScore": 797.4404511959774, "initialConfidence": 47.00674027360993, "updatedScore": 790.8257759770413, "updatedConfidence": 46.43489651828772, "teamId": 99999}, {"id": 41136246, "state": 2, "submissionId": 19365079, "reward": 20013, "index": 3, "initialScore": 825.8298155077409, "initialConfidence": 35.0, "updatedScore": 827.5623861079412, "updatedConfidence": 35.0, "teamId": 99999}]}