{"id": 18644830, "competitionId": 25401, "createTime": {"seconds": 1613772484}, "endTime": {"seconds": 1613772484}, "agents": [{"id": 41133413, "state": 2, "submissionId": 19444655, "reward": 7111, "index": 0, "initialScore": 737.127622349267, "initialConfidence": 35.0, "updatedScore": 734.570963540517, "updatedConfidence": 35.0, "teamId": 99999}, {"id": 41133414, "state": 2, "submissionId": 19450086, "reward": 15513, "index": 1, "initialScore": 617.6170549428396, "initialConfidence": 35.0, "updatedScore": 620.5250820854503, "updatedConfidence": 35.0, "teamId": 99999}, {"id": 41133415, "state": 2, "submissionId": 19310465, "reward": 201, "index": 2, "initialScore": 681.5267493263395, "initialConfidence": 35.0, "updatedScore": 677.0886147264071, "updatedConfidence": 35.0, "teamId": 99999}, {"id": 41133416, "state": 2, "submissionId": 19652367, "reward": 15627, "index": 3, "initialScore": 600.0, "initialConfidence": 200.0, "updatedScore": 733.4454290962177, "updatedConfidence": 185.0, "teamId": 99999}]}