{"id": 18648959, "competitionId": 25401, "createTime": {"seconds": 1613773925}, "endTime": {"seconds": 1613773925}, "agents": [{"id": 41141875, "state": 2, "submissionId": 19492969, "reward": 13519, "index": 0, "initialScore": 1048.943625236179, "initialConfidence": 35.0, "updatedScore": 1046.1248761601732, "updatedConfidence": 35.0, "teamId": 99999}, {"id": 41141876, "state": 2, "submissionId": 19591947, "reward": 13510, "index": 1, "initialScore": 983.9161499038236, "initialConfidence": 46.438527635073925, "updatedScore": 976.1979364031898, "updatedConfidence": 45.81979664216001, "teamId": 99999}, {"id": 41141877, "state": 2, "submissionId": 19652367, "reward": 20023, "index": 2, "initialScore": 965.799524331622, "initialConfidence": 116.81844457967422, "updatedScore": 1013.2884195654012, "updatedConfidence": 107.84743648470509, "teamId": 99999}, {"id": 41141878, "state": 2, "submissionId": 19418222, "reward": 20018, "index": 3, "initialScore": 921.8685004764116, "initialConfidence": 35.0, "updatedScore": 924.8086047602702, "updatedConfidence": 35.0, "teamId": 99999}]}