{"id": 18645519, "competitionId": 25401, "createTime": {"seconds": 1613772725}, "endTime": {"seconds": 1613772725}, "agents": [{"id": 41134827, "state": 2, "submissionId": 19380375, "reward": 20004, "index": 0, "initialScore": 798.41241046193, "initialConfidence": 35.0, "updatedScore": 799.1867349459226, "updatedConfidence": 35.0, "teamId": 99999}, {"id": 41134828, "state": 2, "submissionId": 19422799, "reward": 10709, "index": 1, "initialScore": 649.9649821214946, "initialConfidence": 35.0, "updatedScore": 650.4268954504045, "updatedConfidence": 35.0, "teamId": 99999}, {"id": 41134829, "state": 2, "submissionId": 19652367, "reward": 20027, "index": 2, "initialScore": 733.4454290962177, "initialConfidence": 185.0, "updatedScore": 832.2279676031825, "updatedConfidence": 170.0, "teamId": 99999}, {"id": 41134830, "state": 2, "submissionId": 19651891, "reward": 9209, "index": 3, "initialScore": 784.6474919438549, "initialConfidence": 80.59818543338615, "updatedScore": 759.3424364998349, "updatedConfidence": 77.58897342938678, "teamId": 99999}]}