{"id": 18649646, "competitionId": 25401, "createTime": {"seconds": 1613774164}, "endTime": {"seconds": 1613774164}, "agents": [{"id": 41143281, "state": 2, "submissionId": 19574461, "reward": 14819, "index": 0, "initialScore": 1042.7298240371852, "initialConfidence": 40.08423913334138, "updatedScore": 1044.828873099701, "updatedConfidence": 39.68018033668147, "teamId": 99999}, {"id": 41143282, "state": 2, "submissionId": 19519116, "reward": 14913, "index": 1, "initialScore": 1067.3756680382216, "initialConfidence": 35.0, "updatedScore": 1071.4617185488464, "updatedConfidence": 35.0, "teamId": 99999}, {"id": 41143283, "state": 2, "submissionId": 19475968, "reward": 14814, "index": 2, "initialScore": 1086.5589169353325, "initialConfidence": 35.0, "updatedScore": 1084.262080372536, "updatedConfidence": 35.0, "teamId": 99999}, {"id": 41143284, "state": 2, "submissionId": 19652367, "reward": 10416, "index": 3, "initialScore": 1013.2884195654012, "initialConfidence": 107.84743648470509, "updatedScore": 981.105480451658, "updatedConfidence": 101.3007209938124, "teamId": 99999}]}