{"id": 18648270, "competitionId": 25401, "createTime": {"seconds": 1613773687}, "endTime": {"seconds": 1613773687}, "agents": [{"id": 41140461, "state": 2, "submissionId": 19420104, "reward": 12208, "index": 0, "initialScore": 803.3429334681166, "initialConfidence": 35.0, "updatedScore": 800.4448649955917, "updatedConfidence": 35.0, "teamId": 99999}, {"id": 41140462, "state": 2, "submissionId": 19652367, "reward": 20021, "index": 1, "initialScore": 923.8056049057176, "initialConfidence": 126.535715963833, "updatedScore": 965.799524331622, "updatedConfidence": 116.81844457967422, "teamId": 99999}, {"id": 41140463, "state": 2, "submissionId": 19599249, "reward": 20012, "index": 2, "initialScore": 900.3886702387287, "initialConfidence": 49.31896110967492, "updatedScore": 896.9827895986461, "updatedConfidence": 48.64125414337684, "teamId": 99999}, {"id": 41140464, "state": 2, "submissionId": 19594190, "reward": 20014, "index": 3, "initialScore": 890.5497939046874, "initialConfidence": 46.40979479592493, "updatedScore": 893.0121779893775, "updatedConfidence": 45.842177204798425, "teamId": 99999}]}