{"id": 18647583, "competitionId": 25401, "createTime": {"seconds": 1613773447}, "endTime": {"seconds": 1613773447}, "agents": [{"id": 41139055, "state": 2, "submissionId": 19575363, "reward": 12321, "index": 0, "initialScore": 992.0471711276576, "initialConfidence": 41.49674365116768, "updatedScore": 996.378509215431, "updatedConfidence": 41.12369454104826, "teamId": 99999}, {"id": 41139056, "state": 2, "submissionId": 19353692, "reward": 6110, "index": 1, "initialScore": 899.377456223547, "initialConfidence": 35.0, "updatedScore": 895.701978609232, "updatedConfidence": 35.0, "teamId": 99999}, {"id": 41139057, "state": 2, "submissionId": 19409372, "reward": 6407, "index": 2, "initialScore": 924.1378096628636, "initialConfidence": 35.0, "updatedScore": 922.9747600841528, "updatedConfidence": 35.0, "teamId": 99999}, {"id": 41139058, "state": 2, "submissionId": 19652367, "reward": 12316, "index": 3, "initialScore": 895.689533149907, "initialConfidence": 140.0, "updatedScore": 923.8056049057176, "updatedConfidence": 126.535715963833, "teamId": 99999}]}