{"id": 18650334, "competitionId": 25401, "createTime": {"seconds": 1613774407}, "endTime": {"seconds": 1613774407}, "agents": [{"id": 41144691, "state": 2, "submissionId": 19529163, "reward": 12310, "index": 0, "initialScore": 1068.697249314155, "initialConfidence": 37.84316178686717, "updatedScore": 1072.5578164842098, "updatedConfidence": 37.54060388520071, "teamId": 99999}, {"id": 41144692, "state": 2, "submissionId": 19652367, "reward": 12212, "index": 1, "initialScore": 981.105480451658, "initialConfidence": 101.3007209938124, "updatedScore": 974.2971603184928, "updatedConfidence": 95.74467552120043, "teamId": 99999}, {"id": 41144693, "state": 2, "submissionId": 19476806, "reward": 12213, "index": 2, "initialScore": 1033.060849760641, "initialConfidence": 35.0, "updatedScore": 1034.0703475454363, "updatedConfidence": 35.0, "teamId": 99999}, {"id": 41144694, "state": 2, "submissionId": 19475473, "reward": 9509, "index": 3, "initialScore": 970.5831600164316, "initialConfidence": 35.0, "updatedScore": 967.0841325824236, "updatedConfidence": 35.0, "teamId": 99999}]}