{"id": 18651023, "competitionId": 25401, "createTime": {"seconds": 1613774645}, "endTime": {"seconds": 1613774645}, "agents": [{"id": 41146105, "state": 2, "submissionId": 19506031, "reward": 10708, "index": 0, "initialScore": 936.2295376816628, "initialConfidence": 35.0, "updatedScore": 932.9184571927046, "updatedConfidence": 35.0, "teamId": 99999}, {"id": 41146106, "state": 2, "submissionId": 19652367, "reward": 18618, "index": 1, "initialScore": 974.2971603184928, "initialConfidence": 95.74467552120043, "updatedScore": 986.5842075647744, "updatedConfidence": 90.83744845401716, "teamId": 99999}, {"id": 41146107, "state": 2, "submissionId": 19603427, "reward": 12617, "index": 2, "initialScore": 1002.1563980395036, "initialConfidence": 50.42584265222381, "updatedScore": 998.8165469331284, "updatedConfidence": 49.66405673512388, "teamId": 99999}, {"id": 41146108, "state": 2, "submissionId": 19574461, "reward": 18627, "index": 3, "initialScore": 1044.828873099701, "initialConfidence": 39.68018033668147, "updatedScore": 1049.0423500104096, "updatedConfidence": 39.33475174164055, "teamId": 99999}]}