{"id": 18651711, "competitionId": 25401, "createTime": {"seconds": 1613774885}, "endTime": {"seconds": 1613774885}, "agents": [{"id": 41147515, "state": 2, "submissionId": 19589230, "reward": 12515, "index": 0, "initialScore": 970.904810093019, "initialConfidence": 45.34026314534934, "updatedScore": 964.1289525828028, "updatedConfidence": 44.774806335361546, "teamId": 99999}, {"id": 41147516, "state": 2, "submissionId": 19652367, "reward": 19917, "index": 1, "initialScore": 986.5842075647744, "initialConfidence": 90.83744845401716, "updatedScore": 977.0942396202696, "updatedConfidence": 86.48865014480891, "teamId": 99999}, {"id": 41147517, "state": 2, "submissionId": 19581368, "reward": 20011, "index": 2, "initialScore": 995.301021295804, "initialConfidence": 43.055430469552455, "updatedScore": 1001.5189032484498, "updatedConfidence": 42.56688929363506, "teamId": 99999}, {"id": 41147518, "state": 2, "submissionId": 19624252, "reward": 19924, "index": 3, "initialScore": 986.4336787606916, "initialConfidence": 55.83528194485086, "updatedScore": 989.8380264251848, "updatedConfidence": 54.77263033204582, "teamId": 99999}]}