{"id": 18652400, "competitionId": 25401, "createTime": {"seconds": 1613775123}, "endTime": {"seconds": 1613775123}, "agents": [{"id": 41148929, "state": 2, "submissionId": 19573213, "reward": 13123, "index": 0, "initialScore": 1049.5132969978465, "initialConfidence": 42.355382415147766, "updatedScore": 1041.3993406815864, "updatedConfidence": 41.82115340610428, "teamId": 99999}, {"id": 41148930, "state": 2, "submissionId": 19396517, "reward": 17208, "index": 1, "initialScore": 933.7501760228452, "initialConfidence": 35.0, "updatedScore": 933.6885847572306, "updatedConfidence": 35.0, "teamId": 99999}, {"id": 41148931, "state": 2, "submissionId": 19526218, "reward": 20018, "index": 2, "initialScore": 1027.2441664307169, "initialConfidence": 36.433563061149954, "updatedScore": 1031.3685696256464, "updatedConfidence": 36.14363768871735, "teamId": 99999}, {"id": 41148932, "state": 2, "submissionId": 19652367, "reward": 20015, "index": 3, "initialScore": 977.0942396202696, "initialConfidence": 86.48865014480891, "updatedScore": 988.0606693028672, "updatedConfidence": 82.64276954808803, "teamId": 99999}]}