{"id": 18657208, "competitionId": 25401, "createTime": {"seconds": 1613776799}, "endTime": {"seconds": 1613776799}, "agents": [{"id": 41158767, "state": 2, "submissionId": 19605155, "reward": 20019, "index": 0, "initialScore": 1047.1246867713498, "initialConfidence": 49.58300852214245, "updatedScore": 1051.7913507464816, "updatedConfidence": 48.784049298265934, "teamId": 99999}, {"id": 41158768, "state": 2, "submissionId": 19514882, "reward": 6909, "index": 1, "initialScore": 1078.9421358205432, "initialConfidence": 35.0, "updatedScore": 1074.645446608666, "updatedConfidence": 35.0, "teamId": 99999}, {"id": 41158769, "state": 2, "submissionId": 19536140, "reward": 12417, "index": 2, "initialScore": 1095.763065551787, "initialConfidence": 35.0, "updatedScore": 1094.0975990076563, "updatedConfidence": 35.0, "teamId": 99999}, {"id": 41158770, "state": 2, "submissionId": 19517799, "reward": 20027, "index": 3, "initialScore": 1128.0055306803729, "initialConfidence": 35.8315889780838, "updatedScore": 1131.8172725255574, "updatedConfidence": 35.55211275205606, "teamId": 99999}]}