{"id": 18665470, "competitionId": 25401, "createTime": {"seconds": 1613779687}, "endTime": {"seconds": 1613779687}, "agents": [{"id": 41175711, "state": 2, "submissionId": 19533620, "reward": 20007, "index": 0, "initialScore": 1150.621079627438, "initialConfidence": 37.752946523700416, "updatedScore": 1150.6385258902017, "updatedConfidence": 37.40572857256311, "teamId": 99999}, {"id": 41175712, "state": 2, "submissionId": 19521592, "reward": 20027, "index": 1, "initialScore": 1031.3680635418789, "initialConfidence": 35.0, "updatedScore": 1037.04219865896, "updatedConfidence": 35.0, "teamId": 99999}, {"id": 41175713, "state": 2, "submissionId": 19595248, "reward": 17220, "index": 2, "initialScore": 1041.2128442216977, "initialConfidence": 47.45289397631837, "updatedScore": 1040.062118488136, "updatedConfidence": 46.765309941441046, "teamId": 99999}, {"id": 41175714, "state": 2, "submissionId": 19514641, "reward": 10708, "index": 3, "initialScore": 1107.7373891041025, "initialConfidence": 35.0, "updatedScore": 1102.6742711028696, "updatedConfidence": 35.0, "teamId": 99999}]}