{"id": 18676466, "competitionId": 25401, "createTime": {"seconds": 1613783528}, "endTime": {"seconds": 1613783528}, "agents": [{"id": 41198223, "state": 2, "submissionId": 19534393, "reward": 20016, "index": 0, "initialScore": 992.96676087075, "initialConfidence": 35.77659010184653, "updatedScore": 995.0423986500966, "updatedConfidence": 35.46768656611177, "teamId": 99999}, {"id": 41198224, "state": 2, "submissionId": 19566309, "reward": 20003, "index": 1, "initialScore": 1054.7294081732452, "initialConfidence": 41.4336044108724, "updatedScore": 1047.258078898131, "updatedConfidence": 40.937119472161605, "teamId": 99999}, {"id": 41198225, "state": 2, "submissionId": 19457343, "reward": 20012, "index": 2, "initialScore": 1009.337729300801, "initialConfidence": 35.0, "updatedScore": 1007.9729981408412, "updatedConfidence": 35.0, "teamId": 99999}, {"id": 41198226, "state": 2, "submissionId": 19652367, "reward": 20019, "index": 3, "initialScore": 988.0606693028672, "initialConfidence": 82.64276954808803, "updatedScore": 1014.317700219888, "updatedConfidence": 79.04116423221984, "teamId": 99999}]}