{"id": 18688160, "competitionId": 25401, "createTime": {"seconds": 1613787605}, "endTime": {"seconds": 1613787605}, "agents": [{"id": 41222183, "state": 2, "submissionId": 19602819, "reward": 10414, "index": 0, "initialScore": 980.7623107010824, "initialConfidence": 48.37851790342536, "updatedScore": 975.7771875735084, "updatedConfidence": 47.80331306810066, "teamId": 99999}, {"id": 41222184, "state": 2, "submissionId": 19517799, "reward": 19921, "index": 1, "initialScore": 1131.8172725255574, "initialConfidence": 35.55211275205606, "updatedScore": 1132.2249290757277, "updatedConfidence": 35.27092299968218, "teamId": 99999}, {"id": 41222185, "state": 2, "submissionId": 19459423, "reward": 11718, "index": 2, "initialScore": 1125.253896548939, "initialConfidence": 35.0, "updatedScore": 1122.7913396247366, "updatedConfidence": 35.0, "teamId": 99999}, {"id": 41222186, "state": 2, "submissionId": 19519116, "reward": 19923, "index": 3, "initialScore": 1071.4617185488464, "initialConfidence": 35.0, "updatedScore": 1076.1383790877912, "updatedConfidence": 35.0, "teamId": 99999}]}