{"id": 18694346, "competitionId": 25401, "createTime": {"seconds": 1613789769}, "endTime": {"seconds": 1613789769}, "agents": [{"id": 41234845, "state": 2, "submissionId": 19654399, "reward": 20024, "index": 0, "initialScore": 1014.15119714475, "initialConfidence": 116.38817105287288, "updatedScore": 1061.049042597323, "updatedConfidence": 107.66570074348812, "teamId": 99999}, {"id": 41234846, "state": 2, "submissionId": 19514869, "reward": 20011, "index": 1, "initialScore": 1073.8601031135886, "initialConfidence": 35.0, "updatedScore": 1071.7367823110187, "updatedConfidence": 35.0, "teamId": 99999}, {"id": 41234847, "state": 2, "submissionId": 19602556, "reward": 12716, "index": 2, "initialScore": 1021.104879747158, "initialConfidence": 45.17584089080913, "updatedScore": 1014.4186971466664, "updatedConfidence": 44.63871572471373, "teamId": 99999}, {"id": 41234848, "state": 2, "submissionId": 19652367, "reward": 20015, "index": 3, "initialScore": 1014.317700219888, "initialConfidence": 79.04116423221984, "updatedScore": 1023.9852343631608, "updatedConfidence": 76.10055806412674, "teamId": 99999}]}