{"id": 18716346, "competitionId": 25401, "createTime": {"seconds": 1613797449}, "endTime": {"seconds": 1613797449}, "agents": [{"id": 41279897, "state": 2, "submissionId": 19558679, "reward": 15513, "index": 0, "initialScore": 1068.163510945211, "initialConfidence": 39.40544075294615, "updatedScore": 1067.1428946102085, "updatedConfidence": 39.0230932766739, "teamId": 99999}, {"id": 41279898, "state": 2, "submissionId": 19482718, "reward": 8615, "index": 1, "initialScore": 1082.940018673548, "initialConfidence": 35.0, "updatedScore": 1078.8361413599002, "updatedConfidence": 35.0, "teamId": 99999}, {"id": 41279899, "state": 2, "submissionId": 19614085, "reward": 15618, "index": 2, "initialScore": 1116.6718572332427, "initialConfidence": 57.561948894023125, "updatedScore": 1119.7165345951582, "updatedConfidence": 56.39002401155236, "teamId": 99999}, {"id": 41279900, "state": 2, "submissionId": 19517799, "reward": 15717, "index": 3, "initialScore": 1132.2249290757277, "initialConfidence": 35.27092299968218, "updatedScore": 1136.0671145554425, "updatedConfidence": 35.00103024030517, "teamId": 99999}]}