{"id": 18712905, "competitionId": 25401, "createTime": {"seconds": 1613796248}, "endTime": {"seconds": 1613796248}, "agents": [{"id": 41272843, "state": 2, "submissionId": 19469841, "reward": 20019, "index": 0, "initialScore": 1132.7854100852994, "initialConfidence": 35.0, "updatedScore": 1134.6206795516268, "updatedConfidence": 35.0, "teamId": 99999}, {"id": 41272844, "state": 2, "submissionId": 19471900, "reward": 18516, "index": 1, "initialScore": 1165.1533521501417, "initialConfidence": 35.0, "updatedScore": 1163.273673901679, "updatedConfidence": 35.0, "teamId": 99999}, {"id": 41272845, "state": 2, "submissionId": 19519164, "reward": 8813, "index": 2, "initialScore": 1152.5494839737744, "initialConfidence": 37.89509013818781, "updatedScore": 1147.1792037703258, "updatedConfidence": 37.52627718708843, "teamId": 99999}, {"id": 41272846, "state": 2, "submissionId": 19458246, "reward": 20021, "index": 3, "initialScore": 1141.9877807523949, "initialConfidence": 35.0, "updatedScore": 1146.6132618364022, "updatedConfidence": 35.0, "teamId": 99999}]}