{"id": 18721155, "competitionId": 25401, "createTime": {"seconds": 1613799133}, "endTime": {"seconds": 1613799133}, "agents": [{"id": 41289739, "state": 2, "submissionId": 19395873, "reward": 10613, "index": 0, "initialScore": 1068.4580897865517, "initialConfidence": 35.0, "updatedScore": 1073.0392139162916, "updatedConfidence": 35.0, "teamId": 99999}, {"id": 41289740, "state": 2, "submissionId": 19557293, "reward": 4708, "index": 1, "initialScore": 1046.283060996462, "initialConfidence": 38.31291875884334, "updatedScore": 1041.5745542559837, "updatedConfidence": 37.95871349681813, "teamId": 99999}, {"id": 41289741, "state": 2, "submissionId": 19487408, "reward": 10520, "index": 2, "initialScore": 1119.2117359331305, "initialConfidence": 35.0, "updatedScore": 1119.707758767584, "updatedConfidence": 35.0, "teamId": 99999}, {"id": 41289742, "state": 2, "submissionId": 19586873, "reward": 10511, "index": 3, "initialScore": 1055.6575417756112, "initialConfidence": 41.576304712856384, "updatedScore": 1054.0379966648188, "updatedConfidence": 41.11963841893131, "teamId": 99999}]}