{"id": 18734907, "competitionId": 25401, "createTime": {"seconds": 1613803935}, "endTime": {"seconds": 1613803935}, "agents": [{"id": 41317903, "state": 2, "submissionId": 19652367, "reward": 14519, "index": 0, "initialScore": 1023.9852343631608, "initialConfidence": 76.10055806412674, "updatedScore": 1044.6841472655929, "updatedConfidence": 73.33759641820178, "teamId": 99999}, {"id": 41317904, "state": 2, "submissionId": 19559883, "reward": 4303, "index": 1, "initialScore": 1023.3859958285524, "initialConfidence": 38.08076220239437, "updatedScore": 1018.302554671597, "updatedConfidence": 37.72619150105291, "teamId": 99999}, {"id": 41317905, "state": 2, "submissionId": 19517788, "reward": 14418, "index": 2, "initialScore": 1049.9212153293124, "initialConfidence": 35.0, "updatedScore": 1051.030176284901, "updatedConfidence": 35.0, "teamId": 99999}, {"id": 41317906, "state": 2, "submissionId": 19568142, "reward": 6611, "index": 3, "initialScore": 1017.572692966904, "initialConfidence": 40.763049206973164, "updatedScore": 1015.9543614548836, "updatedConfidence": 40.33173471768264, "teamId": 99999}]}