{"id": 18750726, "competitionId": 25401, "createTime": {"seconds": 1613809457}, "endTime": {"seconds": 1613809457}, "agents": [{"id": 41350309, "state": 2, "submissionId": 19498585, "reward": 7309, "index": 0, "initialScore": 1124.5530326906764, "initialConfidence": 35.0, "updatedScore": 1119.9887332105684, "updatedConfidence": 35.0, "teamId": 99999}, {"id": 41350310, "state": 2, "submissionId": 19507900, "reward": 20018, "index": 1, "initialScore": 1104.6992561179593, "initialConfidence": 35.0, "updatedScore": 1109.5639453400104, "updatedConfidence": 35.0, "teamId": 99999}, {"id": 41350311, "state": 2, "submissionId": 19469817, "reward": 19319, "index": 2, "initialScore": 1105.7567382947138, "initialConfidence": 35.0, "updatedScore": 1104.59727429014, "updatedConfidence": 35.0, "teamId": 99999}, {"id": 41350312, "state": 2, "submissionId": 19533620, "reward": 20010, "index": 3, "initialScore": 1150.6385258902017, "initialConfidence": 37.40572857256311, "updatedScore": 1151.6197559756952, "updatedConfidence": 37.05960776609898, "teamId": 99999}]}