{"id": 18759664, "competitionId": 25401, "createTime": {"seconds": 1613812579}, "endTime": {"seconds": 1613812579}, "agents": [{"id": 41368615, "state": 2, "submissionId": 19530552, "reward": 16211, "index": 0, "initialScore": 1069.617834736185, "initialConfidence": 37.32460249997143, "updatedScore": 1063.9108407930044, "updatedConfidence": 36.97062124813386, "teamId": 99999}, {"id": 41368616, "state": 2, "submissionId": 19652367, "reward": 20017, "index": 1, "initialScore": 1044.6841472655929, "initialConfidence": 73.33759641820178, "updatedScore": 1050.630966615751, "updatedConfidence": 70.92645134767632, "teamId": 99999}, {"id": 41368617, "state": 2, "submissionId": 19554669, "reward": 20018, "index": 2, "initialScore": 1048.725335308876, "initialConfidence": 40.33373761388712, "updatedScore": 1054.3481838680173, "updatedConfidence": 39.9189908208611, "teamId": 99999}, {"id": 41368618, "state": 2, "submissionId": 19629673, "reward": 16311, "index": 3, "initialScore": 1000.2373071608382, "initialConfidence": 53.61740121176299, "updatedScore": 998.8990459519538, "updatedConfidence": 52.65305086879555, "teamId": 99999}]}