{"id": 18765172, "competitionId": 25401, "createTime": {"seconds": 1613814497}, "endTime": {"seconds": 1613814497}, "agents": [{"id": 41379909, "state": 2, "submissionId": 19620502, "reward": 20016, "index": 0, "initialScore": 944.6080144529726, "initialConfidence": 52.13710859578791, "updatedScore": 950.6027369446606, "updatedConfidence": 51.27335256609762, "teamId": 99999}, {"id": 41379910, "state": 2, "submissionId": 19658216, "reward": 15308, "index": 1, "initialScore": 990.1560093625824, "initialConfidence": 108.04674782348376, "updatedScore": 954.9351256379862, "updatedConfidence": 101.37964549708845, "teamId": 99999}, {"id": 41379911, "state": 2, "submissionId": 19652367, "reward": 20025, "index": 2, "initialScore": 1050.630966615751, "initialConfidence": 70.92645134767632, "updatedScore": 1064.86925695114, "updatedConfidence": 69.00633304156536, "teamId": 99999}, {"id": 41379912, "state": 2, "submissionId": 19488330, "reward": 20008, "index": 3, "initialScore": 1053.786364301395, "initialConfidence": 35.0, "updatedScore": 1051.313474487306, "updatedConfidence": 35.0, "teamId": 99999}]}