{"id": 18768612, "competitionId": 25401, "createTime": {"seconds": 1613815693}, "endTime": {"seconds": 1613815693}, "agents": [{"id": 41386957, "state": 2, "submissionId": 19514562, "reward": 14716, "index": 0, "initialScore": 1042.2332230248826, "initialConfidence": 35.0, "updatedScore": 1041.6086434466915, "updatedConfidence": 35.0, "teamId": 99999}, {"id": 41386958, "state": 2, "submissionId": 19521646, "reward": 19217, "index": 1, "initialScore": 1089.7889053083595, "initialConfidence": 35.0, "updatedScore": 1091.1663902309724, "updatedConfidence": 35.0, "teamId": 99999}, {"id": 41386959, "state": 2, "submissionId": 19545304, "reward": 14709, "index": 2, "initialScore": 1068.956399782596, "initialConfidence": 35.96317117167281, "updatedScore": 1064.544890926043, "updatedConfidence": 35.66111181555012, "teamId": 99999}, {"id": 41386960, "state": 2, "submissionId": 19517799, "reward": 19220, "index": 3, "initialScore": 1136.0671145554425, "initialConfidence": 35.00103024030517, "updatedScore": 1139.4927846194948, "updatedConfidence": 35.0, "teamId": 99999}]}