{"id": 18776192, "competitionId": 25401, "createTime": {"seconds": 1613818338}, "endTime": {"seconds": 1613818338}, "agents": [{"id": 41402513, "state": 2, "submissionId": 19501069, "reward": 10008, "index": 0, "initialScore": 1078.75564590846, "initialConfidence": 35.0, "updatedScore": 1075.0683144776317, "updatedConfidence": 35.0, "teamId": 99999}, {"id": 41402514, "state": 2, "submissionId": 19644486, "reward": 16417, "index": 1, "initialScore": 1105.8981458266464, "initialConfidence": 64.64422878886616, "updatedScore": 1101.6088399468406, "updatedConfidence": 63.019769212535046, "teamId": 99999}, {"id": 41402515, "state": 2, "submissionId": 19633549, "reward": 20020, "index": 2, "initialScore": 1154.0050181341553, "initialConfidence": 60.455703780998, "updatedScore": 1155.9109232352462, "updatedConfidence": 59.12472142550291, "teamId": 99999}, {"id": 41402516, "state": 2, "submissionId": 19487408, "reward": 20024, "index": 3, "initialScore": 1119.707758767584, "initialConfidence": 35.0, "updatedScore": 1124.0136647336603, "updatedConfidence": 35.0, "teamId": 99999}]}