{"id": 18786523, "competitionId": 25401, "createTime": {"seconds": 1613821933}, "endTime": {"seconds": 1613821933}, "agents": [{"id": 41423707, "state": 2, "submissionId": 19644594, "reward": 13215, "index": 0, "initialScore": 942.417334771659, "initialConfidence": 63.22821149861038, "updatedScore": 943.100431138664, "updatedConfidence": 61.79548060475207, "teamId": 99999}, {"id": 41423708, "state": 2, "submissionId": 19652367, "reward": 13915, "index": 1, "initialScore": 1064.86925695114, "initialConfidence": 69.00633304156536, "updatedScore": 1073.3199238507964, "updatedConfidence": 67.81901357791291, "teamId": 99999}, {"id": 41423709, "state": 2, "submissionId": 19537587, "reward": 13915, "index": 2, "initialScore": 1065.482170394325, "initialConfidence": 35.0, "updatedScore": 1067.6959346035312, "updatedConfidence": 35.0, "teamId": 99999}, {"id": 41423710, "state": 2, "submissionId": 19560466, "reward": 4105, "index": 3, "initialScore": 1035.865438114556, "initialConfidence": 38.52184680243428, "updatedScore": 1030.2967228935995, "updatedConfidence": 38.1502872453704, "teamId": 99999}]}