{"id": 18798206, "competitionId": 25401, "createTime": {"seconds": 1613826018}, "endTime": {"seconds": 1613826018}, "agents": [{"id": 41447625, "state": 2, "submissionId": 19519164, "reward": 12607, "index": 0, "initialScore": 1147.1792037703258, "initialConfidence": 37.52627718708843, "updatedScore": 1140.53670859469, "updatedConfidence": 37.13336336455004, "teamId": 99999}, {"id": 41447626, "state": 2, "submissionId": 19477548, "reward": 15912, "index": 1, "initialScore": 1065.8898063648612, "initialConfidence": 35.0, "updatedScore": 1064.9626534119263, "updatedConfidence": 35.0, "teamId": 99999}, {"id": 41447627, "state": 2, "submissionId": 19487386, "reward": 20019, "index": 2, "initialScore": 1100.6395494524506, "initialConfidence": 35.0, "updatedScore": 1101.9293446502124, "updatedConfidence": 35.0, "teamId": 99999}, {"id": 41447628, "state": 2, "submissionId": 19513042, "reward": 20024, "index": 3, "initialScore": 1050.9849124708107, "initialConfidence": 35.0, "updatedScore": 1056.4005208126136, "updatedConfidence": 35.0, "teamId": 99999}]}