{"id": 18811975, "competitionId": 25401, "createTime": {"seconds": 1613830820}, "endTime": {"seconds": 1613830820}, "agents": [{"id": 41475861, "state": 2, "submissionId": 19533620, "reward": 11411, "index": 0, "initialScore": 1151.6197559756952, "initialConfidence": 37.05960776609898, "updatedScore": 1146.264407099975, "updatedConfidence": 36.71940373649538, "teamId": 99999}, {"id": 41475862, "state": 2, "submissionId": 19590854, "reward": 16415, "index": 1, "initialScore": 1130.0223454251832, "initialConfidence": 49.063699317612425, "updatedScore": 1127.4108003854524, "updatedConfidence": 48.29826385141255, "teamId": 99999}, {"id": 41475863, "state": 2, "submissionId": 19654223, "reward": 19622, "index": 2, "initialScore": 1162.0520172027295, "initialConfidence": 75.64012161292334, "updatedScore": 1179.5845857565723, "updatedConfidence": 73.12083334915023, "teamId": 99999}, {"id": 41475864, "state": 2, "submissionId": 19546013, "reward": 19521, "index": 3, "initialScore": 1095.9145433280073, "initialConfidence": 38.73780900268516, "updatedScore": 1098.7954206225625, "updatedConfidence": 38.35825739754687, "teamId": 99999}]}