{"id": 18838150, "competitionId": 25401, "createTime": {"seconds": 1613839945}, "endTime": {"seconds": 1613839945}, "agents": [{"id": 41529565, "state": 2, "submissionId": 19652367, "reward": 20020, "index": 0, "initialScore": 1073.3199238507964, "initialConfidence": 67.81901357791291, "updatedScore": 1087.8808484130163, "updatedConfidence": 65.97023143659031, "teamId": 99999}, {"id": 41529566, "state": 2, "submissionId": 19499442, "reward": 10112, "index": 1, "initialScore": 1075.3167135274075, "initialConfidence": 35.0, "updatedScore": 1070.4138003065602, "updatedConfidence": 35.0, "teamId": 99999}, {"id": 41529567, "state": 2, "submissionId": 19611564, "reward": 16716, "index": 2, "initialScore": 1047.7115975529243, "initialConfidence": 51.59733397467439, "updatedScore": 1044.851151632346, "updatedConfidence": 50.71008226231999, "teamId": 99999}, {"id": 41529568, "state": 2, "submissionId": 19645304, "reward": 20017, "index": 3, "initialScore": 1009.8590140111564, "initialConfidence": 59.21167160487924, "updatedScore": 1016.5589952473476, "updatedConfidence": 57.88466472868094, "teamId": 99999}]}