{"id": 18845713, "competitionId": 25401, "createTime": {"seconds": 1613842571}, "endTime": {"seconds": 1613842571}, "agents": [{"id": 41545055, "state": 2, "submissionId": 19663255, "reward": 12415, "index": 0, "initialScore": 1110.3048597221195, "initialConfidence": 85.83243041015704, "updatedScore": 1098.2180064055306, "updatedConfidence": 82.19590047715711, "teamId": 99999}, {"id": 41545056, "state": 2, "submissionId": 19481314, "reward": 11506, "index": 1, "initialScore": 1003.4275171881068, "initialConfidence": 35.0, "updatedScore": 1000.4350110235076, "updatedConfidence": 35.0, "teamId": 99999}, {"id": 41545057, "state": 2, "submissionId": 19554879, "reward": 20027, "index": 2, "initialScore": 1049.9986301872843, "initialConfidence": 40.4560218001057, "updatedScore": 1056.679327030305, "updatedConfidence": 40.01089281790943, "teamId": 99999}, {"id": 41545058, "state": 2, "submissionId": 19533620, "reward": 20009, "index": 3, "initialScore": 1146.264407099975, "initialConfidence": 36.71940373649538, "updatedScore": 1146.2666407647794, "updatedConfidence": 36.41977706657072, "teamId": 99999}]}