{"id": 18854682, "competitionId": 25401, "createTime": {"seconds": 1613845692}, "endTime": {"seconds": 1613845692}, "agents": [{"id": 41563485, "state": 2, "submissionId": 19487408, "reward": 13820, "index": 0, "initialScore": 1124.0136647336603, "initialConfidence": 35.0, "updatedScore": 1124.185466525554, "updatedConfidence": 35.0, "teamId": 99999}, {"id": 41563486, "state": 2, "submissionId": 19506800, "reward": 8812, "index": 1, "initialScore": 1095.843618674741, "initialConfidence": 36.297518745324936, "updatedScore": 1089.962102334779, "updatedConfidence": 35.95396626102258, "teamId": 99999}, {"id": 41563487, "state": 2, "submissionId": 19484207, "reward": 13915, "index": 2, "initialScore": 1070.369083906577, "initialConfidence": 35.0, "updatedScore": 1074.6444104439947, "updatedConfidence": 35.0, "teamId": 99999}, {"id": 41563488, "state": 2, "submissionId": 19481134, "reward": 13808, "index": 3, "initialScore": 933.1338823141638, "initialConfidence": 35.0, "updatedScore": 934.155295584842, "updatedConfidence": 35.0, "teamId": 99999}]}