{"id": 18850533, "competitionId": 25401, "createTime": {"seconds": 1613844258}, "endTime": {"seconds": 1613844258}, "agents": [{"id": 41554941, "state": 2, "submissionId": 19498541, "reward": 10610, "index": 0, "initialScore": 1072.3066204759962, "initialConfidence": 35.0, "updatedScore": 1067.921093223592, "updatedConfidence": 35.0, "teamId": 99999}, {"id": 41554942, "state": 2, "submissionId": 19645304, "reward": 20015, "index": 1, "initialScore": 1029.3958988805755, "initialConfidence": 56.58856957462036, "updatedScore": 1035.9262506675373, "updatedConfidence": 55.36091764370358, "teamId": 99999}, {"id": 41554943, "state": 2, "submissionId": 19644281, "reward": 20025, "index": 2, "initialScore": 1057.2283592778397, "initialConfidence": 62.20379818292629, "updatedScore": 1072.1966042001925, "updatedConfidence": 60.62385786895048, "teamId": 99999}, {"id": 41554944, "state": 2, "submissionId": 19517799, "reward": 20012, "index": 3, "initialScore": 1139.4927846194948, "initialConfidence": 35.0, "updatedScore": 1136.6413285450471, "updatedConfidence": 35.0, "teamId": 99999}]}