{"id": 18879464, "competitionId": 25401, "createTime": {"seconds": 1613854334}, "endTime": {"seconds": 1613854334}, "agents": [{"id": 41614297, "state": 2, "submissionId": 19533620, "reward": 19611, "index": 0, "initialScore": 1146.2666407647794, "initialConfidence": 36.41977706657072, "updatedScore": 1146.401748742411, "updatedConfidence": 36.1300657658935, "teamId": 99999}, {"id": 41614298, "state": 2, "submissionId": 19541598, "reward": 16618, "index": 1, "initialScore": 1110.3830681700026, "initialConfidence": 37.10616019215017, "updatedScore": 1107.9807021608922, "updatedConfidence": 36.79713307350118, "teamId": 99999}, {"id": 41614299, "state": 2, "submissionId": 19508802, "reward": 15509, "index": 2, "initialScore": 961.029883644474, "initialConfidence": 35.0, "updatedScore": 958.7175798130496, "updatedConfidence": 35.0, "teamId": 99999}, {"id": 41614300, "state": 2, "submissionId": 19530280, "reward": 19625, "index": 3, "initialScore": 1087.9413091698527, "initialConfidence": 35.21258990513806, "updatedScore": 1092.3189196173453, "updatedConfidence": 35.0, "teamId": 99999}]}