{"id": 18878787, "competitionId": 25401, "createTime": {"seconds": 1613854094}, "endTime": {"seconds": 1613854094}, "agents": [{"id": 41612931, "state": 2, "submissionId": 19484141, "reward": 20016, "index": 0, "initialScore": 1126.0126808847615, "initialConfidence": 35.0, "updatedScore": 1128.6930653054926, "updatedConfidence": 35.0, "teamId": 99999}, {"id": 41612932, "state": 2, "submissionId": 19519164, "reward": 11517, "index": 1, "initialScore": 1140.53670859469, "initialConfidence": 37.13336336455004, "updatedScore": 1134.8215241290957, "updatedConfidence": 36.77105078974935, "teamId": 99999}, {"id": 41612933, "state": 2, "submissionId": 19472912, "reward": 20016, "index": 2, "initialScore": 1106.08322257981, "initialConfidence": 35.0, "updatedScore": 1109.3228418012889, "updatedConfidence": 35.0, "teamId": 99999}, {"id": 41612934, "state": 2, "submissionId": 19514746, "reward": 20015, "index": 3, "initialScore": 1084.3962868377591, "initialConfidence": 35.0, "updatedScore": 1083.5536409643107, "updatedConfidence": 35.0, "teamId": 99999}]}