{"id": 18882914, "competitionId": 25401, "createTime": {"seconds": 1613855535}, "endTime": {"seconds": 1613855535}, "agents": [{"id": 41621387, "state": 2, "submissionId": 19517799, "reward": 20012, "index": 0, "initialScore": 1136.6413285450471, "initialConfidence": 35.0, "updatedScore": 1134.301459325318, "updatedConfidence": 35.0, "teamId": 99999}, {"id": 41621388, "state": 2, "submissionId": 19635300, "reward": 20017, "index": 1, "initialScore": 1037.0768297437523, "initialConfidence": 52.9684238722392, "updatedScore": 1047.6036084609048, "updatedConfidence": 52.20139656103041, "teamId": 99999}, {"id": 41621389, "state": 2, "submissionId": 19476680, "reward": 20017, "index": 2, "initialScore": 1152.9757444176546, "initialConfidence": 37.07504242240596, "updatedScore": 1154.6292980510675, "updatedConfidence": 36.84654229576773, "teamId": 99999}, {"id": 41621390, "state": 2, "submissionId": 19557643, "reward": 12311, "index": 3, "initialScore": 1060.751579714267, "initialConfidence": 38.41155861765622, "updatedScore": 1056.2590465051112, "updatedConfidence": 38.06803462485991, "teamId": 99999}]}