{"id": 18884975, "competitionId": 25401, "createTime": {"seconds": 1613856258}, "endTime": {"seconds": 1613856258}, "agents": [{"id": 41625603, "state": 2, "submissionId": 19590854, "reward": 13416, "index": 0, "initialScore": 1127.4108003854524, "initialConfidence": 48.29826385141255, "updatedScore": 1117.780625704212, "updatedConfidence": 47.52572484350273, "teamId": 99999}, {"id": 41625604, "state": 2, "submissionId": 19652061, "reward": 20025, "index": 1, "initialScore": 1077.45359723716, "initialConfidence": 63.77582288614165, "updatedScore": 1093.2714439307797, "updatedConfidence": 62.06363332713124, "teamId": 99999}, {"id": 41625605, "state": 2, "submissionId": 19487408, "reward": 16410, "index": 2, "initialScore": 1124.185466525554, "initialConfidence": 35.0, "updatedScore": 1122.112287062606, "updatedConfidence": 35.0, "teamId": 99999}, {"id": 41625606, "state": 2, "submissionId": 19546060, "reward": 20019, "index": 3, "initialScore": 1059.2552861595648, "initialConfidence": 37.37186379672522, "updatedScore": 1061.953227341434, "updatedConfidence": 37.0112581351074, "teamId": 99999}]}