{"id": 18890474, "competitionId": 25401, "createTime": {"seconds": 1613858176}, "endTime": {"seconds": 1613858176}, "agents": [{"id": 41636863, "state": 2, "submissionId": 19459670, "reward": 20020, "index": 0, "initialScore": 1034.5165611935104, "initialConfidence": 35.0, "updatedScore": 1039.4693659188931, "updatedConfidence": 35.0, "teamId": 99999}, {"id": 41636864, "state": 2, "submissionId": 19512246, "reward": 20016, "index": 1, "initialScore": 1068.0374209099416, "initialConfidence": 35.0, "updatedScore": 1069.2567226941349, "updatedConfidence": 35.0, "teamId": 99999}, {"id": 41636865, "state": 2, "submissionId": 19418679, "reward": 10010, "index": 2, "initialScore": 1040.8203890211505, "initialConfidence": 35.0, "updatedScore": 1036.720204566866, "updatedConfidence": 35.0, "teamId": 99999}, {"id": 41636866, "state": 2, "submissionId": 19652367, "reward": 11210, "index": 3, "initialScore": 1087.8808484130163, "initialConfidence": 65.97023143659031, "updatedScore": 1080.5199073566637, "updatedConfidence": 64.11740232618752, "teamId": 99999}]}