{"id": 18937317, "competitionId": 25401, "createTime": {"seconds": 1613874496}, "endTime": {"seconds": 1613874496}, "agents": [{"id": 41732971, "state": 2, "submissionId": 19668374, "reward": 15911, "index": 0, "initialScore": 1024.2858830223408, "initialConfidence": 90.56967318714696, "updatedScore": 1052.8011361930228, "updatedConfidence": 86.1867820015864, "teamId": 99999}, {"id": 41732972, "state": 2, "submissionId": 19487408, "reward": 15828, "index": 1, "initialScore": 1122.112287062606, "initialConfidence": 35.0, "updatedScore": 1121.8400294586222, "updatedConfidence": 35.0, "teamId": 99999}, {"id": 41732973, "state": 2, "submissionId": 19332795, "reward": 10314, "index": 2, "initialScore": 924.43709636956, "initialConfidence": 35.0, "updatedScore": 921.902863592372, "updatedConfidence": 35.0, "teamId": 99999}, {"id": 41732974, "state": 2, "submissionId": 19635249, "reward": 15312, "index": 3, "initialScore": 1028.7101974470256, "initialConfidence": 49.08853687426776, "updatedScore": 1025.8541370803673, "updatedConfidence": 48.428461773876975, "teamId": 99999}]}