{"id": 18945599, "competitionId": 25401, "createTime": {"seconds": 1613877379}, "endTime": {"seconds": 1613877379}, "agents": [{"id": 41749985, "state": 2, "submissionId": 19554669, "reward": 16417, "index": 0, "initialScore": 1048.831045387617, "initialConfidence": 38.022553613857525, "updatedScore": 1051.570415136217, "updatedConfidence": 37.665076312599794, "teamId": 99999}, {"id": 41749986, "state": 2, "submissionId": 19591782, "reward": 13513, "index": 1, "initialScore": 1093.6572197505295, "initialConfidence": 44.79132399276374, "updatedScore": 1086.16810357662, "updatedConfidence": 44.19124880895211, "teamId": 99999}, {"id": 41749987, "state": 2, "submissionId": 19499124, "reward": 16412, "index": 2, "initialScore": 1067.203609087096, "initialConfidence": 35.0, "updatedScore": 1066.1477387377963, "updatedConfidence": 35.0, "teamId": 99999}, {"id": 41749988, "state": 2, "submissionId": 19533620, "reward": 16515, "index": 3, "initialScore": 1146.401748742411, "initialConfidence": 36.1300657658935, "updatedScore": 1149.9262577357763, "updatedConfidence": 35.85628947358301, "teamId": 99999}]}