{"id": 18955912, "competitionId": 25401, "createTime": {"seconds": 1613880975}, "endTime": {"seconds": 1613880975}, "agents": [{"id": 41771107, "state": 2, "submissionId": 19581049, "reward": 10505, "index": 0, "initialScore": 1036.164818614511, "initialConfidence": 43.60084162075561, "updatedScore": 1034.5722745951214, "updatedConfidence": 43.06638179705424, "teamId": 99999}, {"id": 41771108, "state": 2, "submissionId": 19652367, "reward": 10611, "index": 1, "initialScore": 1080.5199073566637, "initialConfidence": 64.11740232618752, "updatedScore": 1093.4951990035745, "updatedConfidence": 62.527224978013855, "teamId": 99999}, {"id": 41771109, "state": 2, "submissionId": 19550649, "reward": 10516, "index": 2, "initialScore": 1041.0513831125843, "initialConfidence": 37.22976112224735, "updatedScore": 1043.1368740960863, "updatedConfidence": 36.89520755291117, "teamId": 99999}, {"id": 41771110, "state": 2, "submissionId": 19592794, "reward": 7710, "index": 3, "initialScore": 1068.6378677617167, "initialConfidence": 41.284381735135895, "updatedScore": 1062.1217692837167, "updatedConfidence": 40.8142617176244, "teamId": 99999}]}