{"id": 18968308, "competitionId": 25401, "createTime": {"seconds": 1613885301}, "endTime": {"seconds": 1613885301}, "agents": [{"id": 41796533, "state": 2, "submissionId": 19517799, "reward": 12211, "index": 0, "initialScore": 1134.301459325318, "initialConfidence": 35.0, "updatedScore": 1137.8866158768128, "updatedConfidence": 35.0, "teamId": 99999}, {"id": 41796534, "state": 2, "submissionId": 19590991, "reward": 12115, "index": 1, "initialScore": 1059.3320713002377, "initialConfidence": 47.64773685223394, "updatedScore": 1057.8239613435835, "updatedConfidence": 46.94414582299196, "teamId": 99999}, {"id": 41796535, "state": 2, "submissionId": 19614552, "reward": 12118, "index": 2, "initialScore": 1040.324963693966, "initialConfidence": 46.46724672597343, "updatedScore": 1044.7705985644975, "updatedConfidence": 45.81676602220767, "teamId": 99999}, {"id": 41796536, "state": 2, "submissionId": 19632992, "reward": 8209, "index": 3, "initialScore": 1133.0729179456346, "initialConfidence": 54.04290953223472, "updatedScore": 1120.4519597137926, "updatedConfidence": 52.94592637429052, "teamId": 99999}]}