{"id": 18963485, "competitionId": 25401, "createTime": {"seconds": 1613883617}, "endTime": {"seconds": 1613883617}, "agents": [{"id": 41786635, "state": 2, "submissionId": 19469844, "reward": 15921, "index": 0, "initialScore": 1045.6622425492965, "initialConfidence": 35.0, "updatedScore": 1051.056068784016, "updatedConfidence": 35.0, "teamId": 99999}, {"id": 41786636, "state": 2, "submissionId": 19609565, "reward": 15825, "index": 1, "initialScore": 1032.8033509072663, "initialConfidence": 43.886416304286165, "updatedScore": 1037.0138655607204, "updatedConfidence": 43.27967642302553, "teamId": 99999}, {"id": 41786637, "state": 2, "submissionId": 19581343, "reward": 6511, "index": 2, "initialScore": 1128.670421827854, "initialConfidence": 43.778203332180645, "updatedScore": 1124.8129292759231, "updatedConfidence": 43.17454757585612, "teamId": 99999}, {"id": 41786638, "state": 2, "submissionId": 19519164, "reward": 6110, "index": 3, "initialScore": 1134.8215241290957, "initialConfidence": 36.77105078974935, "updatedScore": 1128.6335904928014, "updatedConfidence": 36.40933985891881, "teamId": 99999}]}