{"id": 18973815, "competitionId": 25401, "createTime": {"seconds": 1613887221}, "endTime": {"seconds": 1613887221}, "agents": [{"id": 41807821, "state": 2, "submissionId": 19484462, "reward": 9912, "index": 0, "initialScore": 1097.3565036519883, "initialConfidence": 35.0, "updatedScore": 1095.2366967038772, "updatedConfidence": 35.0, "teamId": 99999}, {"id": 41807822, "state": 2, "submissionId": 19614485, "reward": 8008, "index": 1, "initialScore": 1046.8753313297848, "initialConfidence": 45.71085514877279, "updatedScore": 1040.0477495158273, "updatedConfidence": 45.12070549976433, "teamId": 99999}, {"id": 41807823, "state": 2, "submissionId": 19487408, "reward": 15118, "index": 2, "initialScore": 1121.8400294586222, "initialConfidence": 35.0, "updatedScore": 1122.188761897, "updatedConfidence": 35.0, "teamId": 99999}, {"id": 41807824, "state": 2, "submissionId": 19662410, "reward": 15119, "index": 3, "initialScore": 1002.1575099585484, "initialConfidence": 64.5669839965274, "updatedScore": 1021.807056971066, "updatedConfidence": 62.648070410578896, "teamId": 99999}]}