{"id": 18982069, "competitionId": 25401, "createTime": {"seconds": 1613890098}, "endTime": {"seconds": 1613890098}, "agents": [{"id": 41824729, "state": 2, "submissionId": 19529448, "reward": 16320, "index": 0, "initialScore": 1080.4116056670628, "initialConfidence": 35.53268634271235, "updatedScore": 1085.0261254525358, "updatedConfidence": 35.23339153231725, "teamId": 99999}, {"id": 41824730, "state": 2, "submissionId": 19519164, "reward": 16318, "index": 1, "initialScore": 1128.6335904928014, "initialConfidence": 36.40933985891881, "updatedScore": 1129.1308045977648, "updatedConfidence": 36.105891415889616, "teamId": 99999}, {"id": 41824731, "state": 2, "submissionId": 19567009, "reward": 12213, "index": 2, "initialScore": 1014.5036884172888, "initialConfidence": 37.79258857499831, "updatedScore": 1014.3302138174294, "updatedConfidence": 37.455087862531, "teamId": 99999}, {"id": 41824732, "state": 2, "submissionId": 19530280, "reward": 12207, "index": 3, "initialScore": 1091.1085190356946, "initialConfidence": 35.0, "updatedScore": 1086.3206370903094, "updatedConfidence": 35.0, "teamId": 99999}]}