{"id": 18996516, "competitionId": 25401, "createTime": {"seconds": 1613895138}, "endTime": {"seconds": 1613895138}, "agents": [{"id": 41854335, "state": 2, "submissionId": 19521616, "reward": 19623, "index": 0, "initialScore": 1045.8069262025128, "initialConfidence": 35.0, "updatedScore": 1050.674112725337, "updatedConfidence": 35.0, "teamId": 99999}, {"id": 41854336, "state": 2, "submissionId": 19530847, "reward": 7607, "index": 1, "initialScore": 1022.584722975024, "initialConfidence": 35.0, "updatedScore": 1019.0299593423646, "updatedConfidence": 35.0, "teamId": 99999}, {"id": 41854337, "state": 2, "submissionId": 19533620, "reward": 19510, "index": 2, "initialScore": 1149.9262577357763, "initialConfidence": 35.85628947358301, "updatedScore": 1149.6068322685255, "updatedConfidence": 35.58363000800567, "teamId": 99999}, {"id": 41854338, "state": 2, "submissionId": 19671490, "reward": 9220, "index": 3, "initialScore": 1042.5443936031684, "initialConfidence": 89.00715035398747, "updatedScore": 1036.0250308284374, "updatedConfidence": 85.06387653953158, "teamId": 99999}]}