{"id": 19009604, "competitionId": 25401, "createTime": {"seconds": 1613899701}, "endTime": {"seconds": 1613899701}, "agents": [{"id": 41881189, "state": 2, "submissionId": 19652367, "reward": 20025, "index": 0, "initialScore": 1093.4951990035745, "initialConfidence": 62.527224978013855, "updatedScore": 1103.4494007165902, "updatedConfidence": 61.19046803686384, "teamId": 99999}, {"id": 41881190, "state": 2, "submissionId": 19506765, "reward": 10307, "index": 1, "initialScore": 990.1403091075906, "initialConfidence": 35.0, "updatedScore": 986.4597419837796, "updatedConfidence": 35.0, "teamId": 99999}, {"id": 41881191, "state": 2, "submissionId": 19595069, "reward": 11110, "index": 2, "initialScore": 1001.4778768850545, "initialConfidence": 41.47283162722886, "updatedScore": 1000.18315297432, "updatedConfidence": 41.03841241617628, "teamId": 99999}, {"id": 41881192, "state": 2, "submissionId": 19567942, "reward": 20019, "index": 3, "initialScore": 1029.6275529753525, "initialConfidence": 36.6979245724288, "updatedScore": 1031.258769949569, "updatedConfidence": 36.3957386035635, "teamId": 99999}]}