{"id": 19016490, "competitionId": 25401, "createTime": {"seconds": 1613902095}, "endTime": {"seconds": 1613902095}, "agents": [{"id": 41895311, "state": 2, "submissionId": 19519164, "reward": 6710, "index": 0, "initialScore": 1129.1308045977648, "initialConfidence": 36.105891415889616, "updatedScore": 1126.763261369191, "updatedConfidence": 35.794176158792084, "teamId": 99999}, {"id": 41895312, "state": 2, "submissionId": 19668374, "reward": 11615, "index": 1, "initialScore": 1078.6419228538682, "initialConfidence": 73.63932420589606, "updatedScore": 1098.9336437613963, "updatedConfidence": 71.06981505927038, "teamId": 99999}, {"id": 41895313, "state": 2, "submissionId": 19514605, "reward": 6709, "index": 2, "initialScore": 1072.4801607466904, "initialConfidence": 35.0, "updatedScore": 1068.462776614199, "updatedConfidence": 35.0, "teamId": 99999}, {"id": 41895314, "state": 2, "submissionId": 19498381, "reward": 11614, "index": 3, "initialScore": 1088.029473477539, "initialConfidence": 35.0, "updatedScore": 1089.687687840794, "updatedConfidence": 35.0, "teamId": 99999}]}