{"id": 19017876, "competitionId": 25401, "createTime": {"seconds": 1613902577}, "endTime": {"seconds": 1613902577}, "agents": [{"id": 41898169, "state": 2, "submissionId": 19533620, "reward": 12410, "index": 0, "initialScore": 1149.6068322685255, "initialConfidence": 35.58363000800567, "updatedScore": 1146.4393104649018, "updatedConfidence": 35.275067631740086, "teamId": 99999}, {"id": 41898170, "state": 2, "submissionId": 19477521, "reward": 7213, "index": 1, "initialScore": 1061.0323300747632, "initialConfidence": 35.0, "updatedScore": 1056.8874546883246, "updatedConfidence": 35.0, "teamId": 99999}, {"id": 41898171, "state": 2, "submissionId": 19662801, "reward": 18823, "index": 2, "initialScore": 1047.84902348285, "initialConfidence": 68.26806546776726, "updatedScore": 1066.6782610146836, "updatedConfidence": 66.1423305292085, "teamId": 99999}, {"id": 41898172, "state": 2, "submissionId": 19529046, "reward": 18821, "index": 3, "initialScore": 1045.4401405654894, "initialConfidence": 35.0, "updatedScore": 1047.7003003954828, "updatedConfidence": 35.0, "teamId": 99999}]}