{"id": 19044058, "competitionId": 25401, "createTime": {"seconds": 1613911940}, "endTime": {"seconds": 1613911940}, "agents": [{"id": 41951869, "state": 2, "submissionId": 19663255, "reward": 12414, "index": 0, "initialScore": 1084.4744114806558, "initialConfidence": 66.71287911136103, "updatedScore": 1079.6225828792838, "updatedConfidence": 64.80369209849496, "teamId": 99999}, {"id": 41951870, "state": 2, "submissionId": 19562309, "reward": 12517, "index": 1, "initialScore": 1022.349399846035, "initialConfidence": 36.26333690292104, "updatedScore": 1028.8224379461274, "updatedConfidence": 35.90907210230412, "teamId": 99999}, {"id": 41951871, "state": 2, "submissionId": 19507900, "reward": 5709, "index": 2, "initialScore": 1111.602509337126, "initialConfidence": 35.0, "updatedScore": 1106.684485553998, "updatedConfidence": 35.0, "teamId": 99999}, {"id": 41951872, "state": 2, "submissionId": 19533620, "reward": 12416, "index": 3, "initialScore": 1146.4393104649018, "initialConfidence": 35.275067631740086, "updatedScore": 1146.6664147338442, "updatedConfidence": 35.0, "teamId": 99999}]}