{"id": 19044057, "competitionId": 25401, "createTime": {"seconds": 1613911940}, "endTime": {"seconds": 1613911940}, "agents": [{"id": 41951865, "state": 2, "submissionId": 19645304, "reward": 13916, "index": 0, "initialScore": 1044.123129856355, "initialConfidence": 52.23832391049102, "updatedScore": 1042.973872706866, "updatedConfidence": 51.382773260786486, "teamId": 99999}, {"id": 41951866, "state": 2, "submissionId": 19512985, "reward": 5710, "index": 1, "initialScore": 1068.25856392451, "initialConfidence": 35.0, "updatedScore": 1064.2810923863535, "updatedConfidence": 35.0, "teamId": 99999}, {"id": 41951867, "state": 2, "submissionId": 19533620, "reward": 14011, "index": 2, "initialScore": 1146.6664147338442, "initialConfidence": 35.0, "updatedScore": 1150.027755097864, "updatedConfidence": 35.0, "teamId": 99999}, {"id": 41951868, "state": 2, "submissionId": 19556071, "reward": 13917, "index": 3, "initialScore": 1108.7206207562351, "initialConfidence": 40.98088138454582, "updatedScore": 1110.2726115073417, "updatedConfidence": 40.56100133882119, "teamId": 99999}]}