{"id": 19059208, "competitionId": 25401, "createTime": {"seconds": 1613917223}, "endTime": {"seconds": 1613917223}, "agents": [{"id": 41982943, "state": 2, "submissionId": 19517799, "reward": 16722, "index": 0, "initialScore": 1137.8866158768128, "initialConfidence": 35.0, "updatedScore": 1136.2545094891077, "updatedConfidence": 35.0, "teamId": 99999}, {"id": 41982944, "state": 2, "submissionId": 19633549, "reward": 7612, "index": 1, "initialScore": 1151.3289512141112, "initialConfidence": 54.56618406024701, "updatedScore": 1139.6550261316404, "updatedConfidence": 53.46511150900668, "teamId": 99999}, {"id": 41982945, "state": 2, "submissionId": 19469841, "reward": 19015, "index": 2, "initialScore": 1132.1712096889262, "initialConfidence": 35.0, "updatedScore": 1133.659806360816, "updatedConfidence": 35.0, "teamId": 99999}, {"id": 41982946, "state": 2, "submissionId": 19527395, "reward": 19017, "index": 3, "initialScore": 1111.3643187722955, "initialConfidence": 35.0, "updatedScore": 1116.3107536912792, "updatedConfidence": 35.0, "teamId": 99999}]}