{"id": 19065415, "competitionId": 25401, "createTime": {"seconds": 1613919385}, "endTime": {"seconds": 1613919385}, "agents": [{"id": 41995689, "state": 2, "submissionId": 19513819, "reward": 8611, "index": 0, "initialScore": 1056.6862026440897, "initialConfidence": 35.0, "updatedScore": 1052.6463440603247, "updatedConfidence": 35.0, "teamId": 99999}, {"id": 41995690, "state": 2, "submissionId": 19515273, "reward": 19414, "index": 1, "initialScore": 1043.8252013771428, "initialConfidence": 35.0, "updatedScore": 1043.0495011210935, "updatedConfidence": 35.0, "teamId": 99999}, {"id": 41995691, "state": 2, "submissionId": 19519164, "reward": 19415, "index": 2, "initialScore": 1126.763261369191, "initialConfidence": 35.794176158792084, "updatedScore": 1127.2722914645983, "updatedConfidence": 35.50639145208676, "teamId": 99999}, {"id": 41995692, "state": 2, "submissionId": 19557714, "reward": 19519, "index": 3, "initialScore": 1086.433988320275, "initialConfidence": 36.469134868992185, "updatedScore": 1091.133892379639, "updatedConfidence": 36.14921863525682, "teamId": 99999}]}