{"id": 19064042, "competitionId": 25401, "createTime": {"seconds": 1613918912}, "endTime": {"seconds": 1613918912}, "agents": [{"id": 41992883, "state": 2, "submissionId": 19591782, "reward": 15721, "index": 0, "initialScore": 1099.1108178786674, "initialConfidence": 43.1214283055419, "updatedScore": 1105.8126546249755, "updatedConfidence": 42.589799634407136, "teamId": 99999}, {"id": 41992884, "state": 2, "submissionId": 19475982, "reward": 15719, "index": 1, "initialScore": 1080.3278295988457, "initialConfidence": 35.0, "updatedScore": 1082.1994630187305, "updatedConfidence": 35.0, "teamId": 99999}, {"id": 41992885, "state": 2, "submissionId": 19487408, "reward": 10508, "index": 2, "initialScore": 1122.188761897, "initialConfidence": 35.0, "updatedScore": 1117.1357873051252, "updatedConfidence": 35.0, "teamId": 99999}, {"id": 41992886, "state": 2, "submissionId": 19530280, "reward": 10517, "index": 3, "initialScore": 1085.3585000175444, "initialConfidence": 35.0, "updatedScore": 1084.1247095369174, "updatedConfidence": 35.0, "teamId": 99999}]}