{"id": 19077141, "competitionId": 25401, "createTime": {"seconds": 1613923460}, "endTime": {"seconds": 1613923460}, "agents": [{"id": 42019776, "state": 2, "submissionId": 19463891, "reward": 18712, "index": 0, "initialScore": 1072.4833593511737, "initialConfidence": 35.0, "updatedScore": 1071.1953095126548, "updatedConfidence": 35.0, "teamId": 99999}, {"id": 42019778, "state": 2, "submissionId": 19513003, "reward": 20016, "index": 1, "initialScore": 1096.2555366445845, "initialConfidence": 35.0, "updatedScore": 1097.465287332269, "updatedConfidence": 35.0, "teamId": 99999}, {"id": 42019779, "state": 2, "submissionId": 19652367, "reward": 20019, "index": 2, "initialScore": 1103.4494007165902, "initialConfidence": 61.19046803686384, "updatedScore": 1115.44704126106, "updatedConfidence": 59.79221284376069, "teamId": 99999}, {"id": 42019780, "state": 2, "submissionId": 19635236, "reward": 15217, "index": 3, "initialScore": 1054.577535923749, "initialConfidence": 50.212869253675, "updatedScore": 1046.6596793898216, "updatedConfidence": 49.43990775832445, "teamId": 99999}]}