{"id": 19083342, "competitionId": 25401, "createTime": {"seconds": 1613925623}, "endTime": {"seconds": 1613925623}, "agents": [{"id": 42032505, "state": 2, "submissionId": 19512070, "reward": 11409, "index": 0, "initialScore": 1040.2283342578037, "initialConfidence": 35.0, "updatedScore": 1045.0861779478523, "updatedConfidence": 35.0, "teamId": 99999}, {"id": 42032506, "state": 2, "submissionId": 19644563, "reward": 11312, "index": 1, "initialScore": 1033.696049758117, "initialConfidence": 58.22202111110306, "updatedScore": 1030.9298590693493, "updatedConfidence": 57.00266526570311, "teamId": 99999}, {"id": 42032507, "state": 2, "submissionId": 19487408, "reward": 11315, "index": 2, "initialScore": 1117.1357873051252, "initialConfidence": 35.0, "updatedScore": 1117.341608295682, "updatedConfidence": 35.0, "teamId": 99999}, {"id": 42032508, "state": 2, "submissionId": 19492923, "reward": 9609, "index": 3, "initialScore": 1038.021308733761, "initialConfidence": 35.0, "updatedScore": 1033.9572841064994, "updatedConfidence": 35.0, "teamId": 99999}]}