{"id": 19109535, "competitionId": 25401, "createTime": {"seconds": 1613934741}, "endTime": {"seconds": 1613934741}, "agents": [{"id": 42086279, "state": 2, "submissionId": 19511233, "reward": 6708, "index": 0, "initialScore": 953.1582277767092, "initialConfidence": 35.0, "updatedScore": 950.3740751653488, "updatedConfidence": 35.0, "teamId": 99999}, {"id": 42086280, "state": 2, "submissionId": 19529161, "reward": 11014, "index": 1, "initialScore": 1045.7584102475005, "initialConfidence": 35.0, "updatedScore": 1044.1641135583266, "updatedConfidence": 35.0, "teamId": 99999}, {"id": 42086281, "state": 2, "submissionId": 19546060, "reward": 11108, "index": 2, "initialScore": 1046.0897239957076, "initialConfidence": 35.0, "updatedScore": 1050.521011539638, "updatedConfidence": 35.0, "teamId": 99999}, {"id": 42086282, "state": 2, "submissionId": 19487408, "reward": 11018, "index": 3, "initialScore": 1117.341608295682, "initialConfidence": 35.0, "updatedScore": 1117.2887700522858, "updatedConfidence": 35.0, "teamId": 99999}]}