{"id": 19124009, "competitionId": 25401, "createTime": {"seconds": 1613939781}, "endTime": {"seconds": 1613939781}, "agents": [{"id": 42115991, "state": 2, "submissionId": 19530996, "reward": 19721, "index": 0, "initialScore": 1142.5084574549571, "initialConfidence": 36.175142327409056, "updatedScore": 1140.1275445015856, "updatedConfidence": 35.85415126318069, "teamId": 99999}, {"id": 42115992, "state": 2, "submissionId": 19533620, "reward": 20017, "index": 1, "initialScore": 1150.027755097864, "initialConfidence": 35.0, "updatedScore": 1153.7196160448343, "updatedConfidence": 35.0, "teamId": 99999}, {"id": 42115993, "state": 2, "submissionId": 19534936, "reward": 20014, "index": 2, "initialScore": 1041.379692219415, "initialConfidence": 35.0, "updatedScore": 1044.3637409794112, "updatedConfidence": 35.0, "teamId": 99999}, {"id": 42115994, "state": 2, "submissionId": 19667261, "reward": 10710, "index": 3, "initialScore": 1117.0795962301106, "initialConfidence": 69.14271293360332, "updatedScore": 1099.7239577534565, "updatedConfidence": 67.03783104518138, "teamId": 99999}]}