{"id": 19135040, "competitionId": 25401, "createTime": {"seconds": 1613943622}, "endTime": {"seconds": 1613943622}, "agents": [{"id": 42138641, "state": 2, "submissionId": 19329775, "reward": 17105, "index": 0, "initialScore": 781.4516785843759, "initialConfidence": 35.0, "updatedScore": 782.1779408167816, "updatedConfidence": 35.0, "teamId": 99999}, {"id": 42138642, "state": 2, "submissionId": 19410990, "reward": 16806, "index": 1, "initialScore": 852.4237194035674, "initialConfidence": 35.0, "updatedScore": 848.873311512353, "updatedConfidence": 35.0, "teamId": 99999}, {"id": 42138643, "state": 2, "submissionId": 19658193, "reward": 17117, "index": 2, "initialScore": 1003.22292583825, "initialConfidence": 56.43597994129212, "updatedScore": 1002.9528568363849, "updatedConfidence": 55.62748331013941, "teamId": 99999}, {"id": 42138644, "state": 2, "submissionId": 19681519, "reward": 17218, "index": 3, "initialScore": 963.230228334492, "initialConfidence": 140.0, "updatedScore": 1010.078511615408, "updatedConfidence": 128.1100071947859, "teamId": 99999}]}