{"id": 19133661, "competitionId": 25401, "createTime": {"seconds": 1613943141}, "endTime": {"seconds": 1613943141}, "agents": [{"id": 42135809, "state": 2, "submissionId": 19314157, "reward": 4408, "index": 0, "initialScore": 739.5604494600617, "initialConfidence": 35.0, "updatedScore": 736.4385057085972, "updatedConfidence": 35.0, "teamId": 99999}, {"id": 42135810, "state": 2, "submissionId": 19434597, "reward": 10908, "index": 1, "initialScore": 813.6955723743121, "initialConfidence": 35.0, "updatedScore": 812.1873860583896, "updatedConfidence": 35.0, "teamId": 99999}, {"id": 42135811, "state": 2, "submissionId": 19530703, "reward": 18006, "index": 2, "initialScore": 824.0757511137394, "initialConfidence": 35.0, "updatedScore": 825.3637773761614, "updatedConfidence": 35.0, "teamId": 99999}, {"id": 42135812, "state": 2, "submissionId": 19681519, "reward": 18124, "index": 3, "initialScore": 815.6177169427053, "initialConfidence": 170.0, "updatedScore": 894.4640842598409, "updatedConfidence": 155.0, "teamId": 99999}]}