{"id": 19132972, "competitionId": 25401, "createTime": {"seconds": 1613942903}, "endTime": {"seconds": 1613942903}, "agents": [{"id": 42134395, "state": 2, "submissionId": 19324467, "reward": 5906, "index": 0, "initialScore": 700.1833191395923, "initialConfidence": 35.0, "updatedScore": 699.4297595126772, "updatedConfidence": 35.0, "teamId": 99999}, {"id": 42134396, "state": 2, "submissionId": 19447135, "reward": 3203, "index": 1, "initialScore": 700.8877529455931, "initialConfidence": 35.0, "updatedScore": 697.1264553169323, "updatedConfidence": 35.0, "teamId": 99999}, {"id": 42134397, "state": 2, "submissionId": 19681519, "reward": 16820, "index": 2, "initialScore": 718.0339211842075, "initialConfidence": 185.0, "updatedScore": 815.6177169427053, "updatedConfidence": 170.0, "teamId": 99999}, {"id": 42134398, "state": 2, "submissionId": 19366737, "reward": 16714, "index": 3, "initialScore": 764.7846665080023, "initialConfidence": 35.0, "updatedScore": 765.8067509424194, "updatedConfidence": 35.0, "teamId": 99999}]}