{"id": 19139876, "competitionId": 25401, "createTime": {"seconds": 1613945298}, "endTime": {"seconds": 1613945298}, "agents": [{"id": 42148587, "state": 2, "submissionId": 19591878, "reward": 20020, "index": 0, "initialScore": 1094.491198165632, "initialConfidence": 42.01524424644049, "updatedScore": 1100.6665704278544, "updatedConfidence": 41.54525050109075, "teamId": 99999}, {"id": 42148588, "state": 2, "submissionId": 19514605, "reward": 20011, "index": 1, "initialScore": 1062.950636178799, "initialConfidence": 35.0, "updatedScore": 1062.090973362314, "updatedConfidence": 35.0, "teamId": 99999}, {"id": 42148589, "state": 2, "submissionId": 19524112, "reward": 18313, "index": 2, "initialScore": 1071.6808531105503, "initialConfidence": 35.0, "updatedScore": 1067.6473569298414, "updatedConfidence": 35.0, "teamId": 99999}, {"id": 42148590, "state": 2, "submissionId": 19681519, "reward": 20015, "index": 3, "initialScore": 1133.9340453266354, "initialConfidence": 86.04878255799022, "updatedScore": 1137.6079383098872, "updatedConfidence": 82.39636552519265, "teamId": 99999}]}