{"id": 19137112, "competitionId": 25401, "createTime": {"seconds": 1613944340}, "endTime": {"seconds": 1613944340}, "agents": [{"id": 42142901, "state": 2, "submissionId": 19551925, "reward": 12711, "index": 0, "initialScore": 1026.164481832326, "initialConfidence": 35.0, "updatedScore": 1024.5620593227052, "updatedConfidence": 35.0, "teamId": 99999}, {"id": 42142902, "state": 2, "submissionId": 19482427, "reward": 6711, "index": 1, "initialScore": 968.70455454046, "initialConfidence": 35.0, "updatedScore": 965.250423227502, "updatedConfidence": 35.0, "teamId": 99999}, {"id": 42142903, "state": 2, "submissionId": 19517755, "reward": 15214, "index": 2, "initialScore": 1031.528817883908, "initialConfidence": 35.0, "updatedScore": 1032.811733965731, "updatedConfidence": 35.0, "teamId": 99999}, {"id": 42142904, "state": 2, "submissionId": 19681519, "reward": 15222, "index": 3, "initialScore": 1031.38355468766, "initialConfidence": 108.23210147468004, "updatedScore": 1067.46935154091, "updatedConfidence": 101.2740489045321, "teamId": 99999}]}