{"id": 19137801, "competitionId": 25401, "createTime": {"seconds": 1613944577}, "endTime": {"seconds": 1613944577}, "agents": [{"id": 42144315, "state": 2, "submissionId": 19681519, "reward": 19323, "index": 0, "initialScore": 1067.46935154091, "initialConfidence": 101.2740489045321, "updatedScore": 1100.000586027022, "updatedConfidence": 95.39687660309276, "teamId": 99999}, {"id": 42144316, "state": 2, "submissionId": 19459745, "reward": 19319, "index": 1, "initialScore": 1079.8221641938676, "initialConfidence": 35.0, "updatedScore": 1080.917052293389, "updatedConfidence": 35.0, "teamId": 99999}, {"id": 42144317, "state": 2, "submissionId": 19510159, "reward": 5812, "index": 2, "initialScore": 1041.0694616990154, "initialConfidence": 35.0, "updatedScore": 1036.9644995364367, "updatedConfidence": 35.0, "teamId": 99999}, {"id": 42144318, "state": 2, "submissionId": 19566104, "reward": 12110, "index": 3, "initialScore": 1029.6082314739883, "initialConfidence": 35.0, "updatedScore": 1028.732864827074, "updatedConfidence": 35.0, "teamId": 99999}]}