{"id": 19136419, "competitionId": 25401, "createTime": {"seconds": 1613944103}, "endTime": {"seconds": 1613944103}, "agents": [{"id": 42141473, "state": 2, "submissionId": 19681519, "reward": 20028, "index": 0, "initialScore": 988.2738009492166, "initialConfidence": 116.65494995802725, "updatedScore": 1031.38355468766, "updatedConfidence": 108.23210147468004, "teamId": 99999}, {"id": 42141474, "state": 2, "submissionId": 19574585, "reward": 20022, "index": 1, "initialScore": 1063.347392864444, "initialConfidence": 35.94176111345638, "updatedScore": 1063.428524470841, "updatedConfidence": 35.69646832685846, "teamId": 99999}, {"id": 42141475, "state": 2, "submissionId": 19614490, "reward": 10306, "index": 2, "initialScore": 990.2859753440996, "initialConfidence": 45.359617186339335, "updatedScore": 982.6559622252051, "updatedConfidence": 44.785931999917736, "teamId": 99999}, {"id": 42141476, "state": 2, "submissionId": 19654342, "reward": 15711, "index": 3, "initialScore": 874.665429786615, "initialConfidence": 58.14195556913421, "updatedScore": 876.2803273607914, "updatedConfidence": 57.1032959569851, "teamId": 99999}]}