{"id": 19134351, "competitionId": 25401, "createTime": {"seconds": 1613943383}, "endTime": {"seconds": 1613943383}, "agents": [{"id": 42137227, "state": 2, "submissionId": 19407634, "reward": 14917, "index": 0, "initialScore": 800.4987304288769, "initialConfidence": 35.0, "updatedScore": 800.8535095304277, "updatedConfidence": 35.0, "teamId": 99999}, {"id": 42137228, "state": 2, "submissionId": 19681519, "reward": 20025, "index": 1, "initialScore": 894.4640842598409, "initialConfidence": 155.0, "updatedScore": 963.230228334492, "updatedConfidence": 140.0, "teamId": 99999}, {"id": 42137229, "state": 2, "submissionId": 19453148, "reward": 20015, "index": 2, "initialScore": 894.2288341666825, "initialConfidence": 35.0, "updatedScore": 895.7319830894988, "updatedConfidence": 35.0, "teamId": 99999}, {"id": 42137230, "state": 2, "submissionId": 19510855, "reward": 9311, "index": 3, "initialScore": 931.7708058546582, "initialConfidence": 35.0, "updatedScore": 926.4065916079624, "updatedConfidence": 35.0, "teamId": 99999}]}