{"id": 19138492, "competitionId": 25401, "createTime": {"seconds": 1613944820}, "endTime": {"seconds": 1613944820}, "agents": [{"id": 42145737, "state": 2, "submissionId": 19463929, "reward": 17221, "index": 0, "initialScore": 1091.372595155451, "initialConfidence": 35.0, "updatedScore": 1092.925179686124, "updatedConfidence": 35.0, "teamId": 99999}, {"id": 42145738, "state": 2, "submissionId": 19527395, "reward": 14509, "index": 1, "initialScore": 1113.778700192473, "initialConfidence": 35.0, "updatedScore": 1111.871032286798, "updatedConfidence": 35.0, "teamId": 99999}, {"id": 42145739, "state": 2, "submissionId": 19681519, "reward": 17222, "index": 2, "initialScore": 1100.000586027022, "initialConfidence": 95.39687660309276, "updatedScore": 1129.407313334034, "updatedConfidence": 90.40344020628962, "teamId": 99999}, {"id": 42145740, "state": 2, "submissionId": 19636740, "reward": 12511, "index": 3, "initialScore": 1051.9455654178062, "initialConfidence": 47.129669262122725, "updatedScore": 1045.4120126722048, "updatedConfidence": 46.52213537553386, "teamId": 99999}]}