{"id": 19132281, "competitionId": 25401, "createTime": {"seconds": 1613942661}, "endTime": {"seconds": 1613942661}, "agents": [{"id": 42132973, "state": 2, "submissionId": 19357551, "reward": 401, "index": 0, "initialScore": 521.0654027060655, "initialConfidence": 35.0, "updatedScore": 518.6628921363578, "updatedConfidence": 35.0, "teamId": 99999}, {"id": 42132974, "state": 2, "submissionId": 19293161, "reward": 5609, "index": 1, "initialScore": 724.4179694275576, "initialConfidence": 35.0, "updatedScore": 721.4769890683231, "updatedConfidence": 35.0, "teamId": 99999}, {"id": 42132975, "state": 2, "submissionId": 19681519, "reward": 11222, "index": 2, "initialScore": 600.0, "initialConfidence": 200.0, "updatedScore": 718.0339211842075, "updatedConfidence": 185.0, "teamId": 99999}, {"id": 42132976, "state": 2, "submissionId": 19441701, "reward": 11111, "index": 3, "initialScore": 635.4147290054714, "initialConfidence": 35.0, "updatedScore": 637.1434310981473, "updatedConfidence": 35.0, "teamId": 99999}]}