{"id": 19137816, "competitionId": 25401, "createTime": {"seconds": 1613944578}, "endTime": {"seconds": 1613944578}, "agents": [{"id": 42144375, "state": 2, "submissionId": 19530754, "reward": 20019, "index": 0, "initialScore": 1095.467436904902, "initialConfidence": 35.0, "updatedScore": 1097.3169694574196, "updatedConfidence": 35.0, "teamId": 99999}, {"id": 42144376, "state": 2, "submissionId": 19658909, "reward": 5410, "index": 1, "initialScore": 1096.7325799113505, "initialConfidence": 62.17570255652852, "updatedScore": 1083.9938278145285, "updatedConfidence": 60.682848173412346, "teamId": 99999}, {"id": 42144377, "state": 2, "submissionId": 19469841, "reward": 20014, "index": 2, "initialScore": 1133.659806360816, "initialConfidence": 35.0, "updatedScore": 1131.6863767189018, "updatedConfidence": 35.0, "teamId": 99999}, {"id": 42144378, "state": 2, "submissionId": 19519164, "reward": 20020, "index": 3, "initialScore": 1127.2722914645983, "initialConfidence": 35.50639145208676, "updatedScore": 1131.5541063667704, "updatedConfidence": 35.218920877399725, "teamId": 99999}]}