{"id": 19135729, "competitionId": 25401, "createTime": {"seconds": 1613943860}, "endTime": {"seconds": 1613943860}, "agents": [{"id": 42140055, "state": 2, "submissionId": 19681519, "reward": 7917, "index": 0, "initialScore": 1010.078511615408, "initialConfidence": 128.1100071947859, "updatedScore": 988.2738009492166, "updatedConfidence": 116.65494995802725, "teamId": 99999}, {"id": 42140056, "state": 2, "submissionId": 19507750, "reward": 20024, "index": 1, "initialScore": 1046.228945513065, "initialConfidence": 35.0, "updatedScore": 1047.47550133993, "updatedConfidence": 35.0, "teamId": 99999}, {"id": 42140057, "state": 2, "submissionId": 19440395, "reward": 7907, "index": 2, "initialScore": 1006.481229580124, "initialConfidence": 35.0, "updatedScore": 1001.8252951117074, "updatedConfidence": 35.0, "teamId": 99999}, {"id": 42140058, "state": 2, "submissionId": 19478793, "reward": 20024, "index": 3, "initialScore": 907.054952652924, "initialConfidence": 35.0, "updatedScore": 912.0918287032964, "updatedConfidence": 35.0, "teamId": 99999}]}