{"id": 19137815, "competitionId": 25401, "createTime": {"seconds": 1613944578}, "endTime": {"seconds": 1613944578}, "agents": [{"id": 42144371, "state": 2, "submissionId": 19529163, "reward": 12011, "index": 0, "initialScore": 1085.1151531035948, "initialConfidence": 35.0, "updatedScore": 1080.3206640838632, "updatedConfidence": 35.0, "teamId": 99999}, {"id": 42144372, "state": 2, "submissionId": 19517799, "reward": 20020, "index": 1, "initialScore": 1136.2545094891077, "initialConfidence": 35.0, "updatedScore": 1139.3071975342764, "updatedConfidence": 35.0, "teamId": 99999}, {"id": 42144373, "state": 2, "submissionId": 19681460, "reward": 20015, "index": 2, "initialScore": 1006.2445221615015, "initialConfidence": 89.33517729496752, "updatedScore": 1022.4203831929108, "updatedConfidence": 85.17262483703651, "teamId": 99999}, {"id": 42144374, "state": 2, "submissionId": 19626588, "reward": 18422, "index": 3, "initialScore": 1034.4398313213908, "initialConfidence": 46.11317175298804, "updatedScore": 1033.1533968636536, "updatedConfidence": 45.50409898916567, "teamId": 99999}]}