{"id": 19134364, "competitionId": 25401, "createTime": {"seconds": 1613943384}, "endTime": {"seconds": 1613943384}, "agents": [{"id": 42137279, "state": 2, "submissionId": 19513732, "reward": 11507, "index": 0, "initialScore": 1069.32722283035, "initialConfidence": 35.0, "updatedScore": 1065.1444781447628, "updatedConfidence": 35.0, "teamId": 99999}, {"id": 42137280, "state": 2, "submissionId": 19652367, "reward": 20017, "index": 1, "initialScore": 1115.44704126106, "initialConfidence": 59.79221284376069, "updatedScore": 1117.7508106656237, "updatedConfidence": 58.45195393348033, "teamId": 99999}, {"id": 42137281, "state": 2, "submissionId": 19545332, "reward": 11515, "index": 2, "initialScore": 1069.2396787676648, "initialConfidence": 35.24321560300433, "updatedScore": 1068.0364677923876, "updatedConfidence": 35.0, "teamId": 99999}, {"id": 42137282, "state": 2, "submissionId": 19513042, "reward": 20027, "index": 3, "initialScore": 1076.8738829757033, "initialConfidence": 35.0, "updatedScore": 1081.4539095758655, "updatedConfidence": 35.0, "teamId": 99999}]}