{"id": 19139182, "competitionId": 25401, "createTime": {"seconds": 1613945058}, "endTime": {"seconds": 1613945058}, "agents": [{"id": 42147153, "state": 2, "submissionId": 19532101, "reward": 15519, "index": 0, "initialScore": 1056.2267810536478, "initialConfidence": 35.0, "updatedScore": 1061.3635120977476, "updatedConfidence": 35.0, "teamId": 99999}, {"id": 42147154, "state": 2, "submissionId": 19659705, "reward": 8908, "index": 1, "initialScore": 1102.2293926788425, "initialConfidence": 61.32191748714263, "updatedScore": 1088.458383104569, "updatedConfidence": 59.87073758131694, "teamId": 99999}, {"id": 42147155, "state": 2, "submissionId": 19569131, "reward": 13719, "index": 2, "initialScore": 1086.9639947155213, "initialConfidence": 38.58272389837557, "updatedScore": 1085.3488438305772, "updatedConfidence": 38.21872362142376, "teamId": 99999}, {"id": 42147156, "state": 2, "submissionId": 19681519, "reward": 15417, "index": 3, "initialScore": 1129.407313334034, "initialConfidence": 90.40344020628962, "updatedScore": 1133.9340453266354, "updatedConfidence": 86.04878255799022, "teamId": 99999}]}