{"id": 19135741, "competitionId": 25401, "createTime": {"seconds": 1613943861}, "endTime": {"seconds": 1613943861}, "agents": [{"id": 42140103, "state": 2, "submissionId": 19487408, "reward": 20022, "index": 0, "initialScore": 1117.2887700522858, "initialConfidence": 35.0, "updatedScore": 1117.3947885481518, "updatedConfidence": 35.0, "teamId": 99999}, {"id": 42140104, "state": 2, "submissionId": 19544682, "reward": 14514, "index": 1, "initialScore": 1036.1227893708117, "initialConfidence": 35.0, "updatedScore": 1034.8697941242383, "updatedConfidence": 35.0, "teamId": 99999}, {"id": 42140105, "state": 2, "submissionId": 19427774, "reward": 14508, "index": 2, "initialScore": 966.3668197523564, "initialConfidence": 35.0, "updatedScore": 963.4797403486969, "updatedConfidence": 35.0, "teamId": 99999}, {"id": 42140106, "state": 2, "submissionId": 19501069, "reward": 20023, "index": 3, "initialScore": 1071.7469406765647, "initialConfidence": 35.0, "updatedScore": 1075.7809968309314, "updatedConfidence": 35.0, "teamId": 99999}]}