{"id": 19140566, "competitionId": 25401, "createTime": {"seconds": 1613945544}, "endTime": {"seconds": 1613945544}, "agents": [{"id": 42150005, "state": 2, "submissionId": 19475968, "reward": 6008, "index": 0, "initialScore": 1086.831075873454, "initialConfidence": 35.0, "updatedScore": 1085.4971065110717, "updatedConfidence": 35.0, "teamId": 99999}, {"id": 42150006, "state": 2, "submissionId": 19681519, "reward": 19422, "index": 1, "initialScore": 1137.6079383098872, "initialConfidence": 82.39636552519265, "updatedScore": 1140.538342843981, "updatedConfidence": 79.02046045205837, "teamId": 99999}, {"id": 42150007, "state": 2, "submissionId": 19477521, "reward": 19527, "index": 2, "initialScore": 1057.557009041294, "initialConfidence": 35.0, "updatedScore": 1062.7181043294054, "updatedConfidence": 35.0, "teamId": 99999}, {"id": 42150008, "state": 2, "submissionId": 19519108, "reward": 6007, "index": 3, "initialScore": 1088.1296739541438, "initialConfidence": 35.0, "updatedScore": 1083.7738014679935, "updatedConfidence": 35.0, "teamId": 99999}]}