{"id": 19149542, "competitionId": 25401, "createTime": {"seconds": 1613948666}, "endTime": {"seconds": 1613948666}, "agents": [{"id": 42168463, "state": 2, "submissionId": 19641578, "reward": 14715, "index": 0, "initialScore": 1053.3084516609993, "initialConfidence": 49.54237428938369, "updatedScore": 1046.1880817243489, "updatedConfidence": 48.83505905768137, "teamId": 99999}, {"id": 42168464, "state": 2, "submissionId": 19557714, "reward": 20016, "index": 1, "initialScore": 1089.919003688639, "initialConfidence": 35.539472597034866, "updatedScore": 1091.479593333067, "updatedConfidence": 35.24971990295816, "teamId": 99999}, {"id": 42168465, "state": 2, "submissionId": 19477534, "reward": 20017, "index": 2, "initialScore": 1097.124325520911, "initialConfidence": 35.0, "updatedScore": 1101.4795993866169, "updatedConfidence": 35.0, "teamId": 99999}, {"id": 42168466, "state": 2, "submissionId": 19681519, "reward": 20013, "index": 3, "initialScore": 1140.538342843981, "initialConfidence": 79.02046045205837, "updatedScore": 1128.7374544532777, "updatedConfidence": 75.99524908075298, "teamId": 99999}]}