{"id": 19159876, "competitionId": 25401, "createTime": {"seconds": 1613952262}, "endTime": {"seconds": 1613952262}, "agents": [{"id": 42189665, "state": 2, "submissionId": 19519164, "reward": 20025, "index": 0, "initialScore": 1131.5541063667704, "initialConfidence": 35.218920877399725, "updatedScore": 1132.8777080996624, "updatedConfidence": 35.04673401163315, "teamId": 99999}, {"id": 42189666, "state": 2, "submissionId": 19659681, "reward": 6709, "index": 1, "initialScore": 1008.656337025702, "initialConfidence": 56.27291418392117, "updatedScore": 1000.0179978075672, "updatedConfidence": 55.26497636340572, "teamId": 99999}, {"id": 42189667, "state": 2, "submissionId": 19498541, "reward": 14216, "index": 2, "initialScore": 1065.3721270358217, "initialConfidence": 35.0, "updatedScore": 1063.8087797114788, "updatedConfidence": 35.0, "teamId": 99999}, {"id": 42189668, "state": 2, "submissionId": 19656499, "reward": 20025, "index": 3, "initialScore": 1043.290803679443, "initialConfidence": 53.12499938568641, "updatedScore": 1051.5798552757344, "updatedConfidence": 52.45118193296827, "teamId": 99999}]}