{"id": 19198519, "competitionId": 25401, "createTime": {"seconds": 1613965700}, "endTime": {"seconds": 1613965700}, "agents": [{"id": 42269083, "state": 2, "submissionId": 19439763, "reward": 20015, "index": 0, "initialScore": 1061.8358161765557, "initialConfidence": 35.0, "updatedScore": 1060.8008593714228, "updatedConfidence": 35.0, "teamId": 99999}, {"id": 42269084, "state": 2, "submissionId": 19643615, "reward": 10609, "index": 1, "initialScore": 1098.6998954181904, "initialConfidence": 48.63156849243659, "updatedScore": 1089.5377341043186, "updatedConfidence": 47.86937133744266, "teamId": 99999}, {"id": 42269085, "state": 2, "submissionId": 19457202, "reward": 20019, "index": 2, "initialScore": 1042.6034708743557, "initialConfidence": 35.0, "updatedScore": 1046.6756237444397, "updatedConfidence": 35.0, "teamId": 99999}, {"id": 42269086, "state": 2, "submissionId": 19681519, "reward": 20019, "index": 3, "initialScore": 1128.7374544532777, "initialConfidence": 75.99524908075298, "updatedScore": 1136.7920728461334, "updatedConfidence": 74.24192425784693, "teamId": 99999}]}