{"id": 19205410, "competitionId": 25401, "createTime": {"seconds": 1613968107}, "endTime": {"seconds": 1613968107}, "agents": [{"id": 42283225, "state": 2, "submissionId": 19504303, "reward": 16113, "index": 0, "initialScore": 1118.27754538329, "initialConfidence": 35.0, "updatedScore": 1119.181560890762, "updatedConfidence": 35.0, "teamId": 99999}, {"id": 42283226, "state": 2, "submissionId": 19592794, "reward": 7409, "index": 1, "initialScore": 1066.6949974213862, "initialConfidence": 39.1938136724244, "updatedScore": 1061.6693422836065, "updatedConfidence": 38.81498953276125, "teamId": 99999}, {"id": 42283227, "state": 2, "submissionId": 19652367, "reward": 16115, "index": 2, "initialScore": 1117.7508106656237, "initialConfidence": 58.45195393348033, "updatedScore": 1128.3549246505424, "updatedConfidence": 57.24251854797051, "teamId": 99999}, {"id": 42283228, "state": 2, "submissionId": 19496016, "reward": 15515, "index": 3, "initialScore": 1050.70219458841, "initialConfidence": 35.0, "updatedScore": 1050.003862830797, "updatedConfidence": 35.0, "teamId": 99999}]}