{"id": 19219199, "competitionId": 25401, "createTime": {"seconds": 1613972906}, "endTime": {"seconds": 1613972906}, "agents": [{"id": 42311539, "state": 2, "submissionId": 19609448, "reward": 15718, "index": 0, "initialScore": 1071.4875303220238, "initialConfidence": 41.39211233148964, "updatedScore": 1077.583358904756, "updatedConfidence": 40.92540351032032, "teamId": 99999}, {"id": 42311540, "state": 2, "submissionId": 19507843, "reward": 10511, "index": 1, "initialScore": 1045.7249200264068, "initialConfidence": 35.0, "updatedScore": 1041.6454934022358, "updatedConfidence": 35.0, "teamId": 99999}, {"id": 42311541, "state": 2, "submissionId": 19487408, "reward": 15717, "index": 2, "initialScore": 1117.3947885481518, "initialConfidence": 35.0, "updatedScore": 1117.8160991519956, "updatedConfidence": 35.0, "teamId": 99999}, {"id": 42311542, "state": 2, "submissionId": 19558924, "reward": 15114, "index": 3, "initialScore": 1027.367377577321, "initialConfidence": 35.0, "updatedScore": 1026.667027675332, "updatedConfidence": 35.0, "teamId": 99999}]}