{"id": 19210231, "competitionId": 25401, "createTime": {"seconds": 1613969784}, "endTime": {"seconds": 1613969784}, "agents": [{"id": 42293115, "state": 2, "submissionId": 19566819, "reward": 20024, "index": 0, "initialScore": 1000.5949629232554, "initialConfidence": 35.0, "updatedScore": 1007.0110927957604, "updatedConfidence": 35.0, "teamId": 99999}, {"id": 42293116, "state": 2, "submissionId": 19514869, "reward": 20013, "index": 1, "initialScore": 1063.2796078627423, "initialConfidence": 35.0, "updatedScore": 1065.200836155628, "updatedConfidence": 35.0, "teamId": 99999}, {"id": 42293117, "state": 2, "submissionId": 19472912, "reward": 8311, "index": 2, "initialScore": 1108.3089654327866, "initialConfidence": 35.0, "updatedScore": 1103.1657055322098, "updatedConfidence": 35.0, "teamId": 99999}, {"id": 42293118, "state": 2, "submissionId": 19533620, "reward": 15512, "index": 3, "initialScore": 1153.7196160448343, "initialConfidence": 35.0, "updatedScore": 1150.525517780021, "updatedConfidence": 35.0, "teamId": 99999}]}