{"id": 19218499, "competitionId": 25401, "createTime": {"seconds": 1613972661}, "endTime": {"seconds": 1613972661}, "agents": [{"id": 42310081, "state": 2, "submissionId": 19513042, "reward": 11408, "index": 0, "initialScore": 1081.4539095758655, "initialConfidence": 35.0, "updatedScore": 1076.9106260675946, "updatedConfidence": 35.0, "teamId": 99999}, {"id": 42310082, "state": 2, "submissionId": 19652367, "reward": 14617, "index": 1, "initialScore": 1128.3549246505424, "initialConfidence": 57.24251854797051, "updatedScore": 1129.5531529928255, "updatedConfidence": 56.07203248244126, "teamId": 99999}, {"id": 42310083, "state": 2, "submissionId": 19551968, "reward": 14720, "index": 2, "initialScore": 1060.81981012986, "initialConfidence": 35.0, "updatedScore": 1065.6814944760008, "updatedConfidence": 35.0, "teamId": 99999}, {"id": 42310084, "state": 2, "submissionId": 19539110, "reward": 14613, "index": 3, "initialScore": 1044.9844763441265, "initialConfidence": 35.0, "updatedScore": 1044.2181165649354, "updatedConfidence": 35.0, "teamId": 99999}]}