{"id": 19221266, "competitionId": 25401, "createTime": {"seconds": 1613973628}, "endTime": {"seconds": 1613973628}, "agents": [{"id": 42315781, "state": 2, "submissionId": 19484462, "reward": 20023, "index": 0, "initialScore": 1093.5318521490494, "initialConfidence": 35.0, "updatedScore": 1098.0903372868954, "updatedConfidence": 35.0, "teamId": 99999}, {"id": 42315782, "state": 2, "submissionId": 19517799, "reward": 20011, "index": 1, "initialScore": 1139.3071975342764, "initialConfidence": 35.0, "updatedScore": 1139.8929547515418, "updatedConfidence": 35.0, "teamId": 99999}, {"id": 42315783, "state": 2, "submissionId": 19644769, "reward": 12917, "index": 2, "initialScore": 1061.883177719592, "initialConfidence": 47.32694499835732, "updatedScore": 1055.1207499666953, "updatedConfidence": 46.68655508361405, "teamId": 99999}, {"id": 42315784, "state": 2, "submissionId": 19652061, "reward": 17912, "index": 3, "initialScore": 1095.4176723553935, "initialConfidence": 51.06951540069318, "updatedScore": 1092.339534195164, "updatedConfidence": 50.23453394465329, "teamId": 99999}]}