{"id": 19238487, "competitionId": 25401, "createTime": {"seconds": 1613979627}, "endTime": {"seconds": 1613979627}, "agents": [{"id": 42351115, "state": 2, "submissionId": 19635284, "reward": 19918, "index": 0, "initialScore": 1139.0378375968794, "initialConfidence": 53.42022463958543, "updatedScore": 1139.8144556462075, "updatedConfidence": 52.57969747882274, "teamId": 99999}, {"id": 42351116, "state": 2, "submissionId": 19440387, "reward": 16814, "index": 1, "initialScore": 1006.922583931045, "initialConfidence": 35.0, "updatedScore": 1006.8263177608518, "updatedConfidence": 35.0, "teamId": 99999}, {"id": 42351117, "state": 2, "submissionId": 19681519, "reward": 20017, "index": 2, "initialScore": 1125.9172911055582, "initialConfidence": 71.69272532225408, "updatedScore": 1140.1220358228322, "updatedConfidence": 69.65900876446908, "teamId": 99999}, {"id": 42351118, "state": 2, "submissionId": 19526218, "reward": 14811, "index": 3, "initialScore": 1034.123610808188, "initialConfidence": 35.0, "updatedScore": 1030.5010297520832, "updatedConfidence": 35.0, "teamId": 99999}]}