{"id": 19239868, "competitionId": 25401, "createTime": {"seconds": 1613980108}, "endTime": {"seconds": 1613980108}, "agents": [{"id": 42353953, "state": 2, "submissionId": 19567423, "reward": 5908, "index": 0, "initialScore": 1020.72231105637, "initialConfidence": 35.0, "updatedScore": 1017.6822578402764, "updatedConfidence": 35.0, "teamId": 99999}, {"id": 42353954, "state": 2, "submissionId": 19519164, "reward": 5909, "index": 1, "initialScore": 1132.8777080996624, "initialConfidence": 35.04673401163315, "updatedScore": 1130.5554805260924, "updatedConfidence": 35.0, "teamId": 99999}, {"id": 42353955, "state": 2, "submissionId": 19517799, "reward": 14420, "index": 2, "initialScore": 1139.8929547515418, "initialConfidence": 35.0, "updatedScore": 1143.4460919724972, "updatedConfidence": 35.0, "teamId": 99999}, {"id": 42353956, "state": 2, "submissionId": 19546013, "reward": 14318, "index": 3, "initialScore": 1079.8344356877062, "initialConfidence": 35.75038894969546, "updatedScore": 1081.715528405252, "updatedConfidence": 35.45521693162223, "teamId": 99999}]}