{"id": 19232981, "competitionId": 25401, "createTime": {"seconds": 1613977707}, "endTime": {"seconds": 1613977707}, "agents": [{"id": 42339827, "state": 2, "submissionId": 19471900, "reward": 18519, "index": 0, "initialScore": 1139.6927883217834, "initialConfidence": 35.0, "updatedScore": 1143.0888895369014, "updatedConfidence": 35.0, "teamId": 99999}, {"id": 42339828, "state": 2, "submissionId": 19654102, "reward": 10414, "index": 1, "initialScore": 1058.3113991279563, "initialConfidence": 52.05256829931112, "updatedScore": 1049.9162433554577, "updatedConfidence": 51.216916265424366, "teamId": 99999}, {"id": 42339829, "state": 2, "submissionId": 19681519, "reward": 15716, "index": 2, "initialScore": 1136.7920728461334, "initialConfidence": 74.24192425784693, "updatedScore": 1125.9172911055582, "updatedConfidence": 71.69272532225408, "teamId": 99999}, {"id": 42339830, "state": 2, "submissionId": 19610125, "reward": 18517, "index": 3, "initialScore": 1020.1098475150172, "initialConfidence": 42.901663503952, "updatedScore": 1024.3414612972792, "updatedConfidence": 42.39809709335342, "teamId": 99999}]}