{"id": 19240561, "competitionId": 25401, "createTime": {"seconds": 1613980348}, "endTime": {"seconds": 1613980348}, "agents": [{"id": 42355381, "state": 2, "submissionId": 19462166, "reward": 18513, "index": 0, "initialScore": 1015.136846945888, "initialConfidence": 35.0, "updatedScore": 1014.829555236092, "updatedConfidence": 35.0, "teamId": 99999}, {"id": 42355382, "state": 2, "submissionId": 19460024, "reward": 18519, "index": 1, "initialScore": 1088.7472507876068, "initialConfidence": 35.0, "updatedScore": 1089.9054967911068, "updatedConfidence": 35.0, "teamId": 99999}, {"id": 42355383, "state": 2, "submissionId": 19530516, "reward": 16613, "index": 2, "initialScore": 1067.280005657656, "initialConfidence": 35.0, "updatedScore": 1062.872736836449, "updatedConfidence": 35.0, "teamId": 99999}, {"id": 42355384, "state": 2, "submissionId": 19487408, "reward": 18611, "index": 3, "initialScore": 1117.8160991519956, "initialConfidence": 35.0, "updatedScore": 1121.3724136794988, "updatedConfidence": 35.0, "teamId": 99999}]}