{"id": 19278515, "competitionId": 25401, "createTime": {"seconds": 1613993550}, "endTime": {"seconds": 1613993550}, "agents": [{"id": 42433373, "state": 2, "submissionId": 19436283, "reward": 20021, "index": 0, "initialScore": 1043.4791966924606, "initialConfidence": 35.0, "updatedScore": 1048.2388641208186, "updatedConfidence": 35.0, "teamId": 99999}, {"id": 42433374, "state": 2, "submissionId": 19667177, "reward": 20017, "index": 1, "initialScore": 1041.8448600001557, "initialConfidence": 60.739595820377474, "updatedScore": 1047.2142554501002, "updatedConfidence": 59.27947767885074, "teamId": 99999}, {"id": 42433375, "state": 2, "submissionId": 19663404, "reward": 11816, "index": 2, "initialScore": 985.2593824312512, "initialConfidence": 52.19583680900065, "updatedScore": 978.441094334283, "updatedConfidence": 51.42885394453243, "teamId": 99999}, {"id": 42433376, "state": 2, "submissionId": 19533620, "reward": 20014, "index": 3, "initialScore": 1150.525517780021, "initialConfidence": 35.0, "updatedScore": 1147.0487595028146, "updatedConfidence": 35.0, "teamId": 99999}]}