{"id": 19289550, "competitionId": 25401, "createTime": {"seconds": 1613997387}, "endTime": {"seconds": 1613997387}, "agents": [{"id": 42456035, "state": 2, "submissionId": 19569336, "reward": 20021, "index": 0, "initialScore": 1086.977101259852, "initialConfidence": 40.32613872690156, "updatedScore": 1090.306660507589, "updatedConfidence": 39.87302725043218, "teamId": 99999}, {"id": 42456036, "state": 2, "submissionId": 19476680, "reward": 20024, "index": 1, "initialScore": 1139.9283896635095, "initialConfidence": 35.64339849574919, "updatedScore": 1144.4319775814236, "updatedConfidence": 35.34452734950941, "teamId": 99999}, {"id": 42456037, "state": 2, "submissionId": 19517799, "reward": 11709, "index": 2, "initialScore": 1143.4460919724972, "initialConfidence": 35.0, "updatedScore": 1138.719756592202, "updatedConfidence": 35.0, "teamId": 99999}, {"id": 42456038, "state": 2, "submissionId": 19514384, "reward": 11710, "index": 3, "initialScore": 1161.1027451165128, "initialConfidence": 36.97594036444517, "updatedScore": 1158.7318639601017, "updatedConfidence": 36.62461919694631, "teamId": 99999}]}