{"id": 19289549, "competitionId": 25401, "createTime": {"seconds": 1613997387}, "endTime": {"seconds": 1613997387}, "agents": [{"id": 42456031, "state": 2, "submissionId": 19575387, "reward": 19721, "index": 0, "initialScore": 1081.0074798096723, "initialConfidence": 35.68294762178703, "updatedScore": 1085.4280762831097, "updatedConfidence": 35.397489593122486, "teamId": 99999}, {"id": 42456032, "state": 2, "submissionId": 19681519, "reward": 19617, "index": 1, "initialScore": 1140.1220358228322, "initialConfidence": 69.65900876446908, "updatedScore": 1140.7380821778074, "updatedConfidence": 67.74472977267303, "teamId": 99999}, {"id": 42456033, "state": 2, "submissionId": 19537536, "reward": 17116, "index": 2, "initialScore": 1051.9821338195345, "initialConfidence": 35.0, "updatedScore": 1050.9084233816588, "updatedConfidence": 35.0, "teamId": 99999}, {"id": 42456034, "state": 2, "submissionId": 19684561, "reward": 11917, "index": 3, "initialScore": 1022.112670273011, "initialConfidence": 70.25031126587015, "updatedScore": 1008.6778447866524, "updatedConfidence": 68.34643723103987, "teamId": 99999}]}