{"id": 19286790, "competitionId": 25401, "createTime": {"seconds": 1613996426}, "endTime": {"seconds": 1613996426}, "agents": [{"id": 42450367, "state": 2, "submissionId": 19459891, "reward": 12712, "index": 0, "initialScore": 1093.62489511102, "initialConfidence": 35.0, "updatedScore": 1088.9940453831398, "updatedConfidence": 35.0, "teamId": 99999}, {"id": 42450368, "state": 2, "submissionId": 19534807, "reward": 20012, "index": 1, "initialScore": 1047.0952697330524, "initialConfidence": 35.0, "updatedScore": 1048.0566088789876, "updatedConfidence": 35.0, "teamId": 99999}, {"id": 42450369, "state": 2, "submissionId": 19652367, "reward": 20015, "index": 2, "initialScore": 1129.5531529928255, "initialConfidence": 56.07203248244126, "updatedScore": 1138.6700508249337, "updatedConfidence": 55.03137451832744, "teamId": 99999}, {"id": 42450370, "state": 2, "submissionId": 19513042, "reward": 20012, "index": 3, "initialScore": 1077.656714007616, "initialConfidence": 35.0, "updatedScore": 1077.7740804568148, "updatedConfidence": 35.0, "teamId": 99999}]}