{"id": 19295071, "competitionId": 25401, "createTime": {"seconds": 1613999308}, "endTime": {"seconds": 1613999308}, "agents": [{"id": 42467375, "state": 2, "submissionId": 19589524, "reward": 20020, "index": 0, "initialScore": 1029.881946861063, "initialConfidence": 37.496951409082826, "updatedScore": 1035.8660066907555, "updatedConfidence": 37.13131401170546, "teamId": 99999}, {"id": 42467376, "state": 2, "submissionId": 19514869, "reward": 20016, "index": 1, "initialScore": 1065.200836155628, "initialConfidence": 35.0, "updatedScore": 1066.650700364723, "updatedConfidence": 35.0, "teamId": 99999}, {"id": 42467377, "state": 2, "submissionId": 19487408, "reward": 13014, "index": 2, "initialScore": 1121.3724136794988, "initialConfidence": 35.0, "updatedScore": 1115.7270654201589, "updatedConfidence": 35.0, "teamId": 99999}, {"id": 42467378, "state": 2, "submissionId": 19691355, "reward": 15716, "index": 3, "initialScore": 1046.489919758827, "initialConfidence": 83.29053575707404, "updatedScore": 1040.7240518228753, "updatedConfidence": 79.63904627743587, "teamId": 99999}]}