{"id": 19319897, "competitionId": 25401, "createTime": {"seconds": 1614007925}, "endTime": {"seconds": 1614007925}, "agents": [{"id": 42518365, "state": 2, "submissionId": 19519164, "reward": 20021, "index": 0, "initialScore": 1130.5554805260924, "initialConfidence": 35.0, "updatedScore": 1131.4267544937918, "updatedConfidence": 35.0, "teamId": 99999}, {"id": 42518366, "state": 2, "submissionId": 19654223, "reward": 10912, "index": 1, "initialScore": 1155.4065171695172, "initialConfidence": 56.29046409354714, "updatedScore": 1143.8282077982249, "updatedConfidence": 55.37422382004878, "teamId": 99999}, {"id": 42518367, "state": 2, "submissionId": 19476700, "reward": 10912, "index": 2, "initialScore": 1025.9301887202555, "initialConfidence": 35.0, "updatedScore": 1024.879270793043, "updatedConfidence": 35.0, "teamId": 99999}, {"id": 42518368, "state": 2, "submissionId": 19443107, "reward": 20026, "index": 3, "initialScore": 1093.8543033461551, "initialConfidence": 35.0, "updatedScore": 1098.5101689187334, "updatedConfidence": 35.0, "teamId": 99999}]}