{"id": 19320582, "competitionId": 25401, "createTime": {"seconds": 1614008165}, "endTime": {"seconds": 1614008165}, "agents": [{"id": 42519763, "state": 2, "submissionId": 19492656, "reward": 12415, "index": 0, "initialScore": 1075.1388199048004, "initialConfidence": 35.0, "updatedScore": 1080.1673998908575, "updatedConfidence": 35.0, "teamId": 99999}, {"id": 42519764, "state": 2, "submissionId": 19513812, "reward": 12312, "index": 1, "initialScore": 1063.9932242100622, "initialConfidence": 35.0, "updatedScore": 1063.3241357904935, "updatedConfidence": 35.0, "teamId": 99999}, {"id": 42519765, "state": 2, "submissionId": 19517799, "reward": 7509, "index": 2, "initialScore": 1138.719756592202, "initialConfidence": 35.0, "updatedScore": 1133.3896828996103, "updatedConfidence": 35.0, "teamId": 99999}, {"id": 42519766, "state": 2, "submissionId": 19673617, "reward": 12315, "index": 3, "initialScore": 1124.3969154625313, "initialConfidence": 59.08316467338962, "updatedScore": 1127.1627341033757, "updatedConfidence": 57.74913893128742, "teamId": 99999}]}