{"id": 19345403, "competitionId": 25401, "createTime": {"seconds": 1614016805}, "endTime": {"seconds": 1614016805}, "agents": [{"id": 42570727, "state": 2, "submissionId": 19691159, "reward": 16821, "index": 0, "initialScore": 1057.489204501571, "initialConfidence": 73.95845443829135, "updatedScore": 1079.634368819752, "updatedConfidence": 71.32847572133295, "teamId": 99999}, {"id": 42570728, "state": 2, "submissionId": 19590854, "reward": 10210, "index": 1, "initialScore": 1112.9952445390252, "initialConfidence": 43.74605131509154, "updatedScore": 1105.4953063380133, "updatedConfidence": 43.19526677866669, "teamId": 99999}, {"id": 42570729, "state": 2, "submissionId": 19681519, "reward": 16820, "index": 2, "initialScore": 1140.7380821778074, "initialConfidence": 67.74472977267303, "updatedScore": 1142.8008528861487, "updatedConfidence": 65.87807710681422, "teamId": 99999}, {"id": 42570730, "state": 2, "submissionId": 19551968, "reward": 11910, "index": 3, "initialScore": 1059.0897737791645, "initialConfidence": 35.0, "updatedScore": 1058.3804845050613, "updatedConfidence": 35.0, "teamId": 99999}]}