{"id": 19355060, "competitionId": 25401, "createTime": {"seconds": 1614020169}, "endTime": {"seconds": 1614020169}, "agents": [{"id": 42590567, "state": 2, "submissionId": 19652367, "reward": 19125, "index": 0, "initialScore": 1138.6700508249337, "initialConfidence": 55.03137451832744, "updatedScore": 1139.4443297907642, "updatedConfidence": 54.03744826679807, "teamId": 99999}, {"id": 42590568, "state": 2, "submissionId": 19687889, "reward": 19116, "index": 1, "initialScore": 1076.9856237099254, "initialConfidence": 68.92931883530765, "updatedScore": 1071.873293189568, "updatedConfidence": 66.99893819843284, "teamId": 99999}, {"id": 42590569, "state": 2, "submissionId": 19563810, "reward": 19213, "index": 2, "initialScore": 1078.0851827775923, "initialConfidence": 35.464116636948496, "updatedScore": 1082.7300593568025, "updatedConfidence": 35.17445048878718, "teamId": 99999}, {"id": 42590570, "state": 2, "submissionId": 19643687, "reward": 9513, "index": 3, "initialScore": 1040.4538279586204, "initialConfidence": 49.536075884683136, "updatedScore": 1033.4044552050002, "updatedConfidence": 48.83585023533267, "teamId": 99999}]}