{"id": 19361255, "competitionId": 25401, "createTime": {"seconds": 1614022315}, "endTime": {"seconds": 1614022315}, "agents": [{"id": 42603269, "state": 2, "submissionId": 19503054, "reward": 7805, "index": 0, "initialScore": 1035.385391639703, "initialConfidence": 35.0, "updatedScore": 1031.6044576590705, "updatedConfidence": 35.0, "teamId": 99999}, {"id": 42603270, "state": 2, "submissionId": 19533620, "reward": 20009, "index": 1, "initialScore": 1147.0487595028146, "initialConfidence": 35.0, "updatedScore": 1146.9375014699117, "updatedConfidence": 35.0, "teamId": 99999}, {"id": 42603271, "state": 2, "submissionId": 19611462, "reward": 10719, "index": 2, "initialScore": 1042.564461651592, "initialConfidence": 39.59135931491085, "updatedScore": 1041.3635933045443, "updatedConfidence": 39.20560960639149, "teamId": 99999}, {"id": 42603272, "state": 2, "submissionId": 19530516, "reward": 20031, "index": 3, "initialScore": 1056.2505206754656, "initialConfidence": 35.0, "updatedScore": 1061.0812048740625, "updatedConfidence": 35.0, "teamId": 99999}]}