{"id": 19377803, "competitionId": 25401, "createTime": {"seconds": 1614028078}, "endTime": {"seconds": 1614028078}, "agents": [{"id": 42637239, "state": 2, "submissionId": 19667284, "reward": 20020, "index": 0, "initialScore": 1007.6390791386798, "initialConfidence": 54.78492955960056, "updatedScore": 1015.4500356180456, "updatedConfidence": 53.683710984869215, "teamId": 99999}, {"id": 42637240, "state": 2, "submissionId": 19487408, "reward": 20023, "index": 1, "initialScore": 1115.7270654201589, "initialConfidence": 35.0, "updatedScore": 1119.6562068211983, "updatedConfidence": 35.0, "teamId": 99999}, {"id": 42637241, "state": 2, "submissionId": 19639153, "reward": 10409, "index": 2, "initialScore": 1144.8866654903018, "initialConfidence": 45.43766288237829, "updatedScore": 1135.2935876936372, "updatedConfidence": 44.76043733405893, "teamId": 99999}, {"id": 42637242, "state": 2, "submissionId": 19573253, "reward": 12815, "index": 3, "initialScore": 1085.9187385853422, "initialConfidence": 38.71585551830463, "updatedScore": 1084.174883859986, "updatedConfidence": 38.31505793276098, "teamId": 99999}]}