{"id": 19375745, "competitionId": 25401, "createTime": {"seconds": 1614027359}, "endTime": {"seconds": 1614027359}, "agents": [{"id": 42633035, "state": 2, "submissionId": 19652367, "reward": 20026, "index": 0, "initialScore": 1139.4443297907642, "initialConfidence": 54.03744826679807, "updatedScore": 1147.8551569011106, "updatedConfidence": 53.11445404199172, "teamId": 99999}, {"id": 42633036, "state": 2, "submissionId": 19514545, "reward": 20018, "index": 1, "initialScore": 1084.632325165656, "initialConfidence": 35.0, "updatedScore": 1086.3632368216042, "updatedConfidence": 35.0, "teamId": 99999}, {"id": 42633037, "state": 2, "submissionId": 19660052, "reward": 12910, "index": 2, "initialScore": 1099.4211329733334, "initialConfidence": 54.825082472841125, "updatedScore": 1088.456602795107, "updatedConfidence": 53.75422483973343, "teamId": 99999}, {"id": 42633038, "state": 2, "submissionId": 19538413, "reward": 14313, "index": 3, "initialScore": 1062.0925382308385, "initialConfidence": 35.0, "updatedScore": 1061.3017264697737, "updatedConfidence": 35.0, "teamId": 99999}]}