{"id": 19371610, "competitionId": 25401, "createTime": {"seconds": 1614025919}, "endTime": {"seconds": 1614025919}, "agents": [{"id": 42624547, "state": 2, "submissionId": 19586963, "reward": 19011, "index": 0, "initialScore": 1084.5474214744938, "initialConfidence": 40.25858779753196, "updatedScore": 1087.1860356355478, "updatedConfidence": 39.83687938137967, "teamId": 99999}, {"id": 42624548, "state": 2, "submissionId": 19504303, "reward": 15815, "index": 1, "initialScore": 1120.1392834949966, "initialConfidence": 35.0, "updatedScore": 1118.397430493536, "updatedConfidence": 35.0, "teamId": 99999}, {"id": 42624549, "state": 2, "submissionId": 19558904, "reward": 14518, "index": 2, "initialScore": 1079.878126701495, "initialConfidence": 35.025823231477446, "updatedScore": 1075.9802898164642, "updatedConfidence": 35.0, "teamId": 99999}, {"id": 42624550, "state": 2, "submissionId": 19681519, "reward": 19024, "index": 3, "initialScore": 1142.8008528861487, "initialConfidence": 65.87807710681422, "updatedScore": 1155.6952871403778, "updatedConfidence": 64.19884251832183, "teamId": 99999}]}