{"id": 19398482, "competitionId": 25401, "createTime": {"seconds": 1614035377}, "endTime": {"seconds": 1614035377}, "agents": [{"id": 42679691, "state": 2, "submissionId": 19519164, "reward": 17318, "index": 0, "initialScore": 1131.4267544937918, "initialConfidence": 35.0, "updatedScore": 1135.0094534231469, "updatedConfidence": 35.0, "teamId": 99999}, {"id": 42679692, "state": 2, "submissionId": 19622092, "reward": 17213, "index": 1, "initialScore": 1025.8064756526976, "initialConfidence": 39.18659504546905, "updatedScore": 1027.7871496693144, "updatedConfidence": 38.91537901108927, "teamId": 99999}, {"id": 42679693, "state": 2, "submissionId": 19484141, "reward": 17213, "index": 2, "initialScore": 1120.431577242507, "initialConfidence": 35.0, "updatedScore": 1119.4174244463711, "updatedConfidence": 35.0, "teamId": 99999}, {"id": 42679694, "state": 2, "submissionId": 19514641, "reward": 10912, "index": 3, "initialScore": 1069.879307002997, "initialConfidence": 35.0, "updatedScore": 1065.7306992094284, "updatedConfidence": 35.0, "teamId": 99999}]}