{"id": 19398492, "competitionId": 25401, "createTime": {"seconds": 1614035377}, "endTime": {"seconds": 1614035377}, "agents": [{"id": 42679731, "state": 2, "submissionId": 19517799, "reward": 20012, "index": 0, "initialScore": 1133.3896828996103, "initialConfidence": 35.0, "updatedScore": 1133.5799489941885, "updatedConfidence": 35.0, "teamId": 99999}, {"id": 42679732, "state": 2, "submissionId": 19554636, "reward": 15218, "index": 1, "initialScore": 1015.50497699643, "initialConfidence": 35.0, "updatedScore": 1015.1650993155416, "updatedConfidence": 35.0, "teamId": 99999}, {"id": 42679733, "state": 2, "submissionId": 19554715, "reward": 20022, "index": 2, "initialScore": 1055.1008909469087, "initialConfidence": 35.0, "updatedScore": 1059.9756754074504, "updatedConfidence": 35.0, "teamId": 99999}, {"id": 42679734, "state": 2, "submissionId": 19650918, "reward": 9507, "index": 3, "initialScore": 1084.0686547142382, "initialConfidence": 49.37236725091531, "updatedScore": 1074.666021069232, "updatedConfidence": 48.56194757387485, "teamId": 99999}]}