{"id": 19409930, "competitionId": 25401, "createTime": {"seconds": 1614062944}, "endTime": {"seconds": 1614062944}, "agents": [{"id": 42707091, "state": 2, "submissionId": 19557714, "reward": 11415, "index": 0, "initialScore": 1087.5703667324583, "initialConfidence": 35.0, "updatedScore": 1084.2241789447592, "updatedConfidence": 35.0, "teamId": 99999}, {"id": 42707092, "state": 2, "submissionId": 19519164, "reward": 20023, "index": 1, "initialScore": 1135.0094534231469, "initialConfidence": 35.0, "updatedScore": 1138.3385602365554, "updatedConfidence": 35.0, "teamId": 99999}, {"id": 42707093, "state": 2, "submissionId": 19496320, "reward": 20015, "index": 2, "initialScore": 1043.1131193416302, "initialConfidence": 35.0, "updatedScore": 1045.3476732608922, "updatedConfidence": 35.0, "teamId": 99999}, {"id": 42707094, "state": 2, "submissionId": 19482751, "reward": 11415, "index": 3, "initialScore": 1046.8622903643195, "initialConfidence": 35.0, "updatedScore": 1044.6448174193483, "updatedConfidence": 35.0, "teamId": 99999}]}