{"id": 19408822, "competitionId": 25401, "createTime": {"seconds": 1614054064}, "endTime": {"seconds": 1614054064}, "agents": [{"id": 42703473, "state": 2, "submissionId": 19517799, "reward": 16320, "index": 0, "initialScore": 1133.5799489941885, "initialConfidence": 35.0, "updatedScore": 1131.3162266906193, "updatedConfidence": 35.0, "teamId": 99999}, {"id": 42703474, "state": 2, "submissionId": 19480854, "reward": 8211, "index": 1, "initialScore": 1107.2024417999332, "initialConfidence": 35.0, "updatedScore": 1102.5276467692938, "updatedConfidence": 35.0, "teamId": 99999}, {"id": 42703475, "state": 2, "submissionId": 19421482, "reward": 20019, "index": 2, "initialScore": 1023.4240589953598, "initialConfidence": 35.0, "updatedScore": 1026.6139015671283, "updatedConfidence": 35.0, "teamId": 99999}, {"id": 42703476, "state": 2, "submissionId": 19673617, "reward": 20021, "index": 3, "initialScore": 1132.7724467488506, "initialConfidence": 56.97077250141882, "updatedScore": 1142.7046566798078, "updatedConfidence": 55.85972298025515, "teamId": 99999}]}