{"id": 19408053, "competitionId": 25401, "createTime": {"seconds": 1614048064}, "endTime": {"seconds": 1614048064}, "agents": [{"id": 42700953, "state": 2, "submissionId": 19681519, "reward": 20022, "index": 0, "initialScore": 1155.6952871403778, "initialConfidence": 64.19884251832183, "updatedScore": 1167.052535946041, "updatedConfidence": 62.701022703334296, "teamId": 99999}, {"id": 42700954, "state": 2, "submissionId": 19498032, "reward": 20016, "index": 1, "initialScore": 1092.2006934701662, "initialConfidence": 35.0, "updatedScore": 1091.0212015863892, "updatedConfidence": 35.0, "teamId": 99999}, {"id": 42700955, "state": 2, "submissionId": 19654093, "reward": 20018, "index": 2, "initialScore": 1066.7484326380338, "initialConfidence": 48.34775391349246, "updatedScore": 1071.1429040093667, "updatedConfidence": 47.62493895374103, "teamId": 99999}, {"id": 42700956, "state": 2, "submissionId": 19472912, "reward": 8607, "index": 3, "initialScore": 1107.392764316023, "initialConfidence": 35.0, "updatedScore": 1102.8936464725623, "updatedConfidence": 35.0, "teamId": 99999}]}