{"id": 19408992, "competitionId": 25401, "createTime": {"seconds": 1614055505}, "endTime": {"seconds": 1614055505}, "agents": [{"id": 42704021, "state": 2, "submissionId": 19476680, "reward": 9112, "index": 0, "initialScore": 1147.9725954949615, "initialConfidence": 35.08477685976999, "updatedScore": 1142.4866155965326, "updatedConfidence": 35.0, "teamId": 99999}, {"id": 42704022, "state": 2, "submissionId": 19517799, "reward": 14217, "index": 1, "initialScore": 1131.3162266906193, "initialConfidence": 35.0, "updatedScore": 1132.2467614384211, "updatedConfidence": 35.0, "teamId": 99999}, {"id": 42704023, "state": 2, "submissionId": 19684334, "reward": 14320, "index": 2, "initialScore": 1052.0290169595662, "initialConfidence": 59.5446892937475, "updatedScore": 1068.0134871370087, "updatedConfidence": 58.04548800131393, "teamId": 99999}, {"id": 42704024, "state": 2, "submissionId": 19529448, "reward": 14212, "index": 3, "initialScore": 1082.6336258434903, "initialConfidence": 35.0, "updatedScore": 1081.639931506438, "updatedConfidence": 35.0, "teamId": 99999}]}