{"id": 19409171, "competitionId": 25401, "createTime": {"seconds": 1614056943}, "endTime": {"seconds": 1614056943}, "agents": [{"id": 42704605, "state": 2, "submissionId": 19673542, "reward": 20013, "index": 0, "initialScore": 1017.5004136396316, "initialConfidence": 58.53685821187095, "updatedScore": 1024.044007439171, "updatedConfidence": 57.28505196787294, "teamId": 99999}, {"id": 42704606, "state": 2, "submissionId": 19487408, "reward": 20021, "index": 1, "initialScore": 1119.6562068211983, "initialConfidence": 35.0, "updatedScore": 1122.9586733027202, "updatedConfidence": 35.0, "teamId": 99999}, {"id": 42704607, "state": 2, "submissionId": 19557714, "reward": 16516, "index": 2, "initialScore": 1098.3018731460245, "initialConfidence": 35.0, "updatedScore": 1093.0583220022668, "updatedConfidence": 35.0, "teamId": 99999}, {"id": 42704608, "state": 2, "submissionId": 19677383, "reward": 20008, "index": 3, "initialScore": 1011.182177008798, "initialConfidence": 58.04017871193639, "updatedScore": 1010.0869995421742, "updatedConfidence": 56.82102765047067, "teamId": 99999}]}