{"id": 19408518, "competitionId": 25401, "createTime": {"seconds": 1614051665}, "endTime": {"seconds": 1614051665}, "agents": [{"id": 42702477, "state": 2, "submissionId": 19533620, "reward": 20008, "index": 0, "initialScore": 1146.9375014699117, "initialConfidence": 35.0, "updatedScore": 1147.1257992892629, "updatedConfidence": 35.0, "teamId": 99999}, {"id": 42702478, "state": 2, "submissionId": 19605155, "reward": 17216, "index": 1, "initialScore": 1093.3271036372428, "initialConfidence": 39.24569889401306, "updatedScore": 1091.247890908004, "updatedConfidence": 38.85351332391824, "teamId": 99999}, {"id": 42702479, "state": 2, "submissionId": 19691821, "reward": 20030, "index": 2, "initialScore": 1028.1094230605993, "initialConfidence": 63.142818939501744, "updatedScore": 1046.3271410459154, "updatedConfidence": 61.36008143961928, "teamId": 99999}, {"id": 42702480, "state": 2, "submissionId": 19498549, "reward": 3605, "index": 3, "initialScore": 1068.8966087238548, "initialConfidence": 35.0, "updatedScore": 1064.7646429394472, "updatedConfidence": 35.0, "teamId": 99999}]}