{"id": 19408695, "competitionId": 25401, "createTime": {"seconds": 1614053104}, "endTime": {"seconds": 1614053104}, "agents": [{"id": 42703053, "state": 2, "submissionId": 19472912, "reward": 6306, "index": 0, "initialScore": 1102.8936464725623, "initialConfidence": 35.0, "updatedScore": 1098.2343172138749, "updatedConfidence": 35.0, "teamId": 99999}, {"id": 42703054, "state": 2, "submissionId": 19652367, "reward": 10618, "index": 1, "initialScore": 1147.8551569011106, "initialConfidence": 53.11445404199172, "updatedScore": 1155.497837540793, "updatedConfidence": 52.26673327182137, "teamId": 99999}, {"id": 42703055, "state": 2, "submissionId": 19685940, "reward": 10610, "index": 2, "initialScore": 1042.228865460947, "initialConfidence": 62.32706188576705, "updatedScore": 1050.125040200606, "updatedConfidence": 60.80146187269938, "teamId": 99999}, {"id": 42703056, "state": 2, "submissionId": 19492656, "reward": 6312, "index": 3, "initialScore": 1078.9378817744534, "initialConfidence": 35.0, "updatedScore": 1077.788598914589, "updatedConfidence": 35.0, "teamId": 99999}]}