{"id": 19408959, "competitionId": 25401, "createTime": {"seconds": 1614055264}, "endTime": {"seconds": 1614055264}, "agents": [{"id": 42703911, "state": 2, "submissionId": 19604521, "reward": 20017, "index": 0, "initialScore": 1044.350075030596, "initialConfidence": 39.15865882815928, "updatedScore": 1044.0279734021249, "updatedConfidence": 38.76830113163911, "teamId": 99999}, {"id": 42703912, "state": 2, "submissionId": 19652367, "reward": 20021, "index": 1, "initialScore": 1155.497837540793, "initialConfidence": 52.26673327182137, "updatedScore": 1163.0051316977006, "updatedConfidence": 51.45050218302295, "teamId": 99999}, {"id": 42703913, "state": 2, "submissionId": 19567961, "reward": 20018, "index": 2, "initialScore": 1053.1458489590318, "initialConfidence": 37.854211056658016, "updatedScore": 1056.1121928360924, "updatedConfidence": 37.500506658776864, "teamId": 99999}, {"id": 42703914, "state": 2, "submissionId": 19514384, "reward": 9212, "index": 3, "initialScore": 1152.0024225076345, "initialConfidence": 36.25445058928913, "updatedScore": 1145.945535042544, "updatedConfidence": 35.90839634642097, "teamId": 99999}]}