{"id": 19418220, "competitionId": 25401, "createTime": {"seconds": 1614128025}, "endTime": {"seconds": 1614128025}, "agents": [{"id": 42734241, "state": 2, "submissionId": 19652367, "reward": 20025, "index": 0, "initialScore": 1176.470021218409, "initialConfidence": 49.96099530948394, "updatedScore": 1182.078122753367, "updatedConfidence": 49.31080501945639, "teamId": 99999}, {"id": 42734242, "state": 2, "submissionId": 19532544, "reward": 7413, "index": 1, "initialScore": 1069.9327390964995, "initialConfidence": 35.0, "updatedScore": 1065.8165547226497, "updatedConfidence": 35.0, "teamId": 99999}, {"id": 42734243, "state": 2, "submissionId": 19652061, "reward": 20021, "index": 2, "initialScore": 1076.9336661018965, "initialConfidence": 41.9581521486094, "updatedScore": 1079.4093527184596, "updatedConfidence": 41.51037585730943, "teamId": 99999}, {"id": 42734244, "state": 2, "submissionId": 19573610, "reward": 14115, "index": 3, "initialScore": 1032.9398714433294, "initialConfidence": 35.0, "updatedScore": 1032.5811357528478, "updatedConfidence": 35.0, "teamId": 99999}]}