{"id": 19415144, "competitionId": 25401, "createTime": {"seconds": 1614103823}, "endTime": {"seconds": 1614103823}, "agents": [{"id": 42724169, "state": 2, "submissionId": 19531105, "reward": 18816, "index": 0, "initialScore": 1024.2612012749294, "initialConfidence": 35.0, "updatedScore": 1024.1123004945632, "updatedConfidence": 35.0, "teamId": 99999}, {"id": 42724170, "state": 2, "submissionId": 19591782, "reward": 20017, "index": 1, "initialScore": 1117.0240715973584, "initialConfidence": 38.12393149643516, "updatedScore": 1118.2288567917262, "updatedConfidence": 37.8036987124462, "teamId": 99999}, {"id": 42724171, "state": 2, "submissionId": 19708538, "reward": 20018, "index": 2, "initialScore": 1160.971653504378, "initialConfidence": 80.13917992460574, "updatedScore": 1176.6708786585698, "updatedConfidence": 77.4722387617338, "teamId": 99999}, {"id": 42724172, "state": 2, "submissionId": 19600568, "reward": 16015, "index": 3, "initialScore": 1060.1927377203713, "initialConfidence": 35.0, "updatedScore": 1056.331706271205, "updatedConfidence": 35.0, "teamId": 99999}]}