{"id": 19418990, "competitionId": 25401, "createTime": {"seconds": 1614134026}, "endTime": {"seconds": 1614134026}, "agents": [{"id": 42736755, "state": 2, "submissionId": 19514384, "reward": 13512, "index": 0, "initialScore": 1143.656799774541, "initialConfidence": 35.313741837898014, "updatedScore": 1138.3733899205497, "updatedConfidence": 35.011170583990136, "teamId": 99999}, {"id": 42736756, "state": 2, "submissionId": 19503421, "reward": 13514, "index": 1, "initialScore": 1098.0350900369583, "initialConfidence": 35.0, "updatedScore": 1096.8382335066335, "updatedConfidence": 35.0, "teamId": 99999}, {"id": 42736757, "state": 2, "submissionId": 19699455, "reward": 19716, "index": 2, "initialScore": 1058.4153475230964, "initialConfidence": 61.4262931067073, "updatedScore": 1066.1719323931454, "updatedConfidence": 59.93732903057491, "teamId": 99999}, {"id": 42736758, "state": 2, "submissionId": 19711076, "reward": 19721, "index": 3, "initialScore": 1127.9598439354947, "initialConfidence": 77.37448693685765, "updatedScore": 1146.8662338478368, "updatedConfidence": 74.66476476509848, "teamId": 99999}]}