{"id": 19417759, "competitionId": 25401, "createTime": {"seconds": 1614124426}, "endTime": {"seconds": 1614124426}, "agents": [{"id": 42732733, "state": 2, "submissionId": 19593505, "reward": 20018, "index": 0, "initialScore": 1026.1912098305584, "initialConfidence": 35.32687481910985, "updatedScore": 1028.0788379448145, "updatedConfidence": 35.06134595706566, "teamId": 99999}, {"id": 42732734, "state": 2, "submissionId": 19577489, "reward": 20017, "index": 1, "initialScore": 1053.4175091812835, "initialConfidence": 35.0, "updatedScore": 1051.727375621478, "updatedConfidence": 35.0, "teamId": 99999}, {"id": 42732735, "state": 2, "submissionId": 19711076, "reward": 20019, "index": 2, "initialScore": 1108.6409172865997, "initialConfidence": 83.36317621300883, "updatedScore": 1125.9462979391153, "updatedConfidence": 80.38633429100298, "teamId": 99999}, {"id": 42732736, "state": 2, "submissionId": 19709858, "reward": 12108, "index": 3, "initialScore": 985.392955557426, "initialConfidence": 70.30310477640528, "updatedScore": 972.4285747401284, "updatedConfidence": 68.44395769856786, "teamId": 99999}]}