{"id": 19417729, "competitionId": 25401, "createTime": {"seconds": 1614124185}, "endTime": {"seconds": 1614124185}, "agents": [{"id": 42732635, "state": 2, "submissionId": 19711076, "reward": 14814, "index": 0, "initialScore": 1089.5897189671375, "initialConfidence": 86.67908808300669, "updatedScore": 1108.6409172865997, "updatedConfidence": 83.36317621300883, "teamId": 99999}, {"id": 42732636, "state": 2, "submissionId": 19577740, "reward": 11109, "index": 1, "initialScore": 1055.224230769104, "initialConfidence": 35.0, "updatedScore": 1053.233272024288, "updatedConfidence": 35.0, "teamId": 99999}, {"id": 42732637, "state": 2, "submissionId": 19709466, "reward": 10608, "index": 2, "initialScore": 931.181170045834, "initialConfidence": 74.17408404394911, "updatedScore": 919.6147255230596, "updatedConfidence": 72.24806968151331, "teamId": 99999}, {"id": 42732638, "state": 2, "submissionId": 19651710, "reward": 14725, "index": 3, "initialScore": 1030.7891809297355, "initialConfidence": 44.44647480527672, "updatedScore": 1033.1437685796384, "updatedConfidence": 43.93921911424947, "teamId": 99999}]}