{"id": 19412818, "competitionId": 25401, "createTime": {"seconds": 1614085505}, "endTime": {"seconds": 1614085505}, "agents": [{"id": 42716561, "state": 2, "submissionId": 19507767, "reward": 10113, "index": 0, "initialScore": 1015.7716706123272, "initialConfidence": 35.0, "updatedScore": 1012.0554372863965, "updatedConfidence": 35.0, "teamId": 99999}, {"id": 42716562, "state": 2, "submissionId": 19515283, "reward": 12214, "index": 1, "initialScore": 1052.9646187073236, "initialConfidence": 35.0, "updatedScore": 1051.4673935090098, "updatedConfidence": 35.0, "teamId": 99999}, {"id": 42716563, "state": 2, "submissionId": 19464944, "reward": 12311, "index": 2, "initialScore": 1023.7437979008891, "initialConfidence": 35.0, "updatedScore": 1028.9386398350448, "updatedConfidence": 35.0, "teamId": 99999}, {"id": 42716564, "state": 2, "submissionId": 19487408, "reward": 12215, "index": 3, "initialScore": 1122.9586733027202, "initialConfidence": 35.0, "updatedScore": 1122.9772898928093, "updatedConfidence": 35.0, "teamId": 99999}]}