{"id": 19415842, "competitionId": 25401, "createTime": {"seconds": 1614109343}, "endTime": {"seconds": 1614109343}, "agents": [{"id": 42726453, "state": 2, "submissionId": 19498640, "reward": 20026, "index": 0, "initialScore": 1107.7958395247326, "initialConfidence": 35.0, "updatedScore": 1111.957170972779, "updatedConfidence": 35.0, "teamId": 99999}, {"id": 42726454, "state": 2, "submissionId": 19526378, "reward": 15212, "index": 1, "initialScore": 1054.6219278954743, "initialConfidence": 35.0, "updatedScore": 1050.8952710198048, "updatedConfidence": 35.0, "teamId": 99999}, {"id": 42726455, "state": 2, "submissionId": 19467174, "reward": 17724, "index": 2, "initialScore": 1064.7268919885428, "initialConfidence": 35.0, "updatedScore": 1063.7858545795402, "updatedConfidence": 35.0, "teamId": 99999}, {"id": 42726456, "state": 2, "submissionId": 19519164, "reward": 20014, "index": 3, "initialScore": 1139.2408597128028, "initialConfidence": 35.0, "updatedScore": 1139.747222549429, "updatedConfidence": 35.0, "teamId": 99999}]}