{"id": 19417515, "competitionId": 25401, "createTime": {"seconds": 1614122467}, "endTime": {"seconds": 1614122467}, "agents": [{"id": 42731933, "state": 2, "submissionId": 19479904, "reward": 18615, "index": 0, "initialScore": 1048.2385287435982, "initialConfidence": 35.0, "updatedScore": 1049.65990018117, "updatedConfidence": 35.0, "teamId": 99999}, {"id": 42731934, "state": 2, "submissionId": 19711076, "reward": 18621, "index": 1, "initialScore": 1026.6607639673418, "initialConfidence": 125.5104082420743, "updatedScore": 1078.9996586874138, "updatedConfidence": 114.73832817753424, "teamId": 99999}, {"id": 42731935, "state": 2, "submissionId": 19502799, "reward": 9309, "index": 2, "initialScore": 1013.3894562041384, "initialConfidence": 35.0, "updatedScore": 1009.5253727581302, "updatedConfidence": 35.0, "teamId": 99999}, {"id": 42731936, "state": 2, "submissionId": 19526378, "reward": 18611, "index": 3, "initialScore": 1050.8952710198048, "initialConfidence": 35.0, "updatedScore": 1049.267919843324, "updatedConfidence": 35.0, "teamId": 99999}]}