{"id": 19414613, "competitionId": 25401, "createTime": {"seconds": 1614099744}, "endTime": {"seconds": 1614099744}, "agents": [{"id": 42722421, "state": 2, "submissionId": 19476513, "reward": 2302, "index": 0, "initialScore": 736.2760362560529, "initialConfidence": 35.0, "updatedScore": 732.1333653832323, "updatedConfidence": 35.0, "teamId": 99999}, {"id": 42722422, "state": 2, "submissionId": 19708538, "reward": 15925, "index": 1, "initialScore": 713.7655762164509, "initialConfidence": 185.0, "updatedScore": 817.4549338976618, "updatedConfidence": 170.0, "teamId": 99999}, {"id": 42722423, "state": 2, "submissionId": 19658390, "reward": 12209, "index": 2, "initialScore": 704.0893468742522, "initialConfidence": 47.28396332252836, "updatedScore": 703.0891322423802, "updatedConfidence": 46.69983811121089, "teamId": 99999}, {"id": 42722424, "state": 2, "submissionId": 19457184, "reward": 15818, "index": 3, "initialScore": 781.0457202231016, "initialConfidence": 35.0, "updatedScore": 782.0251111348773, "updatedConfidence": 35.0, "teamId": 99999}]}