{"id": 19417842, "competitionId": 25401, "createTime": {"seconds": 1614125145}, "endTime": {"seconds": 1614125145}, "agents": [{"id": 42732999, "state": 2, "submissionId": 19711300, "reward": 12716, "index": 0, "initialScore": 1049.7789489794438, "initialConfidence": 118.10018212258318, "updatedScore": 1093.1574153048214, "updatedConfidence": 109.26017143900276, "teamId": 99999}, {"id": 42733000, "state": 2, "submissionId": 19542227, "reward": 12713, "index": 1, "initialScore": 1071.9655566307492, "initialConfidence": 35.0, "updatedScore": 1072.959788777499, "updatedConfidence": 35.0, "teamId": 99999}, {"id": 42733001, "state": 2, "submissionId": 19613171, "reward": 10809, "index": 2, "initialScore": 1039.8479240269155, "initialConfidence": 38.33313459104645, "updatedScore": 1034.631053561314, "updatedConfidence": 37.98201803168279, "teamId": 99999}, {"id": 42733002, "state": 2, "submissionId": 19645225, "reward": 11211, "index": 3, "initialScore": 994.6675647221832, "initialConfidence": 38.91823113771308, "updatedScore": 994.1049728732892, "updatedConfidence": 38.56853291608437, "teamId": 99999}]}