{"id": 19417692, "competitionId": 25401, "createTime": {"seconds": 1614123945}, "endTime": {"seconds": 1614123945}, "agents": [{"id": 42732509, "state": 2, "submissionId": 19711300, "reward": 10111, "index": 0, "initialScore": 696.8901163360355, "initialConfidence": 185.0, "updatedScore": 813.5705943046264, "updatedConfidence": 170.0, "teamId": 99999}, {"id": 42732510, "state": 2, "submissionId": 19376910, "reward": 9917, "index": 1, "initialScore": 789.6308850606147, "initialConfidence": 35.0, "updatedScore": 787.8518933845945, "updatedConfidence": 35.0, "teamId": 99999}, {"id": 42732511, "state": 2, "submissionId": 19387297, "reward": 7008, "index": 2, "initialScore": 813.9349609619436, "initialConfidence": 35.0, "updatedScore": 808.6575567898573, "updatedConfidence": 35.0, "teamId": 99999}, {"id": 42732512, "state": 2, "submissionId": 19691202, "reward": 10006, "index": 3, "initialScore": 703.7819687176766, "initialConfidence": 56.65339672471135, "updatedScore": 711.3280938422871, "updatedConfidence": 55.520490786586365, "teamId": 99999}]}