{"id": 19414988, "competitionId": 25401, "createTime": {"seconds": 1614102623}, "endTime": {"seconds": 1614102623}, "agents": [{"id": 42723655, "state": 2, "submissionId": 19530996, "reward": 7811, "index": 0, "initialScore": 1131.8000815586108, "initialConfidence": 35.0, "updatedScore": 1129.9504026946097, "updatedConfidence": 35.0, "teamId": 99999}, {"id": 42723656, "state": 2, "submissionId": 19586963, "reward": 7810, "index": 1, "initialScore": 1082.5731787104069, "initialConfidence": 38.62049894966337, "updatedScore": 1077.9495011963345, "updatedConfidence": 38.26574066586758, "teamId": 99999}, {"id": 42723657, "state": 2, "submissionId": 19519108, "reward": 8010, "index": 2, "initialScore": 1078.1281420910364, "initialConfidence": 35.0, "updatedScore": 1080.422255464756, "updatedConfidence": 35.0, "teamId": 99999}, {"id": 42723658, "state": 2, "submissionId": 19652367, "reward": 8111, "index": 3, "initialScore": 1169.4305866972202, "initialConfidence": 50.71326006566558, "updatedScore": 1176.470021218409, "updatedConfidence": 49.96099530948394, "teamId": 99999}]}