{"id": 19414582, "competitionId": 25401, "createTime": {"seconds": 1614099503}, "endTime": {"seconds": 1614099503}, "agents": [{"id": 42722319, "state": 2, "submissionId": 19411572, "reward": 501, "index": 0, "initialScore": 526.705054449107, "initialConfidence": 35.0, "updatedScore": 524.0704671008152, "updatedConfidence": 35.0, "teamId": 99999}, {"id": 42722320, "state": 2, "submissionId": 19441310, "reward": 9208, "index": 1, "initialScore": 621.512357104663, "initialConfidence": 35.0, "updatedScore": 623.2699198893557, "updatedConfidence": 35.0, "teamId": 99999}, {"id": 42722321, "state": 2, "submissionId": 19708538, "reward": 9322, "index": 2, "initialScore": 600.0, "initialConfidence": 200.0, "updatedScore": 713.7655762164509, "updatedConfidence": 185.0, "teamId": 99999}, {"id": 42722322, "state": 2, "submissionId": 19425030, "reward": 9203, "index": 3, "initialScore": 693.8502954578964, "initialConfidence": 35.0, "updatedScore": 691.2432492498667, "updatedConfidence": 35.0, "teamId": 99999}]}