{"id": 19414915, "competitionId": 25401, "createTime": {"seconds": 1614102143}, "endTime": {"seconds": 1614102143}, "agents": [{"id": 42723407, "state": 2, "submissionId": 19657119, "reward": 8008, "index": 0, "initialScore": 1078.901932752755, "initialConfidence": 48.31750105822721, "updatedScore": 1070.6827818529296, "updatedConfidence": 47.60635393151739, "teamId": 99999}, {"id": 42723408, "state": 2, "submissionId": 19642899, "reward": 20020, "index": 1, "initialScore": 1065.870062479056, "initialConfidence": 42.82491422900468, "updatedScore": 1068.6542374986373, "updatedConfidence": 42.33744244486628, "teamId": 99999}, {"id": 42723409, "state": 2, "submissionId": 19532101, "reward": 11917, "index": 2, "initialScore": 1059.8897983408203, "initialConfidence": 35.0, "updatedScore": 1058.9027021397626, "updatedConfidence": 35.0, "teamId": 99999}, {"id": 42723410, "state": 2, "submissionId": 19708538, "reward": 20024, "index": 3, "initialScore": 1123.3170556851303, "initialConfidence": 86.60492513097176, "updatedScore": 1144.3804107012825, "updatedConfidence": 83.04830674527715, "teamId": 99999}]}