{"id": 19419273, "competitionId": 25401, "createTime": {"seconds": 1614136186}, "endTime": {"seconds": 1614136186}, "agents": [{"id": 42737671, "state": 2, "submissionId": 19492942, "reward": 19211, "index": 0, "initialScore": 1060.8503680518118, "initialConfidence": 35.0, "updatedScore": 1061.0492774609647, "updatedConfidence": 35.0, "teamId": 99999}, {"id": 42737672, "state": 2, "submissionId": 19673617, "reward": 11316, "index": 1, "initialScore": 1122.0276321255214, "initialConfidence": 52.42320500575053, "updatedScore": 1113.2426368848055, "updatedConfidence": 51.56649555755416, "teamId": 99999}, {"id": 42737673, "state": 2, "submissionId": 19652367, "reward": 20025, "index": 2, "initialScore": 1182.078122753367, "initialConfidence": 49.31080501945639, "updatedScore": 1189.3906632652008, "updatedConfidence": 48.6195962023775, "teamId": 99999}, {"id": 42737674, "state": 2, "submissionId": 19711300, "reward": 20013, "index": 3, "initialScore": 1226.1498228767832, "initialConfidence": 79.15261469117667, "updatedScore": 1226.3184740065426, "updatedConfidence": 76.54764347551054, "teamId": 99999}]}