{"id": 19417662, "competitionId": 25401, "createTime": {"seconds": 1614123705}, "endTime": {"seconds": 1614123705}, "agents": [{"id": 42732411, "state": 2, "submissionId": 19518389, "reward": 702, "index": 0, "initialScore": 528.5379569992476, "initialConfidence": 35.0, "updatedScore": 525.1569004055967, "updatedConfidence": 35.0, "teamId": 99999}, {"id": 42732412, "state": 2, "submissionId": 19708346, "reward": 5004, "index": 1, "initialScore": 624.0641454158626, "initialConfidence": 75.02585252315855, "updatedScore": 614.4320078191805, "updatedConfidence": 72.78318300069917, "teamId": 99999}, {"id": 42732413, "state": 2, "submissionId": 19711300, "reward": 7512, "index": 2, "initialScore": 600.0, "initialConfidence": 200.0, "updatedScore": 696.8901163360355, "updatedConfidence": 185.0, "teamId": 99999}, {"id": 42732414, "state": 2, "submissionId": 19278089, "reward": 7511, "index": 3, "initialScore": 530.4157196597542, "initialConfidence": 35.0, "updatedScore": 532.9257365771433, "updatedConfidence": 35.0, "teamId": 99999}]}