{"id": 19419402, "competitionId": 25401, "createTime": {"seconds": 1614137146}, "endTime": {"seconds": 1614137146}, "agents": [{"id": 42738091, "state": 2, "submissionId": 19503421, "reward": 9510, "index": 0, "initialScore": 1096.8382335066335, "initialConfidence": 35.0, "updatedScore": 1091.768549206244, "updatedConfidence": 35.0, "teamId": 99999}, {"id": 42738092, "state": 2, "submissionId": 19519164, "reward": 13214, "index": 1, "initialScore": 1139.747222549429, "initialConfidence": 35.0, "updatedScore": 1136.687812334145, "updatedConfidence": 35.0, "teamId": 99999}, {"id": 42738093, "state": 2, "submissionId": 19559043, "reward": 20025, "index": 2, "initialScore": 1001.9062900471984, "initialConfidence": 35.0, "updatedScore": 1008.0732232742272, "updatedConfidence": 35.0, "teamId": 99999}, {"id": 42738094, "state": 2, "submissionId": 19536303, "reward": 20018, "index": 3, "initialScore": 1052.8975842213315, "initialConfidence": 35.0, "updatedScore": 1054.8597455099766, "updatedConfidence": 35.0, "teamId": 99999}]}