{"id": 19414855, "competitionId": 25401, "createTime": {"seconds": 1614101662}, "endTime": {"seconds": 1614101662}, "agents": [{"id": 42723213, "state": 2, "submissionId": 19658193, "reward": 10011, "index": 0, "initialScore": 1011.3484153217136, "initialConfidence": 47.677852813321465, "updatedScore": 1004.3477699663908, "updatedConfidence": 47.03530359670347, "teamId": 99999}, {"id": 42723214, "state": 2, "submissionId": 19504352, "reward": 12911, "index": 1, "initialScore": 1035.1515978580242, "initialConfidence": 35.0, "updatedScore": 1033.840071828918, "updatedConfidence": 35.0, "teamId": 99999}, {"id": 42723215, "state": 2, "submissionId": 19439763, "reward": 13209, "index": 2, "initialScore": 1044.3462417181422, "initialConfidence": 35.0, "updatedScore": 1045.840769047727, "updatedConfidence": 35.0, "teamId": 99999}, {"id": 42723216, "state": 2, "submissionId": 19708538, "reward": 13315, "index": 3, "initialScore": 1071.4439417502597, "initialConfidence": 95.65493320777964, "updatedScore": 1098.255656234663, "updatedConfidence": 90.84118016078546, "teamId": 99999}]}