{"id": 19417669, "competitionId": 25401, "createTime": {"seconds": 1614123705}, "endTime": {"seconds": 1614123705}, "agents": [{"id": 42732439, "state": 2, "submissionId": 19705981, "reward": 10614, "index": 0, "initialScore": 1058.6977296373502, "initialConfidence": 68.59147465315262, "updatedScore": 1042.8475473610497, "updatedConfidence": 66.661246627946, "teamId": 99999}, {"id": 42732440, "state": 2, "submissionId": 19528956, "reward": 18214, "index": 1, "initialScore": 1078.2363261015655, "initialConfidence": 35.0, "updatedScore": 1076.508709065858, "updatedConfidence": 35.0, "teamId": 99999}, {"id": 42732441, "state": 2, "submissionId": 19651675, "reward": 18315, "index": 2, "initialScore": 1048.3046081452894, "initialConfidence": 41.75125417928269, "updatedScore": 1054.9083642053151, "updatedConfidence": 41.284082563888845, "teamId": 99999}, {"id": 42732442, "state": 2, "submissionId": 19711076, "reward": 18221, "index": 3, "initialScore": 1071.886914953723, "initialConfidence": 94.24841259032613, "updatedScore": 1080.6886562194118, "updatedConfidence": 89.35224410180862, "teamId": 99999}]}