{"id": 19418033, "competitionId": 25401, "createTime": {"seconds": 1614126583}, "endTime": {"seconds": 1614126583}, "agents": [{"id": 42733629, "state": 2, "submissionId": 19711300, "reward": 15317, "index": 0, "initialScore": 1210.9441511445175, "initialConfidence": 85.48984092936817, "updatedScore": 1210.720204757674, "updatedConfidence": 81.87655836630653, "teamId": 99999}, {"id": 42733630, "state": 2, "submissionId": 19519108, "reward": 15412, "index": 1, "initialScore": 1079.1671953732075, "initialConfidence": 35.0, "updatedScore": 1084.7803995548798, "updatedConfidence": 35.0, "teamId": 99999}, {"id": 42733631, "state": 2, "submissionId": 19708538, "reward": 15316, "index": 2, "initialScore": 1154.908797050649, "initialConfidence": 69.46374798167696, "updatedScore": 1147.9819148021888, "updatedConfidence": 67.44957952120131, "teamId": 99999}, {"id": 42733632, "state": 2, "submissionId": 19492891, "reward": 12109, "index": 3, "initialScore": 1107.6535917744698, "initialConfidence": 35.0, "updatedScore": 1103.8364849917846, "updatedConfidence": 35.0, "teamId": 99999}]}