{"id": 19417906, "competitionId": 25401, "createTime": {"seconds": 1614125626}, "endTime": {"seconds": 1614125626}, "agents": [{"id": 42733211, "state": 2, "submissionId": 19595841, "reward": 8908, "index": 0, "initialScore": 1013.3158449773724, "initialConfidence": 36.44814041245365, "updatedScore": 1009.4710902041028, "updatedConfidence": 36.17097676840744, "teamId": 99999}, {"id": 42733212, "state": 2, "submissionId": 19662181, "reward": 19720, "index": 1, "initialScore": 1008.9755923968936, "initialConfidence": 48.79706385259277, "updatedScore": 1013.8516764917476, "updatedConfidence": 48.08321797698706, "teamId": 99999}, {"id": 42733213, "state": 2, "submissionId": 19471969, "reward": 8909, "index": 2, "initialScore": 1081.54555934188, "initialConfidence": 35.0, "updatedScore": 1079.624402482318, "updatedConfidence": 35.0, "teamId": 99999}, {"id": 42733214, "state": 2, "submissionId": 19711300, "reward": 19821, "index": 3, "initialScore": 1124.9368761479054, "initialConfidence": 102.73129343792736, "updatedScore": 1150.4202860123405, "updatedConfidence": 97.41700517284823, "teamId": 99999}]}