{"id": 19417812, "competitionId": 25401, "createTime": {"seconds": 1614124906}, "endTime": {"seconds": 1614124906}, "agents": [{"id": 42732901, "state": 2, "submissionId": 19559043, "reward": 9209, "index": 0, "initialScore": 998.7552571401832, "initialConfidence": 35.0, "updatedScore": 996.8336462266008, "updatedConfidence": 35.0, "teamId": 99999}, {"id": 42732902, "state": 2, "submissionId": 19544811, "reward": 9208, "index": 1, "initialScore": 981.88020148633, "initialConfidence": 35.0, "updatedScore": 977.3190936436588, "updatedConfidence": 35.0, "teamId": 99999}, {"id": 42732903, "state": 2, "submissionId": 19711300, "reward": 15421, "index": 2, "initialScore": 1003.5874074250352, "initialConfidence": 128.6818985662431, "updatedScore": 1049.7789489794438, "updatedConfidence": 118.10018212258318, "teamId": 99999}, {"id": 42732904, "state": 2, "submissionId": 19409027, "reward": 15414, "index": 3, "initialScore": 905.0470839493992, "initialConfidence": 35.0, "updatedScore": 908.1126559933516, "updatedConfidence": 35.0, "teamId": 99999}]}