{"id": 19416029, "competitionId": 25401, "createTime": {"seconds": 1614110784}, "endTime": {"seconds": 1614110784}, "agents": [{"id": 42727069, "state": 2, "submissionId": 19537041, "reward": 2102, "index": 0, "initialScore": 1106.3987119058188, "initialConfidence": 35.0, "updatedScore": 1101.9616825541473, "updatedConfidence": 35.0, "teamId": 99999}, {"id": 42727070, "state": 2, "submissionId": 19503421, "reward": 20019, "index": 1, "initialScore": 1090.9728877249372, "initialConfidence": 35.0, "updatedScore": 1095.8223105949844, "updatedConfidence": 35.0, "teamId": 99999}, {"id": 42727071, "state": 2, "submissionId": 19681519, "reward": 20018, "index": 2, "initialScore": 1169.6482788384803, "initialConfidence": 59.74431605873298, "updatedScore": 1170.3084185996272, "updatedConfidence": 58.44414536285506, "teamId": 99999}, {"id": 42727072, "state": 2, "submissionId": 19621610, "reward": 20017, "index": 3, "initialScore": 1068.239889723007, "initialConfidence": 39.000830791191234, "updatedScore": 1067.4465132482703, "updatedConfidence": 38.62841950759853, "teamId": 99999}]}