{"id": 19414735, "competitionId": 25401, "createTime": {"seconds": 1614100702}, "endTime": {"seconds": 1614100702}, "agents": [{"id": 42722821, "state": 2, "submissionId": 19515230, "reward": 20009, "index": 0, "initialScore": 1007.8503913051547, "initialConfidence": 35.0, "updatedScore": 1006.263830452816, "updatedConfidence": 35.0, "teamId": 99999}, {"id": 42722822, "state": 2, "submissionId": 19316759, "reward": 20009, "index": 1, "initialScore": 850.1432812519091, "initialConfidence": 35.0, "updatedScore": 852.7965058118332, "updatedConfidence": 35.0, "teamId": 99999}, {"id": 42722823, "state": 2, "submissionId": 19508802, "reward": 14211, "index": 2, "initialScore": 964.0450360144588, "initialConfidence": 35.0, "updatedScore": 959.2979401345996, "updatedConfidence": 35.0, "teamId": 99999}, {"id": 42722824, "state": 2, "submissionId": 19708538, "reward": 20015, "index": 3, "initialScore": 962.367857970462, "initialConfidence": 128.49170519450402, "updatedScore": 1011.9714257854145, "updatedConfidence": 117.65347629324948, "teamId": 99999}]}