{"id": 19414675, "competitionId": 25401, "createTime": {"seconds": 1614100224}, "endTime": {"seconds": 1614100224}, "agents": [{"id": 42722625, "state": 2, "submissionId": 19572761, "reward": 4111, "index": 0, "initialScore": 712.4695879573554, "initialConfidence": 35.578572736759114, "updatedScore": 711.7670564098879, "updatedConfidence": 35.346140096907085, "teamId": 99999}, {"id": 42722626, "state": 2, "submissionId": 19419780, "reward": 15319, "index": 1, "initialScore": 747.1482593890496, "initialConfidence": 35.0, "updatedScore": 748.835946611024, "updatedConfidence": 35.0, "teamId": 99999}, {"id": 42722627, "state": 2, "submissionId": 19704281, "reward": 1003, "index": 2, "initialScore": 675.9016023612785, "initialConfidence": 70.45320144414946, "updatedScore": 664.166375244033, "updatedConfidence": 68.77655645828936, "teamId": 99999}, {"id": 42722628, "state": 2, "submissionId": 19708538, "reward": 15422, "index": 3, "initialScore": 900.5411000035581, "initialConfidence": 155.0, "updatedScore": 937.576177386288, "updatedConfidence": 142.58517667295268, "teamId": 99999}]}