{"id": 19411975, "competitionId": 25401, "createTime": {"seconds": 1614079024}, "endTime": {"seconds": 1614079024}, "agents": [{"id": 42713783, "state": 2, "submissionId": 19586873, "reward": 4408, "index": 0, "initialScore": 1044.0068901288987, "initialConfidence": 35.0, "updatedScore": 1041.76965710529, "updatedConfidence": 35.0, "teamId": 99999}, {"id": 42713784, "state": 2, "submissionId": 19484477, "reward": 14322, "index": 1, "initialScore": 1060.050462431783, "initialConfidence": 35.0, "updatedScore": 1061.8925372439917, "updatedConfidence": 35.0, "teamId": 99999}, {"id": 42713785, "state": 2, "submissionId": 19533620, "reward": 14422, "index": 2, "initialScore": 1147.1257992892629, "initialConfidence": 35.0, "updatedScore": 1150.21716363384, "updatedConfidence": 35.0, "teamId": 99999}, {"id": 42713786, "state": 2, "submissionId": 19673582, "reward": 4408, "index": 3, "initialScore": 1062.556656485153, "initialConfidence": 52.83392031486183, "updatedScore": 1056.4127771552455, "updatedConfidence": 52.23099439417173, "teamId": 99999}]}