{"id": 19417575, "competitionId": 25401, "createTime": {"seconds": 1614122986}, "endTime": {"seconds": 1614122986}, "agents": [{"id": 42732129, "state": 2, "submissionId": 19383077, "reward": 10508, "index": 0, "initialScore": 972.8308994439438, "initialConfidence": 35.0, "updatedScore": 969.5244818345036, "updatedConfidence": 35.0, "teamId": 99999}, {"id": 42732130, "state": 2, "submissionId": 19622511, "reward": 10721, "index": 1, "initialScore": 1030.0970779783254, "initialConfidence": 39.25230109106908, "updatedScore": 1028.3277363104835, "updatedConfidence": 38.90574212000922, "teamId": 99999}, {"id": 42732131, "state": 2, "submissionId": 19710950, "reward": 12412, "index": 2, "initialScore": 1019.4284661574349, "initialConfidence": 79.0044039961183, "updatedScore": 1027.678175181902, "updatedConfidence": 76.28069370878627, "teamId": 99999}, {"id": 42732132, "state": 2, "submissionId": 19711076, "reward": 12413, "index": 3, "initialScore": 1078.9996586874138, "initialConfidence": 114.73832817753424, "updatedScore": 1112.251204897912, "updatedConfidence": 107.48331138562617, "teamId": 99999}]}