{"id": 19417752, "competitionId": 25401, "createTime": {"seconds": 1614124426}, "endTime": {"seconds": 1614124426}, "agents": [{"id": 42732705, "state": 2, "submissionId": 19329714, "reward": 16804, "index": 0, "initialScore": 685.5273977111436, "initialConfidence": 35.0, "updatedScore": 689.558426900371, "updatedConfidence": 35.0, "teamId": 99999}, {"id": 42732706, "state": 2, "submissionId": 19396917, "reward": 8110, "index": 1, "initialScore": 802.9569166679901, "initialConfidence": 35.0, "updatedScore": 798.5513950519432, "updatedConfidence": 35.0, "teamId": 99999}, {"id": 42732707, "state": 2, "submissionId": 19711300, "reward": 16924, "index": 2, "initialScore": 911.8637968788588, "initialConfidence": 155.0, "updatedScore": 957.6149070069664, "updatedConfidence": 140.96892151341055, "teamId": 99999}, {"id": 42732708, "state": 2, "submissionId": 19511257, "reward": 8111, "index": 3, "initialScore": 829.8075551548492, "initialConfidence": 35.0, "updatedScore": 827.8492646510991, "updatedConfidence": 35.0, "teamId": 99999}]}