{"id": 19415506, "competitionId": 25401, "createTime": {"seconds": 1614106703}, "endTime": {"seconds": 1614106703}, "agents": [{"id": 42725351, "state": 2, "submissionId": 19533620, "reward": 20012, "index": 0, "initialScore": 1150.21716363384, "initialConfidence": 35.0, "updatedScore": 1150.8433461731026, "updatedConfidence": 35.0, "teamId": 99999}, {"id": 42725352, "state": 2, "submissionId": 19503411, "reward": 20027, "index": 1, "initialScore": 1062.3064907742155, "initialConfidence": 35.0, "updatedScore": 1067.89081827907, "updatedConfidence": 35.0, "teamId": 99999}, {"id": 42725353, "state": 2, "submissionId": 19541598, "reward": 7212, "index": 2, "initialScore": 1080.4849148284688, "initialConfidence": 35.0, "updatedScore": 1076.7044492691275, "updatedConfidence": 35.0, "teamId": 99999}, {"id": 42725354, "state": 2, "submissionId": 19708538, "reward": 7213, "index": 3, "initialScore": 1163.1834331991918, "initialConfidence": 74.38297112820776, "updatedScore": 1152.2079113513378, "updatedConfidence": 71.78967815011836, "teamId": 99999}]}