{"id": 19418002, "competitionId": 25401, "createTime": {"seconds": 1614126343}, "endTime": {"seconds": 1614126343}, "agents": [{"id": 42733527, "state": 2, "submissionId": 19711300, "reward": 17518, "index": 0, "initialScore": 1191.924080248342, "initialConfidence": 89.00698638732456, "updatedScore": 1210.9441511445175, "updatedConfidence": 85.48984092936817, "teamId": 99999}, {"id": 42733528, "state": 2, "submissionId": 19705916, "reward": 15310, "index": 1, "initialScore": 1092.9261991384335, "initialConfidence": 68.88953114224131, "updatedScore": 1089.5882333535624, "updatedConfidence": 66.97732374634514, "teamId": 99999}, {"id": 42733529, "state": 2, "submissionId": 19507515, "reward": 17419, "index": 2, "initialScore": 1090.7042393647723, "initialConfidence": 35.0, "updatedScore": 1092.817303988942, "updatedConfidence": 35.0, "teamId": 99999}, {"id": 42733530, "state": 2, "submissionId": 19639153, "reward": 12411, "index": 3, "initialScore": 1112.9242551835223, "initialConfidence": 41.9856556720827, "updatedScore": 1106.8911970511274, "updatedConfidence": 41.5310838108286, "teamId": 99999}]}