{"id": 19414946, "competitionId": 25401, "createTime": {"seconds": 1614102383}, "endTime": {"seconds": 1614102383}, "agents": [{"id": 42723509, "state": 2, "submissionId": 19517788, "reward": 9316, "index": 0, "initialScore": 1051.9762035468052, "initialConfidence": 35.0, "updatedScore": 1050.9036675150123, "updatedConfidence": 35.0, "teamId": 99999}, {"id": 42723510, "state": 2, "submissionId": 19708538, "reward": 20024, "index": 1, "initialScore": 1144.3804107012825, "initialConfidence": 83.04830674527715, "updatedScore": 1160.971653504378, "updatedConfidence": 80.13917992460574, "teamId": 99999}, {"id": 42723511, "state": 2, "submissionId": 19551935, "reward": 20023, "index": 2, "initialScore": 1070.6301134456817, "initialConfidence": 35.0, "updatedScore": 1072.1802548319984, "updatedConfidence": 35.0, "teamId": 99999}, {"id": 42723512, "state": 2, "submissionId": 19700636, "reward": 3208, "index": 3, "initialScore": 1025.130242346588, "initialConfidence": 62.96105381204298, "updatedScore": 1014.0488214709612, "updatedConfidence": 61.56819024870331, "teamId": 99999}]}