{"id": 19410481, "competitionId": 25401, "createTime": {"seconds": 1614067265}, "endTime": {"seconds": 1614067265}, "agents": [{"id": 42708897, "state": 2, "submissionId": 19551968, "reward": 19518, "index": 0, "initialScore": 1058.3525594149346, "initialConfidence": 35.0, "updatedScore": 1061.2550657557815, "updatedConfidence": 35.0, "teamId": 99999}, {"id": 42708898, "state": 2, "submissionId": 19517799, "reward": 19520, "index": 1, "initialScore": 1132.2467614384211, "initialConfidence": 35.0, "updatedScore": 1136.536305088818, "updatedConfidence": 35.0, "teamId": 99999}, {"id": 42708899, "state": 2, "submissionId": 19639153, "reward": 10911, "index": 2, "initialScore": 1140.6221764557276, "initialConfidence": 44.25253423461197, "updatedScore": 1132.9471397323307, "updatedConfidence": 43.66870934227734, "teamId": 99999}, {"id": 42708900, "state": 2, "submissionId": 19681519, "reward": 18615, "index": 3, "initialScore": 1167.052535946041, "initialConfidence": 62.701022703334296, "updatedScore": 1159.379192343708, "updatedConfidence": 61.03949794675112, "teamId": 99999}]}