{"id": 19417153, "competitionId": 25401, "createTime": {"seconds": 1614119588}, "endTime": {"seconds": 1614119588}, "agents": [{"id": 42730751, "state": 2, "submissionId": 19681519, "reward": 10714, "index": 0, "initialScore": 1170.3084185996272, "initialConfidence": 58.44414536285506, "updatedScore": 1154.8058932101887, "updatedConfidence": 57.052337727224646, "teamId": 99999}, {"id": 42730752, "state": 2, "submissionId": 19708538, "reward": 20015, "index": 1, "initialScore": 1152.2079113513378, "initialConfidence": 71.78967815011836, "updatedScore": 1154.908797050649, "updatedConfidence": 69.46374798167696, "teamId": 99999}, {"id": 42730753, "state": 2, "submissionId": 19602132, "reward": 17821, "index": 2, "initialScore": 1080.7433684860555, "initialConfidence": 37.88674644762396, "updatedScore": 1079.8493526496611, "updatedConfidence": 37.530522503884015, "teamId": 99999}, {"id": 42730754, "state": 2, "submissionId": 19484207, "reward": 20019, "index": 3, "initialScore": 1057.1566283767804, "initialConfidence": 35.0, "updatedScore": 1062.837387781467, "updatedConfidence": 35.0, "teamId": 99999}]}