{"id": 19414705, "competitionId": 25401, "createTime": {"seconds": 1614100463}, "endTime": {"seconds": 1614100463}, "agents": [{"id": 42722723, "state": 2, "submissionId": 19654843, "reward": 17413, "index": 0, "initialScore": 994.7563638048, "initialConfidence": 48.311110741938016, "updatedScore": 1001.3032021464148, "updatedConfidence": 47.700823158015794, "teamId": 99999}, {"id": 42722724, "state": 2, "submissionId": 19365092, "reward": 7207, "index": 1, "initialScore": 884.9271007384141, "initialConfidence": 35.0, "updatedScore": 881.9369983157005, "updatedConfidence": 35.0, "teamId": 99999}, {"id": 42722725, "state": 2, "submissionId": 19708538, "reward": 17323, "index": 2, "initialScore": 937.576177386288, "initialConfidence": 142.58517667295268, "updatedScore": 962.367857970462, "updatedConfidence": 128.49170519450402, "teamId": 99999}, {"id": 42722726, "state": 2, "submissionId": 19539287, "reward": 17315, "index": 3, "initialScore": 988.7019994430302, "initialConfidence": 35.0, "updatedScore": 986.7621367221516, "updatedConfidence": 35.0, "teamId": 99999}]}