{"id": 19417452, "competitionId": 25401, "createTime": {"seconds": 1614121987}, "endTime": {"seconds": 1614121987}, "agents": [{"id": 42731727, "state": 2, "submissionId": 19378989, "reward": 18616, "index": 0, "initialScore": 859.7315551757981, "initialConfidence": 35.0, "updatedScore": 861.0475000500563, "updatedConfidence": 35.0, "teamId": 99999}, {"id": 42731728, "state": 2, "submissionId": 19287547, "reward": 7609, "index": 1, "initialScore": 756.0329501872534, "initialConfidence": 35.0, "updatedScore": 753.2253113597067, "updatedConfidence": 35.0, "teamId": 99999}, {"id": 42731729, "state": 2, "submissionId": 19482983, "reward": 12122, "index": 2, "initialScore": 894.8858575939611, "initialConfidence": 35.0, "updatedScore": 892.5298598072568, "updatedConfidence": 35.0, "teamId": 99999}, {"id": 42731730, "state": 2, "submissionId": 19711076, "reward": 18720, "index": 3, "initialScore": 812.581594825029, "initialConfidence": 170.0, "updatedScore": 903.3557101603687, "updatedConfidence": 155.0, "teamId": 99999}]}