{"id": 19417418, "competitionId": 25401, "createTime": {"seconds": 1614121747}, "endTime": {"seconds": 1614121747}, "agents": [{"id": 42731613, "state": 2, "submissionId": 19334909, "reward": 901, "index": 0, "initialScore": 629.8282584699054, "initialConfidence": 35.0, "updatedScore": 627.327800433863, "updatedConfidence": 35.0, "teamId": 99999}, {"id": 42731614, "state": 2, "submissionId": 19328157, "reward": 9112, "index": 1, "initialScore": 779.1574765024242, "initialConfidence": 35.0, "updatedScore": 777.0273896038267, "updatedConfidence": 35.0, "teamId": 99999}, {"id": 42731615, "state": 2, "submissionId": 19344373, "reward": 10814, "index": 2, "initialScore": 771.9357788260087, "initialConfidence": 35.0, "updatedScore": 772.933762389277, "updatedConfidence": 35.0, "teamId": 99999}, {"id": 42731616, "state": 2, "submissionId": 19711076, "reward": 10917, "index": 3, "initialScore": 711.0922781432382, "initialConfidence": 185.0, "updatedScore": 812.581594825029, "updatedConfidence": 170.0, "teamId": 99999}]}