{"id": 19416533, "competitionId": 25401, "createTime": {"seconds": 1614114864}, "endTime": {"seconds": 1614114864}, "agents": [{"id": 42728711, "state": 2, "submissionId": 19641562, "reward": 20012, "index": 0, "initialScore": 1044.8010898162986, "initialConfidence": 41.84533313545025, "updatedScore": 1043.3051158175936, "updatedConfidence": 41.40067205718599, "teamId": 99999}, {"id": 42728712, "state": 2, "submissionId": 19541081, "reward": 11309, "index": 1, "initialScore": 1010.0057727505572, "initialConfidence": 35.0, "updatedScore": 1006.6661388108674, "updatedConfidence": 35.0, "teamId": 99999}, {"id": 42728713, "state": 2, "submissionId": 19529148, "reward": 20021, "index": 2, "initialScore": 1063.9578905602827, "initialConfidence": 35.0, "updatedScore": 1068.562732266868, "updatedConfidence": 35.0, "teamId": 99999}, {"id": 42728714, "state": 2, "submissionId": 19533620, "reward": 20014, "index": 3, "initialScore": 1150.8433461731026, "initialConfidence": 35.0, "updatedScore": 1150.624703087841, "updatedConfidence": 35.0, "teamId": 99999}]}