{"id": 19417788, "competitionId": 25401, "createTime": {"seconds": 1614124665}, "endTime": {"seconds": 1614124665}, "agents": [{"id": 42732827, "state": 2, "submissionId": 19553474, "reward": 10414, "index": 0, "initialScore": 1052.4206980505455, "initialConfidence": 35.0, "updatedScore": 1048.3615156287071, "updatedConfidence": 35.0, "teamId": 99999}, {"id": 42732828, "state": 2, "submissionId": 19711076, "reward": 20015, "index": 1, "initialScore": 1125.9462979391153, "initialConfidence": 80.38633429100298, "updatedScore": 1127.9598439354947, "updatedConfidence": 77.37448693685765, "teamId": 99999}, {"id": 42732829, "state": 2, "submissionId": 19551968, "reward": 20024, "index": 2, "initialScore": 1067.0429851770227, "initialConfidence": 35.0, "updatedScore": 1071.5382846075115, "updatedConfidence": 35.0, "teamId": 99999}, {"id": 42732830, "state": 2, "submissionId": 19602625, "reward": 15714, "index": 3, "initialScore": 1040.42250142617, "initialConfidence": 35.88131418003638, "updatedScore": 1039.5629697586942, "updatedConfidence": 35.596162385634884, "teamId": 99999}]}