{"id": 19417545, "competitionId": 25401, "createTime": {"seconds": 1614122709}, "endTime": {"seconds": 1614122709}, "agents": [{"id": 42732031, "state": 2, "submissionId": 19530713, "reward": 12011, "index": 0, "initialScore": 1002.9899794553436, "initialConfidence": 35.0, "updatedScore": 1001.70385375684, "updatedConfidence": 35.0, "teamId": 99999}, {"id": 42732032, "state": 2, "submissionId": 19654470, "reward": 3809, "index": 1, "initialScore": 1078.532990267125, "initialConfidence": 43.356318744180015, "updatedScore": 1069.520552237127, "updatedConfidence": 42.80015599903994, "teamId": 99999}, {"id": 42732033, "state": 2, "submissionId": 19667791, "reward": 12016, "index": 2, "initialScore": 957.75964996547, "initialConfidence": 46.86918579324993, "updatedScore": 962.4630859377088, "updatedConfidence": 46.20079355283681, "teamId": 99999}, {"id": 42732034, "state": 2, "submissionId": 19711076, "reward": 12117, "index": 3, "initialScore": 953.5475023208386, "initialConfidence": 140.5104082420743, "updatedScore": 1026.6607639673418, "updatedConfidence": 125.5104082420743, "teamId": 99999}]}