{"id": 19419329, "competitionId": 25401, "createTime": {"seconds": 1614136665}, "endTime": {"seconds": 1614136665}, "agents": [{"id": 42737847, "state": 2, "submissionId": 19484141, "reward": 19025, "index": 0, "initialScore": 1107.1900664675252, "initialConfidence": 35.0, "updatedScore": 1110.963843860115, "updatedConfidence": 35.0, "teamId": 99999}, {"id": 42737848, "state": 2, "submissionId": 19667244, "reward": 18913, "index": 1, "initialScore": 1005.280329868538, "initialConfidence": 51.31901838439276, "updatedScore": 1011.5220529769454, "updatedConfidence": 50.41876128372336, "teamId": 99999}, {"id": 42737849, "state": 2, "submissionId": 19624123, "reward": 11419, "index": 2, "initialScore": 1036.486136655235, "initialConfidence": 38.5039792677812, "updatedScore": 1035.6517301854956, "updatedConfidence": 38.11634304563684, "teamId": 99999}, {"id": 42737850, "state": 2, "submissionId": 19517799, "reward": 11405, "index": 3, "initialScore": 1137.0691561903757, "initialConfidence": 35.0, "updatedScore": 1131.0815819281834, "updatedConfidence": 35.0, "teamId": 99999}]}