{"id": 19418623, "competitionId": 25401, "createTime": {"seconds": 1614131145}, "endTime": {"seconds": 1614131145}, "agents": [{"id": 42735557, "state": 2, "submissionId": 19681376, "reward": 13216, "index": 0, "initialScore": 1150.3349985165785, "initialConfidence": 57.83386036754359, "updatedScore": 1153.428458964619, "updatedConfidence": 56.751699118172, "teamId": 99999}, {"id": 42735558, "state": 2, "submissionId": 19589205, "reward": 11510, "index": 1, "initialScore": 1097.586224098823, "initialConfidence": 35.296170235520485, "updatedScore": 1096.7877823967665, "updatedConfidence": 35.0444291446677, "teamId": 99999}, {"id": 42735559, "state": 2, "submissionId": 19538222, "reward": 10411, "index": 2, "initialScore": 1065.6721216834892, "initialConfidence": 35.0, "updatedScore": 1062.5047556176012, "updatedConfidence": 35.0, "teamId": 99999}, {"id": 42735560, "state": 2, "submissionId": 19711300, "reward": 13218, "index": 3, "initialScore": 1210.720204757674, "initialConfidence": 81.87655836630653, "updatedScore": 1226.1498228767832, "updatedConfidence": 79.15261469117667, "teamId": 99999}]}