{"id": 19417857, "competitionId": 25401, "createTime": {"seconds": 1614125146}, "endTime": {"seconds": 1614125146}, "agents": [{"id": 42733059, "state": 2, "submissionId": 19551968, "reward": 9111, "index": 0, "initialScore": 1071.5382846075115, "initialConfidence": 35.0, "updatedScore": 1067.3430335981266, "updatedConfidence": 35.0, "teamId": 99999}, {"id": 42733060, "state": 2, "submissionId": 19507750, "reward": 14613, "index": 1, "initialScore": 1062.5923526776644, "initialConfidence": 35.0, "updatedScore": 1061.5818958127152, "updatedConfidence": 35.0, "teamId": 99999}, {"id": 42733061, "state": 2, "submissionId": 19611446, "reward": 20016, "index": 2, "initialScore": 1075.0052829431113, "initialConfidence": 38.50794438404531, "updatedScore": 1077.0768044662757, "updatedConfidence": 38.14050080653917, "teamId": 99999}, {"id": 42733062, "state": 2, "submissionId": 19517799, "reward": 20027, "index": 3, "initialScore": 1133.5747432586516, "initialConfidence": 35.0, "updatedScore": 1137.0691561903757, "updatedConfidence": 35.0, "teamId": 99999}]}