{"id": 19417782, "competitionId": 25401, "createTime": {"seconds": 1614124665}, "endTime": {"seconds": 1614124665}, "agents": [{"id": 42732803, "state": 2, "submissionId": 19421361, "reward": 9410, "index": 0, "initialScore": 831.5274527933454, "initialConfidence": 35.0, "updatedScore": 828.2983291693812, "updatedConfidence": 35.0, "teamId": 99999}, {"id": 42732804, "state": 2, "submissionId": 19711300, "reward": 20023, "index": 1, "initialScore": 957.6149070069664, "initialConfidence": 140.96892151341055, "updatedScore": 1003.5874074250352, "updatedConfidence": 128.6818985662431, "teamId": 99999}, {"id": 42732805, "state": 2, "submissionId": 19568205, "reward": 16716, "index": 2, "initialScore": 865.0388912101007, "initialConfidence": 35.0, "updatedScore": 864.1714797928868, "updatedConfidence": 35.0, "teamId": 99999}, {"id": 42732806, "state": 2, "submissionId": 19365501, "reward": 20010, "index": 3, "initialScore": 910.3635806339948, "initialConfidence": 35.0, "updatedScore": 911.6261965000756, "updatedConfidence": 35.0, "teamId": 99999}]}