{"id": 19417385, "competitionId": 25401, "createTime": {"seconds": 1614121507}, "endTime": {"seconds": 1614121507}, "agents": [{"id": 42731503, "state": 2, "submissionId": 19380929, "reward": 4506, "index": 0, "initialScore": 734.8722318323354, "initialConfidence": 35.0, "updatedScore": 731.4987613150015, "updatedConfidence": 35.0, "teamId": 99999}, {"id": 42731504, "state": 2, "submissionId": 19280080, "reward": 201, "index": 1, "initialScore": 460.6561705285951, "initialConfidence": 35.0, "updatedScore": 458.6837202626227, "updatedConfidence": 35.0, "teamId": 99999}, {"id": 42731505, "state": 2, "submissionId": 19328752, "reward": 5910, "index": 2, "initialScore": 605.7737068983183, "initialConfidence": 35.0, "updatedScore": 607.7174266634879, "updatedConfidence": 35.0, "teamId": 99999}, {"id": 42731506, "state": 2, "submissionId": 19711076, "reward": 6010, "index": 3, "initialScore": 600.0, "initialConfidence": 200.0, "updatedScore": 711.0922781432382, "updatedConfidence": 185.0, "teamId": 99999}]}