{"id": 19416389, "competitionId": 25401, "createTime": {"seconds": 1614113663}, "endTime": {"seconds": 1614113663}, "agents": [{"id": 42728245, "state": 2, "submissionId": 19605155, "reward": 20014, "index": 0, "initialScore": 1089.7547523160476, "initialConfidence": 38.07115069650711, "updatedScore": 1091.3516256087685, "updatedConfidence": 37.71945050208921, "teamId": 99999}, {"id": 42728246, "state": 2, "submissionId": 19487408, "reward": 20018, "index": 1, "initialScore": 1122.9772898928093, "initialConfidence": 35.0, "updatedScore": 1126.6309333223269, "updatedConfidence": 35.0, "teamId": 99999}, {"id": 42728247, "state": 2, "submissionId": 19600568, "reward": 12715, "index": 2, "initialScore": 1051.163095016349, "initialConfidence": 35.0, "updatedScore": 1047.3406802135137, "updatedConfidence": 35.0, "teamId": 99999}, {"id": 42728248, "state": 2, "submissionId": 19532530, "reward": 18318, "index": 3, "initialScore": 1068.0403886553806, "initialConfidence": 35.0, "updatedScore": 1066.859530601011, "updatedConfidence": 35.0, "teamId": 99999}]}