{"id": 19414765, "competitionId": 25401, "createTime": {"seconds": 1614100943}, "endTime": {"seconds": 1614100943}, "agents": [{"id": 42722919, "state": 2, "submissionId": 19537089, "reward": 18427, "index": 0, "initialScore": 1019.7567233475572, "initialConfidence": 35.0, "updatedScore": 1021.1672561175186, "updatedConfidence": 35.0, "teamId": 99999}, {"id": 42722920, "state": 2, "submissionId": 19690311, "reward": 7009, "index": 1, "initialScore": 990.7235191368384, "initialConfidence": 58.30267660575476, "updatedScore": 979.9756494510694, "updatedConfidence": 57.15360634006331, "teamId": 99999}, {"id": 42722921, "state": 2, "submissionId": 19623631, "reward": 11411, "index": 2, "initialScore": 1014.1124623530214, "initialConfidence": 40.75149322296861, "updatedScore": 1012.1377915139462, "updatedConfidence": 40.34321683026122, "teamId": 99999}, {"id": 42722922, "state": 2, "submissionId": 19708538, "reward": 18519, "index": 3, "initialScore": 1011.9714257854145, "initialConfidence": 117.65347629324948, "updatedScore": 1056.2599317169747, "updatedConfidence": 108.849748567598, "teamId": 99999}]}