{"id": 19417367, "competitionId": 25401, "createTime": {"seconds": 1614121268}, "endTime": {"seconds": 1614121268}, "agents": [{"id": 42731453, "state": 2, "submissionId": 19557714, "reward": 17519, "index": 0, "initialScore": 1078.6426917192773, "initialConfidence": 35.0, "updatedScore": 1079.9804778992725, "updatedConfidence": 35.0, "teamId": 99999}, {"id": 42731454, "state": 2, "submissionId": 19658493, "reward": 12213, "index": 1, "initialScore": 1024.0271626012895, "initialConfidence": 45.35156613557808, "updatedScore": 1023.1587210877926, "updatedConfidence": 44.77761400803007, "teamId": 99999}, {"id": 42731455, "state": 2, "submissionId": 19487408, "reward": 17619, "index": 2, "initialScore": 1126.6309333223269, "initialConfidence": 35.0, "updatedScore": 1129.9904788528756, "updatedConfidence": 35.0, "teamId": 99999}, {"id": 42731456, "state": 2, "submissionId": 19479057, "reward": 7609, "index": 3, "initialScore": 1056.7333131459952, "initialConfidence": 35.0, "updatedScore": 1052.5532214148852, "updatedConfidence": 35.0, "teamId": 99999}]}