{"id": 19417722, "competitionId": 25401, "createTime": {"seconds": 1614124185}, "endTime": {"seconds": 1614124185}, "agents": [{"id": 42732607, "state": 2, "submissionId": 19489284, "reward": 10609, "index": 0, "initialScore": 855.3319357192864, "initialConfidence": 35.0, "updatedScore": 851.1624860911128, "updatedConfidence": 35.0, "teamId": 99999}, {"id": 42732608, "state": 2, "submissionId": 19403201, "reward": 14708, "index": 1, "initialScore": 809.4916493809222, "initialConfidence": 35.0, "updatedScore": 809.203278367733, "updatedConfidence": 35.0, "teamId": 99999}, {"id": 42732609, "state": 2, "submissionId": 19711300, "reward": 19220, "index": 2, "initialScore": 813.5705943046264, "initialConfidence": 170.0, "updatedScore": 911.8637968788588, "updatedConfidence": 155.0, "teamId": 99999}, {"id": 42732610, "state": 2, "submissionId": 19538349, "reward": 19118, "index": 3, "initialScore": 938.2368905085284, "initialConfidence": 35.0, "updatedScore": 938.52830377434, "updatedConfidence": 35.0, "teamId": 99999}]}