{"id": 19417485, "competitionId": 25401, "createTime": {"seconds": 1614122227}, "endTime": {"seconds": 1614122227}, "agents": [{"id": 42731835, "state": 2, "submissionId": 19684197, "reward": 4406, "index": 0, "initialScore": 720.226654785049, "initialConfidence": 55.908005039446486, "updatedScore": 713.8063390089177, "updatedConfidence": 55.128047936777136, "teamId": 99999}, {"id": 42731836, "state": 2, "submissionId": 19705942, "reward": 12212, "index": 1, "initialScore": 805.586688146008, "initialConfidence": 69.70346015166874, "updatedScore": 812.8103889119508, "updatedConfidence": 67.93399254993275, "teamId": 99999}, {"id": 42731837, "state": 2, "submissionId": 19711076, "reward": 12217, "index": 2, "initialScore": 903.3557101603687, "initialConfidence": 155.0, "updatedScore": 953.5475023208386, "updatedConfidence": 140.5104082420743, "teamId": 99999}, {"id": 42731838, "state": 2, "submissionId": 19635087, "reward": 10008, "index": 3, "initialScore": 851.5820920440766, "initialConfidence": 42.94832181421562, "updatedScore": 848.7748480506192, "updatedConfidence": 42.53296355886242, "teamId": 99999}]}