{"id": 19417605, "competitionId": 25401, "createTime": {"seconds": 1614123225}, "endTime": {"seconds": 1614123225}, "agents": [{"id": 42732227, "state": 2, "submissionId": 19676284, "reward": 13314, "index": 0, "initialScore": 1076.7521843685038, "initialConfidence": 52.11361265964892, "updatedScore": 1072.8031396701786, "updatedConfidence": 51.27073206291575, "teamId": 99999}, {"id": 42732228, "state": 2, "submissionId": 19711076, "reward": 13315, "index": 1, "initialScore": 1112.251204897912, "initialConfidence": 107.48331138562617, "updatedScore": 1115.7235461158612, "updatedConfidence": 100.75544469797524, "teamId": 99999}, {"id": 42732229, "state": 2, "submissionId": 19708089, "reward": 13421, "index": 2, "initialScore": 1000.5055610312796, "initialConfidence": 71.02841625196359, "updatedScore": 1021.9760484016256, "updatedConfidence": 68.72518312924933, "teamId": 99999}, {"id": 42732230, "state": 2, "submissionId": 19635249, "reward": 5706, "index": 3, "initialScore": 1027.983411570493, "initialConfidence": 38.69661364481875, "updatedScore": 1023.3380207863264, "updatedConfidence": 38.36370688478202, "teamId": 99999}]}