{"id": 19411891, "competitionId": 25401, "createTime": {"seconds": 1614078304}, "endTime": {"seconds": 1614078304}, "agents": [{"id": 42713513, "state": 2, "submissionId": 19652367, "reward": 20029, "index": 0, "initialScore": 1163.0051316977006, "initialConfidence": 51.45050218302295, "updatedScore": 1169.4305866972202, "updatedConfidence": 50.71326006566558, "teamId": 99999}, {"id": 42713514, "state": 2, "submissionId": 19646570, "reward": 15116, "index": 1, "initialScore": 1049.5189777212097, "initialConfidence": 44.99643417818531, "updatedScore": 1048.381267872163, "updatedConfidence": 44.42292083541712, "teamId": 99999}, {"id": 42713515, "state": 2, "submissionId": 19514922, "reward": 9412, "index": 2, "initialScore": 1091.6029654757108, "initialConfidence": 35.0, "updatedScore": 1087.0346245880974, "updatedConfidence": 35.0, "teamId": 99999}, {"id": 42713516, "state": 2, "submissionId": 19575058, "reward": 20008, "index": 3, "initialScore": 1050.0300396029236, "initialConfidence": 35.0, "updatedScore": 1052.3132831294174, "updatedConfidence": 35.0, "teamId": 99999}]}