{"id": 19414794, "competitionId": 25401, "createTime": {"seconds": 1614101183}, "endTime": {"seconds": 1614101183}, "agents": [{"id": 42723013, "state": 2, "submissionId": 19706986, "reward": 20015, "index": 0, "initialScore": 1051.8141841591907, "initialConfidence": 75.6834957255912, "updatedScore": 1056.306347938644, "updatedConfidence": 73.33064759430029, "teamId": 99999}, {"id": 42723014, "state": 2, "submissionId": 19530713, "reward": 12716, "index": 1, "initialScore": 1007.0736819681229, "initialConfidence": 35.0, "updatedScore": 1002.9899794553436, "updatedConfidence": 35.0, "teamId": 99999}, {"id": 42723015, "state": 2, "submissionId": 19548540, "reward": 19718, "index": 2, "initialScore": 966.201299097922, "initialConfidence": 35.0, "updatedScore": 965.9207226278822, "updatedConfidence": 35.0, "teamId": 99999}, {"id": 42723016, "state": 2, "submissionId": 19708538, "reward": 20020, "index": 3, "initialScore": 1056.2599317169747, "initialConfidence": 108.849748567598, "updatedScore": 1089.1795035420464, "updatedConfidence": 102.26166745303142, "teamId": 99999}]}