{"id": 19417699, "competitionId": 25401, "createTime": {"seconds": 1614123946}, "endTime": {"seconds": 1614123946}, "agents": [{"id": 42732537, "state": 2, "submissionId": 19711076, "reward": 17623, "index": 0, "initialScore": 1080.6886562194118, "initialConfidence": 89.35224410180862, "updatedScore": 1089.5897189671375, "updatedConfidence": 86.67908808300669, "teamId": 99999}, {"id": 42732538, "state": 2, "submissionId": 19670223, "reward": 6607, "index": 1, "initialScore": 936.6396928578412, "initialConfidence": 47.94723978952532, "updatedScore": 931.2147492780808, "updatedConfidence": 47.38928091702022, "teamId": 99999}, {"id": 42732539, "state": 2, "submissionId": 19501069, "reward": 7413, "index": 2, "initialScore": 1073.7043879945252, "initialConfidence": 35.0, "updatedScore": 1071.1575225937718, "updatedConfidence": 35.0, "teamId": 99999}, {"id": 42732540, "state": 2, "submissionId": 19709858, "reward": 17623, "index": 3, "initialScore": 968.1453806838869, "initialConfidence": 72.03390212872891, "updatedScore": 985.392955557426, "updatedConfidence": 70.30310477640528, "teamId": 99999}]}