{"id": 19414886, "competitionId": 25401, "createTime": {"seconds": 1614101903}, "endTime": {"seconds": 1614101903}, "agents": [{"id": 42723313, "state": 2, "submissionId": 19515283, "reward": 12117, "index": 0, "initialScore": 1051.4673935090098, "initialConfidence": 35.0, "updatedScore": 1052.1864204555116, "updatedConfidence": 35.0, "teamId": 99999}, {"id": 42723314, "state": 2, "submissionId": 19503054, "reward": 6310, "index": 1, "initialScore": 1019.5728066272104, "initialConfidence": 35.0, "updatedScore": 1016.2001688943244, "updatedConfidence": 35.0, "teamId": 99999}, {"id": 42723315, "state": 2, "submissionId": 19498585, "reward": 12117, "index": 2, "initialScore": 1118.2353819780917, "initialConfidence": 35.0, "updatedScore": 1117.1687106698816, "updatedConfidence": 35.0, "teamId": 99999}, {"id": 42723316, "state": 2, "submissionId": 19708538, "reward": 12216, "index": 3, "initialScore": 1098.255656234663, "initialConfidence": 90.84118016078546, "updatedScore": 1123.3170556851303, "updatedConfidence": 86.60492513097176, "teamId": 99999}]}