{"id": 19417872, "competitionId": 25401, "createTime": {"seconds": 1614125385}, "endTime": {"seconds": 1614125385}, "agents": [{"id": 42733097, "state": 2, "submissionId": 19711300, "reward": 15420, "index": 0, "initialScore": 1093.1574153048214, "initialConfidence": 109.26017143900276, "updatedScore": 1124.9368761479054, "updatedConfidence": 102.73129343792736, "teamId": 99999}, {"id": 42733098, "state": 2, "submissionId": 19667494, "reward": 10207, "index": 1, "initialScore": 938.8452769920484, "initialConfidence": 48.36467107016438, "updatedScore": 934.1020902719448, "updatedConfidence": 47.83235310509696, "teamId": 99999}, {"id": 42733099, "state": 2, "submissionId": 19498585, "reward": 15414, "index": 2, "initialScore": 1121.0683325512043, "initialConfidence": 35.0, "updatedScore": 1121.2342676461265, "updatedConfidence": 35.0, "teamId": 99999}, {"id": 42733100, "state": 2, "submissionId": 19530536, "reward": 14617, "index": 3, "initialScore": 1018.7673078300244, "initialConfidence": 35.0, "updatedScore": 1017.8243021608204, "updatedConfidence": 35.0, "teamId": 99999}]}