{"id": 19414824, "competitionId": 25401, "createTime": {"seconds": 1614101423}, "endTime": {"seconds": 1614101423}, "agents": [{"id": 42723111, "state": 2, "submissionId": 19537062, "reward": 20023, "index": 0, "initialScore": 1030.008138838249, "initialConfidence": 35.0, "updatedScore": 1034.8406968408644, "updatedConfidence": 35.0, "teamId": 99999}, {"id": 42723112, "state": 2, "submissionId": 19558929, "reward": 20022, "index": 1, "initialScore": 1002.5232576663824, "initialConfidence": 35.0, "updatedScore": 1004.9607420031504, "updatedConfidence": 35.0, "teamId": 99999}, {"id": 42723113, "state": 2, "submissionId": 19708538, "reward": 9517, "index": 2, "initialScore": 1089.1795035420464, "initialConfidence": 102.26166745303142, "updatedScore": 1071.4439417502597, "updatedConfidence": 95.65493320777964, "teamId": 99999}, {"id": 42723114, "state": 2, "submissionId": 19558700, "reward": 9507, "index": 3, "initialScore": 1088.2452935728286, "initialConfidence": 35.0, "updatedScore": 1083.0528194781543, "updatedConfidence": 35.0, "teamId": 99999}]}