{"id": 19413268, "competitionId": 25401, "createTime": {"seconds": 1614089105}, "endTime": {"seconds": 1614089105}, "agents": [{"id": 42718027, "state": 2, "submissionId": 19460040, "reward": 12114, "index": 0, "initialScore": 1084.2856830445116, "initialConfidence": 35.0, "updatedScore": 1080.278626206322, "updatedConfidence": 35.0, "teamId": 99999}, {"id": 42718028, "state": 2, "submissionId": 19519164, "reward": 20018, "index": 1, "initialScore": 1138.3385602365554, "initialConfidence": 35.0, "updatedScore": 1139.2408597128028, "updatedConfidence": 35.0, "teamId": 99999}, {"id": 42718029, "state": 2, "submissionId": 19557293, "reward": 20013, "index": 2, "initialScore": 1048.0620087323448, "initialConfidence": 35.0, "updatedScore": 1047.7904274867292, "updatedConfidence": 35.0, "teamId": 99999}, {"id": 42718030, "state": 2, "submissionId": 19681519, "reward": 20019, "index": 3, "initialScore": 1159.379192343708, "initialConfidence": 61.03949794675112, "updatedScore": 1169.6482788384803, "updatedConfidence": 59.74431605873298, "teamId": 99999}]}