{"id": 19417971, "competitionId": 25401, "createTime": {"seconds": 1614126103}, "endTime": {"seconds": 1614126103}, "agents": [{"id": 42733425, "state": 2, "submissionId": 19537603, "reward": 9212, "index": 0, "initialScore": 1079.493855593421, "initialConfidence": 35.0, "updatedScore": 1078.1904782808213, "updatedConfidence": 35.0, "teamId": 99999}, {"id": 42733426, "state": 2, "submissionId": 19574526, "reward": 6911, "index": 1, "initialScore": 1030.5231483383732, "initialConfidence": 35.00664601490203, "updatedScore": 1027.1896804370535, "updatedConfidence": 35.0, "teamId": 99999}, {"id": 42733427, "state": 2, "submissionId": 19532544, "reward": 13521, "index": 2, "initialScore": 1068.0105489162877, "initialConfidence": 35.0, "updatedScore": 1069.9327390964995, "updatedConfidence": 35.0, "teamId": 99999}, {"id": 42733428, "state": 2, "submissionId": 19711300, "reward": 13614, "index": 3, "initialScore": 1172.819462732671, "initialConfidence": 92.87122052324278, "updatedScore": 1191.924080248342, "updatedConfidence": 89.00698638732456, "teamId": 99999}]}