{"id": 19415174, "competitionId": 25401, "createTime": {"seconds": 1614104063}, "endTime": {"seconds": 1614104063}, "agents": [{"id": 42724267, "state": 2, "submissionId": 19708538, "reward": 7615, "index": 0, "initialScore": 1176.6708786585698, "initialConfidence": 77.4722387617338, "updatedScore": 1163.1834331991918, "updatedConfidence": 74.38297112820776, "teamId": 99999}, {"id": 42724268, "state": 2, "submissionId": 19591564, "reward": 10412, "index": 1, "initialScore": 1048.9351594679003, "initialConfidence": 37.527749477508834, "updatedScore": 1052.2046733584457, "updatedConfidence": 37.16068434579785, "teamId": 99999}, {"id": 42724269, "state": 2, "submissionId": 19506800, "reward": 10414, "index": 2, "initialScore": 1094.7684728659185, "initialConfidence": 35.0, "updatedScore": 1099.595357181035, "updatedConfidence": 35.0, "teamId": 99999}, {"id": 42724270, "state": 2, "submissionId": 19522207, "reward": 7612, "index": 3, "initialScore": 1133.5575861594175, "initialConfidence": 35.643935122093524, "updatedScore": 1128.4569670370504, "updatedConfidence": 35.33680187506946, "teamId": 99999}]}