{"id": 19417636, "competitionId": 25401, "createTime": {"seconds": 1614123466}, "endTime": {"seconds": 1614123466}, "agents": [{"id": 42732329, "state": 2, "submissionId": 19603438, "reward": 20011, "index": 0, "initialScore": 992.9314670870664, "initialConfidence": 36.75217641166602, "updatedScore": 995.7617702586716, "updatedConfidence": 36.443313611235965, "teamId": 99999}, {"id": 42732330, "state": 2, "submissionId": 19711076, "reward": 6309, "index": 1, "initialScore": 1115.7235461158612, "initialConfidence": 100.75544469797524, "updatedScore": 1071.886914953723, "updatedConfidence": 94.24841259032613, "teamId": 99999}, {"id": 42732331, "state": 2, "submissionId": 19689213, "reward": 18318, "index": 2, "initialScore": 1012.21280801495, "initialConfidence": 57.72117537071541, "updatedScore": 1010.087408267971, "updatedConfidence": 56.53733168424105, "teamId": 99999}, {"id": 42732332, "state": 2, "submissionId": 19503421, "reward": 20024, "index": 3, "initialScore": 1095.8223105949844, "initialConfidence": 35.0, "updatedScore": 1099.326668520128, "updatedConfidence": 35.0, "teamId": 99999}]}