{"id": 19414645, "competitionId": 25401, "createTime": {"seconds": 1614099983}, "endTime": {"seconds": 1614099983}, "agents": [{"id": 42722527, "state": 2, "submissionId": 19609522, "reward": 13014, "index": 0, "initialScore": 845.7247495140747, "initialConfidence": 40.68191933318328, "updatedScore": 847.3208774583751, "updatedConfidence": 40.31136726270287, "teamId": 99999}, {"id": 42722528, "state": 2, "submissionId": 19329802, "reward": 301, "index": 1, "initialScore": 792.1180688261812, "initialConfidence": 35.0, "updatedScore": 788.3922687411366, "updatedConfidence": 35.0, "teamId": 99999}, {"id": 42722529, "state": 2, "submissionId": 19708538, "reward": 13020, "index": 2, "initialScore": 817.4549338976618, "initialConfidence": 170.0, "updatedScore": 900.5411000035581, "updatedConfidence": 155.0, "teamId": 99999}, {"id": 42722530, "state": 2, "submissionId": 19683216, "reward": 10612, "index": 3, "initialScore": 804.0859337193716, "initialConfidence": 52.67276681584434, "updatedScore": 801.872220014273, "updatedConfidence": 51.86379049586012, "teamId": 99999}]}