{"id": 19414192, "competitionId": 25401, "createTime": {"seconds": 1614096385}, "endTime": {"seconds": 1614096385}, "agents": [{"id": 42721049, "state": 2, "submissionId": 19659863, "reward": 5808, "index": 0, "initialScore": 1037.3488233667383, "initialConfidence": 48.72943925798199, "updatedScore": 1030.0145535223817, "updatedConfidence": 48.025878043231145, "teamId": 99999}, {"id": 42721050, "state": 2, "submissionId": 19591102, "reward": 11610, "index": 1, "initialScore": 1075.6309044373384, "initialConfidence": 35.0, "updatedScore": 1080.0015164354636, "updatedConfidence": 35.0, "teamId": 99999}, {"id": 42721051, "state": 2, "submissionId": 19517799, "reward": 11513, "index": 2, "initialScore": 1136.536305088818, "initialConfidence": 35.0, "updatedScore": 1133.5747432586516, "updatedConfidence": 35.0, "teamId": 99999}, {"id": 42721052, "state": 2, "submissionId": 19650912, "reward": 11515, "index": 3, "initialScore": 1029.187192267688, "initialConfidence": 45.03393374452408, "updatedScore": 1033.118461811841, "updatedConfidence": 44.41483682954003, "teamId": 99999}]}