{"id": 19417937, "competitionId": 25401, "createTime": {"seconds": 1614125864}, "endTime": {"seconds": 1614125864}, "agents": [{"id": 42733311, "state": 2, "submissionId": 19711300, "reward": 20019, "index": 0, "initialScore": 1150.4202860123405, "initialConfidence": 97.41700517284823, "updatedScore": 1172.819462732671, "updatedConfidence": 92.87122052324278, "teamId": 99999}, {"id": 42733312, "state": 2, "submissionId": 19654376, "reward": 6014, "index": 1, "initialScore": 1039.757355363972, "initialConfidence": 47.474646701331785, "updatedScore": 1033.0654721329304, "updatedConfidence": 46.85452434009477, "teamId": 99999}, {"id": 42733313, "state": 2, "submissionId": 19623139, "reward": 20016, "index": 2, "initialScore": 1063.2954495271472, "initialConfidence": 39.0962417403402, "updatedScore": 1065.570280612318, "updatedConfidence": 38.73965644866629, "teamId": 99999}, {"id": 42733314, "state": 2, "submissionId": 19513819, "reward": 16217, "index": 3, "initialScore": 1059.1907302222512, "initialConfidence": 35.0, "updatedScore": 1058.1134220392814, "updatedConfidence": 35.0, "teamId": 99999}]}