{"id": 19428570, "competitionId": 25401, "createTime": {"seconds": 1614204857}, "endTime": {"seconds": 1614204857}, "agents": [{"id": 42767907, "state": 2, "submissionId": 19422201, "reward": 11815, "index": 0, "initialScore": 799.7149043032304, "initialConfidence": 35.0, "updatedScore": 798.0642506384869, "updatedConfidence": 35.0, "teamId": 99999}, {"id": 42767908, "state": 2, "submissionId": 19440092, "reward": 9109, "index": 1, "initialScore": 611.381495964957, "initialConfidence": 35.0, "updatedScore": 609.6520666940075, "updatedConfidence": 35.0, "teamId": 99999}, {"id": 42767909, "state": 2, "submissionId": 19722523, "reward": 15522, "index": 2, "initialScore": 790.6608977224179, "initialConfidence": 170.0, "updatedScore": 870.5884491215361, "updatedConfidence": 155.0, "teamId": 99999}, {"id": 42767910, "state": 2, "submissionId": 19660204, "reward": 15510, "index": 3, "initialScore": 883.0836632580067, "initialConfidence": 42.09937091554125, "updatedScore": 883.0723062743821, "updatedConfidence": 41.75553736981681, "teamId": 99999}]}