{"id": 19426263, "competitionId": 25401, "createTime": {"seconds": 1614187678}, "endTime": {"seconds": 1614187678}, "agents": [{"id": 42760401, "state": 2, "submissionId": 19498452, "reward": 9105, "index": 0, "initialScore": 1075.832354502077, "initialConfidence": 35.0, "updatedScore": 1071.6733588412355, "updatedConfidence": 35.0, "teamId": 99999}, {"id": 42760402, "state": 2, "submissionId": 19490431, "reward": 9110, "index": 1, "initialScore": 1037.2199951980142, "initialConfidence": 35.0, "updatedScore": 1036.8432942495087, "updatedConfidence": 35.0, "teamId": 99999}, {"id": 42760403, "state": 2, "submissionId": 19705401, "reward": 20017, "index": 2, "initialScore": 1121.205928555324, "initialConfidence": 59.754702404497365, "updatedScore": 1123.795021482285, "updatedConfidence": 58.51509715112757, "teamId": 99999}, {"id": 42760404, "state": 2, "submissionId": 19719024, "reward": 20022, "index": 3, "initialScore": 1120.3634319918224, "initialConfidence": 78.75739527482081, "updatedScore": 1138.832053787724, "updatedConfidence": 75.98459513672883, "teamId": 99999}]}