{"id": 19428507, "competitionId": 25401, "createTime": {"seconds": 1614204377}, "endTime": {"seconds": 1614204377}, "agents": [{"id": 42767703, "state": 2, "submissionId": 19459891, "reward": 16016, "index": 0, "initialScore": 1068.560097291624, "initialConfidence": 35.0, "updatedScore": 1070.5125816026762, "updatedConfidence": 35.0, "teamId": 99999}, {"id": 42767704, "state": 2, "submissionId": 19689813, "reward": 10410, "index": 1, "initialScore": 1089.754608441364, "initialConfidence": 46.450235452683856, "updatedScore": 1081.9737693761947, "updatedConfidence": 45.80882110560373, "teamId": 99999}, {"id": 42767705, "state": 2, "submissionId": 19651675, "reward": 12911, "index": 2, "initialScore": 1059.1043933755188, "initialConfidence": 38.7056432781376, "updatedScore": 1058.0759979026654, "updatedConfidence": 38.34438787038808, "teamId": 99999}, {"id": 42767706, "state": 2, "submissionId": 19722219, "reward": 16021, "index": 3, "initialScore": 1138.9004377785884, "initialConfidence": 84.4616326529915, "updatedScore": 1158.1530205604229, "updatedConfidence": 81.20544949088955, "teamId": 99999}]}