{"id": 19424394, "competitionId": 25401, "createTime": {"seconds": 1614174107}, "endTime": {"seconds": 1614174107}, "agents": [{"id": 42754319, "state": 2, "submissionId": 19681519, "reward": 10106, "index": 0, "initialScore": 1145.3298556386114, "initialConfidence": 53.8170018191892, "updatedScore": 1136.4558706980974, "updatedConfidence": 52.89859337973213, "teamId": 99999}, {"id": 42754320, "state": 2, "submissionId": 19487408, "reward": 20029, "index": 1, "initialScore": 1127.7018969621013, "initialConfidence": 35.0, "updatedScore": 1133.1974785312234, "updatedConfidence": 35.0, "teamId": 99999}, {"id": 42754321, "state": 2, "submissionId": 19652367, "reward": 20023, "index": 2, "initialScore": 1185.666169951052, "initialConfidence": 47.91692316465683, "updatedScore": 1187.953492856678, "updatedConfidence": 47.18952009159601, "teamId": 99999}, {"id": 42754322, "state": 2, "submissionId": 19711300, "reward": 10113, "index": 3, "initialScore": 1252.8200106821362, "initialConfidence": 72.19968100644986, "updatedScore": 1240.2130763291962, "updatedConfidence": 69.80727427205629, "teamId": 99999}]}