{"id": 19425096, "competitionId": 25401, "createTime": {"seconds": 1614179278}, "endTime": {"seconds": 1614179278}, "agents": [{"id": 42756597, "state": 2, "submissionId": 19719024, "reward": 7316, "index": 0, "initialScore": 600.0, "initialConfidence": 200.0, "updatedScore": 715.3934595267378, "updatedConfidence": 185.0, "teamId": 99999}, {"id": 42756598, "state": 2, "submissionId": 19325399, "reward": 3610, "index": 1, "initialScore": 647.0775371805807, "initialConfidence": 35.0, "updatedScore": 645.3921632678579, "updatedConfidence": 35.0, "teamId": 99999}, {"id": 42756599, "state": 2, "submissionId": 19558646, "reward": 3604, "index": 2, "initialScore": 628.4615239692079, "initialConfidence": 35.0, "updatedScore": 624.1507574419223, "updatedConfidence": 35.0, "teamId": 99999}, {"id": 42756600, "state": 2, "submissionId": 19465983, "reward": 7303, "index": 3, "initialScore": 589.64444279762, "initialConfidence": 35.0, "updatedScore": 592.106658539622, "updatedConfidence": 35.0, "teamId": 99999}]}