{"id": 19428541, "competitionId": 25401, "createTime": {"seconds": 1614204616}, "endTime": {"seconds": 1614204616}, "agents": [{"id": 42767815, "state": 2, "submissionId": 19659705, "reward": 10211, "index": 0, "initialScore": 1064.5428642438528, "initialConfidence": 43.02781484771996, "updatedScore": 1068.4259207917612, "updatedConfidence": 42.50303842856091, "teamId": 99999}, {"id": 42767816, "state": 2, "submissionId": 19517799, "reward": 10214, "index": 1, "initialScore": 1133.4622930822622, "initialConfidence": 35.0, "updatedScore": 1137.57798121085, "updatedConfidence": 35.0, "teamId": 99999}, {"id": 42767817, "state": 2, "submissionId": 19722219, "reward": 7511, "index": 2, "initialScore": 1158.1530205604229, "initialConfidence": 81.20544949088955, "updatedScore": 1131.158207339446, "updatedConfidence": 77.70680711753667, "teamId": 99999}, {"id": 42767818, "state": 2, "submissionId": 19635284, "reward": 7512, "index": 3, "initialScore": 1124.5013837913862, "initialConfidence": 44.574125587547954, "updatedScore": 1121.792364431679, "updatedConfidence": 43.98476044621948, "teamId": 99999}]}