{"id": 19425291, "competitionId": 25401, "createTime": {"seconds": 1614180718}, "endTime": {"seconds": 1614180718}, "agents": [{"id": 42757233, "state": 2, "submissionId": 19654111, "reward": 20022, "index": 0, "initialScore": 1060.4439483707583, "initialConfidence": 41.98481190544173, "updatedScore": 1060.6533191875085, "updatedConfidence": 41.5768872605256, "teamId": 99999}, {"id": 42757234, "state": 2, "submissionId": 19519191, "reward": 5309, "index": 1, "initialScore": 889.300190051093, "initialConfidence": 35.0, "updatedScore": 886.6568303977303, "updatedConfidence": 35.0, "teamId": 99999}, {"id": 42757235, "state": 2, "submissionId": 19524126, "reward": 11911, "index": 2, "initialScore": 1004.6470784610808, "initialConfidence": 35.0, "updatedScore": 1002.8722586231498, "updatedConfidence": 35.0, "teamId": 99999}, {"id": 42757236, "state": 2, "submissionId": 19719024, "reward": 20027, "index": 3, "initialScore": 966.9369796792672, "initialConfidence": 116.48591232765448, "updatedScore": 1014.2641865411445, "updatedConfidence": 107.61247794319794, "teamId": 99999}]}