{"id": 19428932, "competitionId": 25401, "createTime": {"seconds": 1614207496}, "endTime": {"seconds": 1614207496}, "agents": [{"id": 42769083, "state": 2, "submissionId": 19627715, "reward": 20019, "index": 0, "initialScore": 1096.3450365592244, "initialConfidence": 39.91859335826153, "updatedScore": 1099.09219131632, "updatedConfidence": 39.50677105820279, "teamId": 99999}, {"id": 42769084, "state": 2, "submissionId": 19482728, "reward": 18217, "index": 1, "initialScore": 1086.4537646547642, "initialConfidence": 35.0, "updatedScore": 1085.7980822152726, "updatedConfidence": 35.0, "teamId": 99999}, {"id": 42769085, "state": 2, "submissionId": 19721626, "reward": 6209, "index": 2, "initialScore": 1187.6851285312143, "initialConfidence": 77.4366435501584, "updatedScore": 1160.778738715064, "updatedConfidence": 74.27400344685326, "teamId": 99999}, {"id": 42769086, "state": 2, "submissionId": 19681519, "reward": 20021, "index": 3, "initialScore": 1143.6213922391912, "initialConfidence": 52.07297672851244, "updatedScore": 1152.5651392697432, "updatedConfidence": 51.21107046923427, "teamId": 99999}]}