{"id": 19420104, "competitionId": 25401, "createTime": {"seconds": 1614142426}, "endTime": {"seconds": 1614142426}, "agents": [{"id": 42740371, "state": 2, "submissionId": 19681519, "reward": 20018, "index": 0, "initialScore": 1154.8058932101887, "initialConfidence": 57.052337727224646, "updatedScore": 1155.552516786134, "updatedConfidence": 55.9571842306108, "teamId": 99999}, {"id": 42740372, "state": 2, "submissionId": 19689813, "reward": 20026, "index": 1, "initialScore": 1076.9076267975374, "initialConfidence": 51.80140091894594, "updatedScore": 1087.317073494571, "updatedConfidence": 50.90242145198593, "teamId": 99999}, {"id": 42740373, "state": 2, "submissionId": 19711133, "reward": 0, "index": 2, "initialScore": 1137.0134088330926, "initialConfidence": 74.76863885573007, "updatedScore": 1113.667791348425, "updatedConfidence": 72.03009562206418, "teamId": 99999}, {"id": 42740374, "state": 2, "submissionId": 19623152, "reward": 14417, "index": 3, "initialScore": 1016.9508600836068, "initialConfidence": 39.46891129569607, "updatedScore": 1017.0559417057036, "updatedConfidence": 39.10392176683735, "teamId": 99999}]}