{"id": 19422758, "competitionId": 25401, "createTime": {"seconds": 1614162108}, "endTime": {"seconds": 1614162108}, "agents": [{"id": 42748987, "state": 2, "submissionId": 19477534, "reward": 14114, "index": 0, "initialScore": 1104.5550506286495, "initialConfidence": 35.0, "updatedScore": 1103.1812100093816, "updatedConfidence": 35.0, "teamId": 99999}, {"id": 42748988, "state": 2, "submissionId": 19711076, "reward": 14217, "index": 1, "initialScore": 1148.6680776597923, "initialConfidence": 72.21286455711038, "updatedScore": 1163.9132411755195, "updatedConfidence": 70.07917340600159, "teamId": 99999}, {"id": 42748989, "state": 2, "submissionId": 19681519, "reward": 11411, "index": 2, "initialScore": 1158.7192685793352, "initialConfidence": 54.9668699063394, "updatedScore": 1145.3298556386114, "updatedConfidence": 53.8170018191892, "teamId": 99999}, {"id": 42748990, "state": 2, "submissionId": 19643608, "reward": 14117, "index": 3, "initialScore": 1030.2365406767617, "initialConfidence": 39.57652878568774, "updatedScore": 1034.3552766083076, "updatedConfidence": 39.165445321316966, "teamId": 99999}]}