{"id": 19428174, "competitionId": 25401, "createTime": {"seconds": 1614201977}, "endTime": {"seconds": 1614201977}, "agents": [{"id": 42766615, "state": 2, "submissionId": 19358362, "reward": 13308, "index": 0, "initialScore": 679.6867290043106, "initialConfidence": 35.0, "updatedScore": 680.391568468057, "updatedConfidence": 35.0, "teamId": 99999}, {"id": 42766616, "state": 2, "submissionId": 19722219, "reward": 15523, "index": 1, "initialScore": 831.873023026894, "initialConfidence": 170.0, "updatedScore": 901.7860891805174, "updatedConfidence": 155.0, "teamId": 99999}, {"id": 42766617, "state": 2, "submissionId": 19353212, "reward": 15422, "index": 2, "initialScore": 819.1417767734978, "initialConfidence": 35.0, "updatedScore": 820.243555823143, "updatedConfidence": 35.0, "teamId": 99999}, {"id": 42766618, "state": 2, "submissionId": 19410872, "reward": 8704, "index": 3, "initialScore": 805.3919029641673, "initialConfidence": 35.0, "updatedScore": 800.6218413352674, "updatedConfidence": 35.0, "teamId": 99999}]}