{"id": 19428339, "competitionId": 25401, "createTime": {"seconds": 1614203177}, "endTime": {"seconds": 1614203177}, "agents": [{"id": 42767155, "state": 2, "submissionId": 19626906, "reward": 3505, "index": 0, "initialScore": 946.9604114799754, "initialConfidence": 36.03497905370286, "updatedScore": 944.0846213254564, "updatedConfidence": 35.80022313394801, "teamId": 99999}, {"id": 42767156, "state": 2, "submissionId": 19558720, "reward": 17217, "index": 1, "initialScore": 1033.101038349768, "initialConfidence": 35.0, "updatedScore": 1034.5290963189086, "updatedConfidence": 35.0, "teamId": 99999}, {"id": 42767157, "state": 2, "submissionId": 19667215, "reward": 17230, "index": 2, "initialScore": 1056.0517507666057, "initialConfidence": 44.09652390727852, "updatedScore": 1062.2823585176118, "updatedConfidence": 43.59237225896697, "teamId": 99999}, {"id": 42767158, "state": 2, "submissionId": 19722219, "reward": 3507, "index": 3, "initialScore": 1114.0101653719337, "initialConfidence": 109.2246230141044, "updatedScore": 1088.2972907257083, "updatedConfidence": 102.11581731966776, "teamId": 99999}]}