{"id": 19428638, "competitionId": 25401, "createTime": {"seconds": 1614205336}, "endTime": {"seconds": 1614205336}, "agents": [{"id": 42768129, "state": 2, "submissionId": 19722457, "reward": 12618, "index": 0, "initialScore": 1130.1856357233546, "initialConfidence": 107.57821183331696, "updatedScore": 1133.9895260767662, "updatedConfidence": 100.75632344815156, "teamId": 99999}, {"id": 42768130, "state": 2, "submissionId": 19570429, "reward": 5009, "index": 1, "initialScore": 1045.2553562476212, "initialConfidence": 35.0, "updatedScore": 1041.4728344201628, "updatedConfidence": 35.0, "teamId": 99999}, {"id": 42768131, "state": 2, "submissionId": 19519108, "reward": 12612, "index": 2, "initialScore": 1076.4586815351156, "initialConfidence": 35.0, "updatedScore": 1075.0383622699296, "updatedConfidence": 35.0, "teamId": 99999}, {"id": 42768132, "state": 2, "submissionId": 19537536, "reward": 12715, "index": 3, "initialScore": 1053.298434311988, "initialConfidence": 35.0, "updatedScore": 1058.0986367777127, "updatedConfidence": 35.0, "teamId": 99999}]}