{"id": 19425426, "competitionId": 25401, "createTime": {"seconds": 1614181678}, "endTime": {"seconds": 1614181678}, "agents": [{"id": 42757671, "state": 2, "submissionId": 19672158, "reward": 19022, "index": 0, "initialScore": 1018.4576121697132, "initialConfidence": 47.54028905334366, "updatedScore": 1022.996987044191, "updatedConfidence": 46.833459130555575, "teamId": 99999}, {"id": 42757672, "state": 2, "submissionId": 19529148, "reward": 6509, "index": 1, "initialScore": 1071.037461203006, "initialConfidence": 35.0, "updatedScore": 1066.4206201140544, "updatedConfidence": 35.0, "teamId": 99999}, {"id": 42757673, "state": 2, "submissionId": 19719024, "reward": 19023, "index": 2, "initialScore": 1067.8590668910492, "initialConfidence": 89.54291954624122, "updatedScore": 1094.4148527130062, "updatedConfidence": 85.317711040305, "teamId": 99999}, {"id": 42757674, "state": 2, "submissionId": 19458153, "reward": 9910, "index": 3, "initialScore": 1083.960725178118, "initialConfidence": 35.0, "updatedScore": 1082.059891375843, "updatedConfidence": 35.0, "teamId": 99999}]}