{"id": 19428895, "competitionId": 25401, "createTime": {"seconds": 1614207256}, "endTime": {"seconds": 1614207256}, "agents": [{"id": 42768959, "state": 2, "submissionId": 19519116, "reward": 7817, "index": 0, "initialScore": 1083.5538893834057, "initialConfidence": 35.0, "updatedScore": 1079.5760812653502, "updatedConfidence": 35.0, "teamId": 99999}, {"id": 42768960, "state": 2, "submissionId": 19722523, "reward": 10015, "index": 1, "initialScore": 1154.9998930897596, "initialConfidence": 83.42767000199038, "updatedScore": 1141.5513857998455, "updatedConfidence": 79.85350422581247, "teamId": 99999}, {"id": 42768961, "state": 2, "submissionId": 19478796, "reward": 13817, "index": 2, "initialScore": 1066.8680996990845, "initialConfidence": 35.0, "updatedScore": 1069.1074441530502, "updatedConfidence": 35.0, "teamId": 99999}, {"id": 42768962, "state": 2, "submissionId": 19703409, "reward": 13821, "index": 3, "initialScore": 1114.7420216101605, "initialConfidence": 58.832627993876606, "updatedScore": 1126.3420172562987, "updatedConfidence": 57.592319130381576, "teamId": 99999}]}