{"id": 19427491, "competitionId": 25401, "createTime": {"seconds": 1614196797}, "endTime": {"seconds": 1614196797}, "agents": [{"id": 42764395, "state": 2, "submissionId": 19633482, "reward": 20027, "index": 0, "initialScore": 981.0973527248798, "initialConfidence": 35.86698410714676, "updatedScore": 984.1855341582122, "updatedConfidence": 35.635496762903145, "teamId": 99999}, {"id": 42764396, "state": 2, "submissionId": 19721626, "reward": 20023, "index": 1, "initialScore": 930.8562900605376, "initialConfidence": 140.0, "updatedScore": 946.3488887086762, "updatedConfidence": 127.36716694485828, "teamId": 99999}, {"id": 42764397, "state": 2, "submissionId": 19553895, "reward": 9404, "index": 2, "initialScore": 803.7365979477811, "initialConfidence": 35.0, "updatedScore": 801.3245651571873, "updatedConfidence": 35.0, "teamId": 99999}, {"id": 42764398, "state": 2, "submissionId": 19525826, "reward": 11913, "index": 3, "initialScore": 920.9958551167164, "initialConfidence": 35.0, "updatedScore": 919.498910959788, "updatedConfidence": 35.0, "teamId": 99999}]}