{"id": 19428704, "competitionId": 25401, "createTime": {"seconds": 1614205816}, "endTime": {"seconds": 1614205816}, "agents": [{"id": 42768343, "state": 2, "submissionId": 19627715, "reward": 12819, "index": 0, "initialScore": 1089.3635529429994, "initialConfidence": 40.76239693872582, "updatedScore": 1091.285108208819, "updatedConfidence": 40.32661096611854, "teamId": 99999}, {"id": 42768344, "state": 2, "submissionId": 19482778, "reward": 12820, "index": 1, "initialScore": 1080.5616101820915, "initialConfidence": 35.0, "updatedScore": 1085.1588820663892, "updatedConfidence": 35.0, "teamId": 99999}, {"id": 42768345, "state": 2, "submissionId": 19472943, "reward": 3404, "index": 2, "initialScore": 1064.5347983685092, "initialConfidence": 35.0, "updatedScore": 1060.6899228612642, "updatedConfidence": 35.0, "teamId": 99999}, {"id": 42768346, "state": 2, "submissionId": 19722457, "reward": 3408, "index": 3, "initialScore": 1134.224792740949, "initialConfidence": 95.36543930451666, "updatedScore": 1118.121327800259, "updatedConfidence": 90.20102768144548, "teamId": 99999}]}