{"id": 19427728, "competitionId": 25401, "createTime": {"seconds": 1614198617}, "endTime": {"seconds": 1614198617}, "agents": [{"id": 42765171, "state": 2, "submissionId": 19632948, "reward": 10911, "index": 0, "initialScore": 1084.104860918385, "initialConfidence": 39.03057473713873, "updatedScore": 1078.8847113803502, "updatedConfidence": 38.65552562204361, "teamId": 99999}, {"id": 42765172, "state": 2, "submissionId": 19719024, "reward": 14820, "index": 1, "initialScore": 1138.832053787724, "initialConfidence": 75.98459513672883, "updatedScore": 1154.9985925899898, "updatedConfidence": 73.53805969400577, "teamId": 99999}, {"id": 42765173, "state": 2, "submissionId": 19538413, "reward": 14819, "index": 2, "initialScore": 1072.0283811274332, "initialConfidence": 35.0, "updatedScore": 1074.007313511196, "updatedConfidence": 35.0, "teamId": 99999}, {"id": 42765174, "state": 2, "submissionId": 19684182, "reward": 13712, "index": 3, "initialScore": 1083.2734176637132, "initialConfidence": 52.61975060756798, "updatedScore": 1080.535507599472, "updatedConfidence": 51.71256943570956, "teamId": 99999}]}