{"id": 19429299, "competitionId": 25401, "createTime": {"seconds": 1614210136}, "endTime": {"seconds": 1614210136}, "agents": [{"id": 42770285, "state": 2, "submissionId": 19722457, "reward": 17519, "index": 0, "initialScore": 1181.9953214759814, "initialConfidence": 78.1510909052336, "updatedScore": 1196.4791575004458, "updatedConfidence": 75.69681585574916, "teamId": 99999}, {"id": 42770286, "state": 2, "submissionId": 19658202, "reward": 17515, "index": 1, "initialScore": 1084.7547133489045, "initialConfidence": 42.64230063098521, "updatedScore": 1087.6613784852036, "updatedConfidence": 42.16822036105901, "teamId": 99999}, {"id": 42770287, "state": 2, "submissionId": 19507515, "reward": 10416, "index": 2, "initialScore": 1082.3458696865207, "initialConfidence": 35.0, "updatedScore": 1078.388706424938, "updatedConfidence": 35.0, "teamId": 99999}, {"id": 42770288, "state": 2, "submissionId": 19519116, "reward": 12913, "index": 3, "initialScore": 1079.5760812653502, "initialConfidence": 35.0, "updatedScore": 1078.6700538841176, "updatedConfidence": 35.0, "teamId": 99999}]}