{"id": 19425356, "competitionId": 25401, "createTime": {"seconds": 1614181197}, "endTime": {"seconds": 1614181197}, "agents": [{"id": 42757443, "state": 2, "submissionId": 19719024, "reward": 16017, "index": 0, "initialScore": 1053.83264919406, "initialConfidence": 100.4948518435742, "updatedScore": 1038.9205108757271, "updatedConfidence": 94.3944188174742, "teamId": 99999}, {"id": 42757444, "state": 2, "submissionId": 19597966, "reward": 20020, "index": 1, "initialScore": 1030.3927091306412, "initialConfidence": 35.0, "updatedScore": 1034.7519184913776, "updatedConfidence": 35.0, "teamId": 99999}, {"id": 42757445, "state": 2, "submissionId": 19650868, "reward": 20016, "index": 2, "initialScore": 995.0651306215173, "initialConfidence": 39.1520501560358, "updatedScore": 997.7073147930874, "updatedConfidence": 38.759888802149966, "teamId": 99999}, {"id": 42757446, "state": 2, "submissionId": 19479057, "reward": 16011, "index": 3, "initialScore": 1043.474786457837, "initialConfidence": 35.0, "updatedScore": 1038.8128725849872, "updatedConfidence": 35.0, "teamId": 99999}]}