{"id": 19428504, "competitionId": 25401, "createTime": {"seconds": 1614204377}, "endTime": {"seconds": 1614204377}, "agents": [{"id": 42767691, "state": 2, "submissionId": 19499935, "reward": 20017, "index": 0, "initialScore": 942.6065118154752, "initialConfidence": 35.0, "updatedScore": 945.1734389522765, "updatedConfidence": 35.0, "teamId": 99999}, {"id": 42767692, "state": 2, "submissionId": 19677383, "reward": 16710, "index": 1, "initialScore": 1003.9310716777568, "initialConfidence": 47.70719489514935, "updatedScore": 1000.7875585244856, "updatedConfidence": 47.02007451899717, "teamId": 99999}, {"id": 42767693, "state": 2, "submissionId": 19654379, "reward": 10211, "index": 2, "initialScore": 1037.012336090799, "initialConfidence": 41.87069837803034, "updatedScore": 1029.3553562929203, "updatedConfidence": 41.39322525426715, "teamId": 99999}, {"id": 42767694, "state": 2, "submissionId": 19722457, "reward": 20030, "index": 3, "initialScore": 925.7791272134104, "initialConfidence": 155.0, "updatedScore": 1013.5487590126452, "updatedConfidence": 140.0, "teamId": 99999}]}