{"id": 19421765, "competitionId": 25401, "createTime": {"seconds": 1614154907}, "endTime": {"seconds": 1614154907}, "agents": [{"id": 42745745, "state": 2, "submissionId": 19418679, "reward": 18020, "index": 0, "initialScore": 1016.0515380859728, "initialConfidence": 35.0, "updatedScore": 1018.3050642133333, "updatedConfidence": 35.0, "teamId": 99999}, {"id": 42745746, "state": 2, "submissionId": 19715339, "reward": 13016, "index": 1, "initialScore": 1043.8669157761224, "initialConfidence": 107.33247735358712, "updatedScore": 1033.8611077005887, "updatedConfidence": 100.76806355317544, "teamId": 99999}, {"id": 42745747, "state": 2, "submissionId": 19708538, "reward": 18022, "index": 2, "initialScore": 1158.546246191931, "initialConfidence": 65.85738267946509, "updatedScore": 1167.5333935307756, "updatedConfidence": 64.51895595393523, "teamId": 99999}, {"id": 42745748, "state": 2, "submissionId": 19499135, "reward": 13013, "index": 3, "initialScore": 1029.874656275474, "initialConfidence": 35.0, "updatedScore": 1026.146756279409, "updatedConfidence": 35.0, "teamId": 99999}]}