{"id": 19420778, "competitionId": 25401, "createTime": {"seconds": 1614147467}, "endTime": {"seconds": 1614147467}, "agents": [{"id": 42742559, "state": 2, "submissionId": 19568980, "reward": 12007, "index": 0, "initialScore": 1066.0959735929432, "initialConfidence": 35.0, "updatedScore": 1063.1172091366918, "updatedConfidence": 35.0, "teamId": 99999}, {"id": 42742560, "state": 2, "submissionId": 19681519, "reward": 19927, "index": 1, "initialScore": 1155.552516786134, "initialConfidence": 55.9571842306108, "updatedScore": 1158.7192685793352, "updatedConfidence": 54.9668699063394, "teamId": 99999}, {"id": 42742561, "state": 2, "submissionId": 19469841, "reward": 16412, "index": 2, "initialScore": 1120.632741928419, "initialConfidence": 35.0, "updatedScore": 1119.6090244053294, "updatedConfidence": 35.0, "teamId": 99999}, {"id": 42742562, "state": 2, "submissionId": 19711300, "reward": 20018, "index": 3, "initialScore": 1226.3184740065426, "initialConfidence": 76.54764347551054, "updatedScore": 1239.5374845185124, "updatedConfidence": 74.32243290496363, "teamId": 99999}]}