{"id": 19424053, "competitionId": 25401, "createTime": {"seconds": 1614171707}, "endTime": {"seconds": 1614171707}, "agents": [{"id": 42753195, "state": 2, "submissionId": 19503421, "reward": 17118, "index": 0, "initialScore": 1089.0975875769232, "initialConfidence": 35.0, "updatedScore": 1093.5488583544825, "updatedConfidence": 35.0, "teamId": 99999}, {"id": 42753196, "state": 2, "submissionId": 19533620, "reward": 17013, "index": 1, "initialScore": 1150.3037591752525, "initialConfidence": 35.0, "updatedScore": 1150.4647975587882, "updatedConfidence": 35.0, "teamId": 99999}, {"id": 42753197, "state": 2, "submissionId": 19514641, "reward": 17012, "index": 2, "initialScore": 1050.712339113342, "initialConfidence": 35.0, "updatedScore": 1049.936896012243, "updatedConfidence": 35.0, "teamId": 99999}, {"id": 42753198, "state": 2, "submissionId": 19479920, "reward": 10116, "index": 3, "initialScore": 1053.9551290139752, "initialConfidence": 35.0, "updatedScore": 1050.118262953979, "updatedConfidence": 35.0, "teamId": 99999}]}