{"id": 19427633, "competitionId": 25401, "createTime": {"seconds": 1614197757}, "endTime": {"seconds": 1614197757}, "agents": [{"id": 42764863, "state": 2, "submissionId": 19514605, "reward": 13017, "index": 0, "initialScore": 1057.713915382902, "initialConfidence": 35.0, "updatedScore": 1053.4970380584398, "updatedConfidence": 35.0, "teamId": 99999}, {"id": 42764864, "state": 2, "submissionId": 19579541, "reward": 20016, "index": 1, "initialScore": 1064.1666788850005, "initialConfidence": 35.0, "updatedScore": 1065.813226012805, "updatedConfidence": 35.0, "teamId": 99999}, {"id": 42764865, "state": 2, "submissionId": 19550595, "reward": 20014, "index": 2, "initialScore": 1026.417769590701, "initialConfidence": 35.0, "updatedScore": 1025.851236100115, "updatedConfidence": 35.0, "teamId": 99999}, {"id": 42764866, "state": 2, "submissionId": 19681519, "reward": 20017, "index": 3, "initialScore": 1136.4558706980974, "initialConfidence": 52.89859337973213, "updatedScore": 1143.6213922391912, "updatedConfidence": 52.07297672851244, "teamId": 99999}]}