{"id": 19427929, "competitionId": 25401, "createTime": {"seconds": 1614200056}, "endTime": {"seconds": 1614200056}, "agents": [{"id": 42765831, "state": 2, "submissionId": 19721449, "reward": 7811, "index": 0, "initialScore": 1102.7558049967142, "initialConfidence": 75.71338430110254, "updatedScore": 1084.3728185350567, "updatedConfidence": 73.17876739678641, "teamId": 99999}, {"id": 42765832, "state": 2, "submissionId": 19476680, "reward": 10511, "index": 1, "initialScore": 1130.0296272352032, "initialConfidence": 35.0, "updatedScore": 1128.3023225881884, "updatedConfidence": 35.0, "teamId": 99999}, {"id": 42765833, "state": 2, "submissionId": 19721626, "reward": 11519, "index": 2, "initialScore": 1170.376749899355, "initialConfidence": 80.19945784908886, "updatedScore": 1187.6851285312143, "updatedConfidence": 77.4366435501584, "teamId": 99999}, {"id": 42765834, "state": 2, "submissionId": 19460040, "reward": 11513, "index": 3, "initialScore": 1077.5374064792395, "initialConfidence": 35.0, "updatedScore": 1079.8965572762745, "updatedConfidence": 35.0, "teamId": 99999}]}