{"id": 19425259, "competitionId": 25401, "createTime": {"seconds": 1614180477}, "endTime": {"seconds": 1614180477}, "agents": [{"id": 42757129, "state": 2, "submissionId": 19576663, "reward": 13812, "index": 0, "initialScore": 907.5494668088668, "initialConfidence": 35.21396048063689, "updatedScore": 903.3454039088798, "updatedConfidence": 35.0, "teamId": 99999}, {"id": 42757130, "state": 2, "submissionId": 19635815, "reward": 20014, "index": 1, "initialScore": 988.7521167631816, "initialConfidence": 40.03305374407506, "updatedScore": 986.5456038846798, "updatedConfidence": 39.75274363055538, "teamId": 99999}, {"id": 42757131, "state": 2, "submissionId": 19313346, "reward": 20014, "index": 2, "initialScore": 854.8533417605232, "initialConfidence": 35.0, "updatedScore": 856.7247568524169, "updatedConfidence": 35.0, "teamId": 99999}, {"id": 42757132, "state": 2, "submissionId": 19719024, "reward": 20016, "index": 3, "initialScore": 914.2759269393314, "initialConfidence": 127.50030377278594, "updatedScore": 966.9369796792672, "updatedConfidence": 116.48591232765448, "teamId": 99999}]}