{"id": 19428701, "competitionId": 25401, "createTime": {"seconds": 1614205816}, "endTime": {"seconds": 1614205816}, "agents": [{"id": 42768331, "state": 2, "submissionId": 19713358, "reward": 14305, "index": 0, "initialScore": 920.6313004281376, "initialConfidence": 66.25803832818448, "updatedScore": 911.7135078046304, "updatedConfidence": 64.94073386762014, "teamId": 99999}, {"id": 42768332, "state": 2, "submissionId": 19712952, "reward": 14310, "index": 1, "initialScore": 1038.602061659607, "initialConfidence": 62.5062288157641, "updatedScore": 1033.3011417229568, "updatedConfidence": 61.205296938233786, "teamId": 99999}, {"id": 42768333, "state": 2, "submissionId": 19722523, "reward": 14322, "index": 2, "initialScore": 1045.8735234790772, "initialConfidence": 118.60281532996476, "updatedScore": 1086.571968086879, "updatedConfidence": 110.219064076151, "teamId": 99999}, {"id": 42768334, "state": 2, "submissionId": 19603402, "reward": 14316, "index": 3, "initialScore": 1072.7542679368437, "initialConfidence": 35.32911045368228, "updatedScore": 1073.371889899755, "updatedConfidence": 35.091996256725885, "teamId": 99999}]}