{"id": 19424652, "competitionId": 25401, "createTime": {"seconds": 1614176027}, "endTime": {"seconds": 1614176027}, "agents": [{"id": 42755159, "state": 2, "submissionId": 19711076, "reward": 20019, "index": 0, "initialScore": 1163.9132411755195, "initialConfidence": 70.07917340600159, "updatedScore": 1166.045512213211, "updatedConfidence": 67.91482069790793, "teamId": 99999}, {"id": 42755160, "state": 2, "submissionId": 19522207, "reward": 9712, "index": 1, "initialScore": 1120.971544284547, "initialConfidence": 35.0, "updatedScore": 1116.477692639089, "updatedConfidence": 35.0, "teamId": 99999}, {"id": 42755161, "state": 2, "submissionId": 19483589, "reward": 19214, "index": 2, "initialScore": 1135.5148880577403, "initialConfidence": 35.0, "updatedScore": 1133.7039148274885, "updatedConfidence": 35.0, "teamId": 99999}, {"id": 42755162, "state": 2, "submissionId": 19703650, "reward": 20020, "index": 3, "initialScore": 1050.795871331462, "initialConfidence": 60.59841093871448, "updatedScore": 1068.1014051739596, "updatedConfidence": 59.02317536524711, "teamId": 99999}]}