{"id": 19428110, "competitionId": 25401, "createTime": {"seconds": 1614201496}, "endTime": {"seconds": 1614201496}, "agents": [{"id": 42766407, "state": 2, "submissionId": 19309301, "reward": 1101, "index": 0, "initialScore": 487.68459969235926, "initialConfidence": 35.0, "updatedScore": 485.4201307852532, "updatedConfidence": 35.0, "teamId": 99999}, {"id": 42766408, "state": 2, "submissionId": 19722219, "reward": 10323, "index": 1, "initialScore": 600.0, "initialConfidence": 200.0, "updatedScore": 707.8181096195419, "updatedConfidence": 185.0, "teamId": 99999}, {"id": 42766409, "state": 2, "submissionId": 19488182, "reward": 10304, "index": 2, "initialScore": 652.8454064072697, "initialConfidence": 35.0, "updatedScore": 653.7154631380234, "updatedConfidence": 35.0, "teamId": 99999}, {"id": 42766410, "state": 2, "submissionId": 19711677, "reward": 7703, "index": 3, "initialScore": 646.1834266530518, "initialConfidence": 63.154585681497664, "updatedScore": 639.9727029786044, "updatedConfidence": 61.91767611651526, "teamId": 99999}]}