{"id": 19427751, "competitionId": 25401, "createTime": {"seconds": 1614198856}, "endTime": {"seconds": 1614198856}, "agents": [{"id": 42765239, "state": 2, "submissionId": 19425646, "reward": 9910, "index": 0, "initialScore": 1072.960096498593, "initialConfidence": 35.0, "updatedScore": 1068.8517534116838, "updatedConfidence": 35.0, "teamId": 99999}, {"id": 42765240, "state": 2, "submissionId": 19592794, "reward": 11012, "index": 1, "initialScore": 1060.1544455424948, "initialConfidence": 35.0, "updatedScore": 1059.3055084147077, "updatedConfidence": 35.0, "teamId": 99999}, {"id": 42765241, "state": 2, "submissionId": 19721626, "reward": 11418, "index": 2, "initialScore": 1152.8761967684022, "initialConfidence": 83.24138205733341, "updatedScore": 1170.376749899355, "updatedConfidence": 80.19945784908886, "teamId": 99999}, {"id": 42765242, "state": 2, "submissionId": 19492676, "reward": 11414, "index": 3, "initialScore": 1073.8529906200654, "initialConfidence": 35.0, "updatedScore": 1075.716349268529, "updatedConfidence": 35.0, "teamId": 99999}]}