{"id": 19428830, "competitionId": 25401, "createTime": {"seconds": 1614206777}, "endTime": {"seconds": 1614206777}, "agents": [{"id": 42768751, "state": 2, "submissionId": 19551924, "reward": 16215, "index": 0, "initialScore": 1077.296506649027, "initialConfidence": 35.0, "updatedScore": 1076.231795136866, "updatedConfidence": 35.0, "teamId": 99999}, {"id": 42768752, "state": 2, "submissionId": 19580901, "reward": 17217, "index": 1, "initialScore": 1094.3422455828509, "initialConfidence": 35.0, "updatedScore": 1095.9202483306842, "updatedConfidence": 35.0, "teamId": 99999}, {"id": 42768753, "state": 2, "submissionId": 19538413, "reward": 14411, "index": 2, "initialScore": 1075.0856581523344, "initialConfidence": 35.0, "updatedScore": 1071.0721906054032, "updatedConfidence": 35.0, "teamId": 99999}, {"id": 42768754, "state": 2, "submissionId": 19722523, "reward": 17315, "index": 3, "initialScore": 1132.2703161356098, "initialConfidence": 91.48481414020836, "updatedScore": 1156.184295642505, "updatedConfidence": 87.26497504367867, "teamId": 99999}]}