{"id": 19428802, "competitionId": 25401, "createTime": {"seconds": 1614206537}, "endTime": {"seconds": 1614206537}, "agents": [{"id": 42768663, "state": 2, "submissionId": 19720609, "reward": 13015, "index": 0, "initialScore": 1101.1854498547534, "initialConfidence": 73.51516455608032, "updatedScore": 1086.2167743633229, "updatedConfidence": 71.3562594670306, "teamId": 99999}, {"id": 42768664, "state": 2, "submissionId": 19514545, "reward": 17918, "index": 1, "initialScore": 1081.927382739629, "initialConfidence": 35.0, "updatedScore": 1087.857472751422, "updatedConfidence": 35.0, "teamId": 99999}, {"id": 42768665, "state": 2, "submissionId": 19652367, "reward": 17813, "index": 2, "initialScore": 1179.7115755838308, "initialConfidence": 46.51446128134844, "updatedScore": 1175.9589270829376, "updatedConfidence": 45.89649593103895, "teamId": 99999}, {"id": 42768666, "state": 2, "submissionId": 19711300, "reward": 17819, "index": 3, "initialScore": 1241.6168269597645, "initialConfidence": 67.85588400170556, "updatedScore": 1240.0662424819989, "updatedConfidence": 66.00974572019473, "teamId": 99999}]}