{"id": 19428798, "competitionId": 25401, "createTime": {"seconds": 1614206536}, "endTime": {"seconds": 1614206536}, "agents": [{"id": 42768647, "state": 2, "submissionId": 19558679, "reward": 10211, "index": 0, "initialScore": 1060.0478934621983, "initialConfidence": 35.0, "updatedScore": 1055.82155778996, "updatedConfidence": 35.0, "teamId": 99999}, {"id": 42768648, "state": 2, "submissionId": 19722523, "reward": 11615, "index": 1, "initialScore": 1105.7072614458132, "initialConfidence": 96.35722598087042, "updatedScore": 1132.2703161356098, "updatedConfidence": 91.48481414020836, "teamId": 99999}, {"id": 42768649, "state": 2, "submissionId": 19507843, "reward": 11516, "index": 2, "initialScore": 1023.5405994089324, "initialConfidence": 35.0, "updatedScore": 1026.0891615126093, "updatedConfidence": 35.0, "teamId": 99999}, {"id": 42768650, "state": 2, "submissionId": 19482728, "reward": 11514, "index": 3, "initialScore": 1088.2806481488542, "initialConfidence": 35.0, "updatedScore": 1086.4537646547642, "updatedConfidence": 35.0, "teamId": 99999}]}