{"id": 19425193, "competitionId": 25401, "createTime": {"seconds": 1614179997}, "endTime": {"seconds": 1614179997}, "agents": [{"id": 42756913, "state": 2, "submissionId": 19411079, "reward": 11117, "index": 0, "initialScore": 844.1565236740096, "initialConfidence": 35.0, "updatedScore": 842.3579526802341, "updatedConfidence": 35.0, "teamId": 99999}, {"id": 42756914, "state": 2, "submissionId": 19374957, "reward": 7713, "index": 1, "initialScore": 784.8208689614733, "initialConfidence": 35.0, "updatedScore": 781.1871087613637, "updatedConfidence": 35.0, "teamId": 99999}, {"id": 42756915, "state": 2, "submissionId": 19576476, "reward": 20004, "index": 2, "initialScore": 838.5531214876797, "initialConfidence": 35.0, "updatedScore": 839.8605838574639, "updatedConfidence": 35.0, "teamId": 99999}, {"id": 42756916, "state": 2, "submissionId": 19719024, "reward": 20027, "index": 3, "initialScore": 784.8116117677033, "initialConfidence": 155.0, "updatedScore": 865.7095493179255, "updatedConfidence": 140.0, "teamId": 99999}]}