{"id": 19427046, "competitionId": 25401, "createTime": {"seconds": 1614193438}, "endTime": {"seconds": 1614193438}, "agents": [{"id": 42762953, "state": 2, "submissionId": 19699388, "reward": 20015, "index": 0, "initialScore": 1074.9325916343382, "initialConfidence": 57.195951262138365, "updatedScore": 1081.022349363553, "updatedConfidence": 55.98970128035681, "teamId": 99999}, {"id": 42762954, "state": 2, "submissionId": 19519164, "reward": 20018, "index": 1, "initialScore": 1135.2990116647204, "initialConfidence": 35.0, "updatedScore": 1139.3322820206738, "updatedConfidence": 35.0, "teamId": 99999}, {"id": 42762955, "state": 2, "submissionId": 19597865, "reward": 20014, "index": 2, "initialScore": 1090.945817067385, "initialConfidence": 36.11057923286022, "updatedScore": 1088.593338237563, "updatedConfidence": 35.90085301629049, "teamId": 99999}, {"id": 42762956, "state": 2, "submissionId": 19711076, "reward": 20014, "index": 3, "initialScore": 1166.045512213211, "initialConfidence": 67.91482069790793, "updatedScore": 1150.5943163338268, "updatedConfidence": 66.45456851304645, "teamId": 99999}]}