{"id": 19428605, "competitionId": 25401, "createTime": {"seconds": 1614205096}, "endTime": {"seconds": 1614205096}, "agents": [{"id": 42768023, "state": 2, "submissionId": 19514605, "reward": 17013, "index": 0, "initialScore": 1053.4970380584398, "initialConfidence": 35.0, "updatedScore": 1052.694964364984, "updatedConfidence": 35.0, "teamId": 99999}, {"id": 42768024, "state": 2, "submissionId": 19703490, "reward": 15007, "index": 1, "initialScore": 1079.022981146856, "initialConfidence": 51.04031430214016, "updatedScore": 1070.0127028784243, "updatedConfidence": 50.2291012421273, "teamId": 99999}, {"id": 42768025, "state": 2, "submissionId": 19722457, "reward": 17015, "index": 2, "initialScore": 1123.1231466049153, "initialConfidence": 115.78882527508216, "updatedScore": 1130.1856357233546, "updatedConfidence": 107.57821183331696, "teamId": 99999}, {"id": 42768026, "state": 2, "submissionId": 19641364, "reward": 17112, "index": 3, "initialScore": 1076.1611419436956, "initialConfidence": 40.9527365832848, "updatedScore": 1082.1764399195476, "updatedConfidence": 40.526141879869485, "teamId": 99999}]}