{"id": 19428016, "competitionId": 25401, "createTime": {"seconds": 1614200777}, "endTime": {"seconds": 1614200777}, "agents": [{"id": 42766105, "state": 2, "submissionId": 19627626, "reward": 18509, "index": 0, "initialScore": 1071.4753682395692, "initialConfidence": 39.20600796740565, "updatedScore": 1069.6214884609878, "updatedConfidence": 38.830590728279454, "teamId": 99999}, {"id": 42766106, "state": 2, "submissionId": 19528956, "reward": 18516, "index": 1, "initialScore": 1077.334637017732, "initialConfidence": 35.0, "updatedScore": 1078.7203754955117, "updatedConfidence": 35.0, "teamId": 99999}, {"id": 42766107, "state": 2, "submissionId": 19517799, "reward": 18621, "index": 2, "initialScore": 1130.150607640249, "initialConfidence": 35.0, "updatedScore": 1133.4622930822622, "updatedConfidence": 35.0, "teamId": 99999}, {"id": 42766108, "state": 2, "submissionId": 19602179, "reward": 16210, "index": 3, "initialScore": 1009.339063216832, "initialConfidence": 35.0, "updatedScore": 1006.1190879907388, "updatedConfidence": 35.0, "teamId": 99999}]}