{"id": 19420290, "competitionId": 25401, "createTime": {"seconds": 1614143867}, "endTime": {"seconds": 1614143867}, "agents": [{"id": 42740969, "state": 2, "submissionId": 19519164, "reward": 11012, "index": 0, "initialScore": 1136.687812334145, "initialConfidence": 35.0, "updatedScore": 1141.2014904134514, "updatedConfidence": 35.0, "teamId": 99999}, {"id": 42740970, "state": 2, "submissionId": 19533620, "reward": 10915, "index": 1, "initialScore": 1150.624703087841, "initialConfidence": 35.0, "updatedScore": 1150.3037591752525, "updatedConfidence": 35.0, "teamId": 99999}, {"id": 42740971, "state": 2, "submissionId": 19469841, "reward": 6207, "index": 2, "initialScore": 1124.8481960881809, "initialConfidence": 35.0, "updatedScore": 1120.632741928419, "updatedConfidence": 35.0, "teamId": 99999}, {"id": 42740972, "state": 2, "submissionId": 19514384, "reward": 10915, "index": 3, "initialScore": 1138.3733899205497, "initialConfidence": 35.011170583990136, "updatedScore": 1138.3961244185134, "updatedConfidence": 35.0, "teamId": 99999}]}