{"id": 19421058, "competitionId": 25401, "createTime": {"seconds": 1614149627}, "endTime": {"seconds": 1614149627}, "agents": [{"id": 42743463, "state": 2, "submissionId": 19575058, "reward": 20019, "index": 0, "initialScore": 1056.4792155176108, "initialConfidence": 35.0, "updatedScore": 1061.7249536534318, "updatedConfidence": 35.0, "teamId": 99999}, {"id": 42743464, "state": 2, "submissionId": 19529148, "reward": 12613, "index": 1, "initialScore": 1073.583745118301, "initialConfidence": 35.0, "updatedScore": 1069.5092802302534, "updatedConfidence": 35.0, "teamId": 99999}, {"id": 42743465, "state": 2, "submissionId": 19487408, "reward": 20016, "index": 2, "initialScore": 1129.9904788528756, "initialConfidence": 35.0, "updatedScore": 1127.7018969621013, "updatedConfidence": 35.0, "teamId": 99999}, {"id": 42743466, "state": 2, "submissionId": 19705401, "reward": 20017, "index": 3, "initialScore": 1108.172454080514, "initialConfidence": 63.86346018017685, "updatedScore": 1111.8924456889972, "updatedConfidence": 62.162644118659216, "teamId": 99999}]}