{"id": 19429204, "competitionId": 25401, "createTime": {"seconds": 1614209417}, "endTime": {"seconds": 1614209417}, "agents": [{"id": 42769977, "state": 2, "submissionId": 19537603, "reward": 18513, "index": 0, "initialScore": 1066.4434899593616, "initialConfidence": 35.0, "updatedScore": 1065.3837213436957, "updatedConfidence": 35.0, "teamId": 99999}, {"id": 42769978, "state": 2, "submissionId": 19528944, "reward": 14810, "index": 1, "initialScore": 1067.5304915990048, "initialConfidence": 35.0, "updatedScore": 1063.4537342809776, "updatedConfidence": 35.0, "teamId": 99999}, {"id": 42769979, "state": 2, "submissionId": 19591102, "reward": 20016, "index": 2, "initialScore": 1076.5686306893767, "initialConfidence": 35.0, "updatedScore": 1078.292318152657, "updatedConfidence": 35.0, "teamId": 99999}, {"id": 42769980, "state": 2, "submissionId": 19722219, "reward": 20020, "index": 3, "initialScore": 1131.158207339446, "initialConfidence": 77.70680711753667, "updatedScore": 1147.9809876795855, "updatedConfidence": 75.08111018390048, "teamId": 99999}]}