{"id": 19428603, "competitionId": 25401, "createTime": {"seconds": 1614205096}, "endTime": {"seconds": 1614205096}, "agents": [{"id": 42768015, "state": 2, "submissionId": 19678820, "reward": 12115, "index": 0, "initialScore": 993.0229328462516, "initialConfidence": 46.40772418328595, "updatedScore": 989.0039132991124, "updatedConfidence": 45.817582823000926, "teamId": 99999}, {"id": 42768016, "state": 2, "submissionId": 19506031, "reward": 4101, "index": 1, "initialScore": 908.8927787669568, "initialConfidence": 35.0, "updatedScore": 905.242784554978, "updatedConfidence": 35.0, "teamId": 99999}, {"id": 42768017, "state": 2, "submissionId": 19722523, "reward": 18527, "index": 2, "initialScore": 870.5884491215361, "initialConfidence": 155.0, "updatedScore": 962.147373989606, "updatedConfidence": 140.0, "teamId": 99999}, {"id": 42768018, "state": 2, "submissionId": 19612618, "reward": 18424, "index": 3, "initialScore": 963.0430463517824, "initialConfidence": 36.452791353080215, "updatedScore": 964.417990781188, "updatedConfidence": 36.16131075368015, "teamId": 99999}]}