{"id": 19424159, "competitionId": 25401, "createTime": {"seconds": 1614172427}, "endTime": {"seconds": 1614172427}, "agents": [{"id": 42753547, "state": 2, "submissionId": 19514562, "reward": 9012, "index": 0, "initialScore": 1045.9124099141743, "initialConfidence": 35.0, "updatedScore": 1045.5014915983952, "updatedConfidence": 35.0, "teamId": 99999}, {"id": 42753548, "state": 2, "submissionId": 19476680, "reward": 9009, "index": 1, "initialScore": 1131.3487866423598, "initialConfidence": 35.0, "updatedScore": 1126.0372723189846, "updatedConfidence": 35.0, "teamId": 99999}, {"id": 42753549, "state": 2, "submissionId": 19624147, "reward": 9514, "index": 2, "initialScore": 1071.4381138177134, "initialConfidence": 37.23121254453787, "updatedScore": 1077.152244258919, "updatedConfidence": 36.8682839788518, "teamId": 99999}, {"id": 42753550, "state": 2, "submissionId": 19517799, "reward": 9513, "index": 3, "initialScore": 1134.4718210387507, "initialConfidence": 35.0, "updatedScore": 1135.1444804236344, "updatedConfidence": 35.0, "teamId": 99999}]}