{"id": 19427459, "competitionId": 25401, "createTime": {"seconds": 1614196557}, "endTime": {"seconds": 1614196557}, "agents": [{"id": 42764291, "state": 2, "submissionId": 19631042, "reward": 20005, "index": 0, "initialScore": 824.443089546726, "initialConfidence": 37.97155852158323, "updatedScore": 825.9613995925808, "updatedConfidence": 37.67614886620002, "teamId": 99999}, {"id": 42764292, "state": 2, "submissionId": 19459667, "reward": 7413, "index": 1, "initialScore": 754.081087363556, "initialConfidence": 35.0, "updatedScore": 753.7075204963741, "updatedConfidence": 35.0, "teamId": 99999}, {"id": 42764293, "state": 2, "submissionId": 19721626, "reward": 20031, "index": 2, "initialScore": 877.8609472494666, "initialConfidence": 155.0, "updatedScore": 930.8562900605376, "updatedConfidence": 140.0, "teamId": 99999}, {"id": 42764294, "state": 2, "submissionId": 19349136, "reward": 5007, "index": 3, "initialScore": 767.2540288581401, "initialConfidence": 35.0, "updatedScore": 763.6354695568136, "updatedConfidence": 35.0, "teamId": 99999}]}