{"id": 19427389, "competitionId": 25401, "createTime": {"seconds": 1614196078}, "endTime": {"seconds": 1614196078}, "agents": [{"id": 42764061, "state": 2, "submissionId": 19721626, "reward": 7514, "index": 0, "initialScore": 695.2041627670981, "initialConfidence": 185.0, "updatedScore": 789.1495636222243, "updatedConfidence": 170.0, "teamId": 99999}, {"id": 42764062, "state": 2, "submissionId": 19331262, "reward": 5007, "index": 1, "initialScore": 720.431926676594, "initialConfidence": 35.0, "updatedScore": 718.6607095786543, "updatedConfidence": 35.0, "teamId": 99999}, {"id": 42764063, "state": 2, "submissionId": 19407855, "reward": 7415, "index": 2, "initialScore": 713.5528533434205, "initialConfidence": 35.0, "updatedScore": 714.9059888040267, "updatedConfidence": 35.0, "teamId": 99999}, {"id": 42764064, "state": 2, "submissionId": 19406650, "reward": 4305, "index": 3, "initialScore": 620.6845665209668, "initialConfidence": 35.0, "updatedScore": 617.7401027661153, "updatedConfidence": 35.0, "teamId": 99999}]}