{"id": 19428800, "competitionId": 25401, "createTime": {"seconds": 1614206536}, "endTime": {"seconds": 1614206536}, "agents": [{"id": 42768655, "state": 2, "submissionId": 19597865, "reward": 9814, "index": 0, "initialScore": 1089.6611924950826, "initialConfidence": 35.58903400634172, "updatedScore": 1084.9140104645942, "updatedConfidence": 35.30444790434361, "teamId": 99999}, {"id": 42768656, "state": 2, "submissionId": 19577048, "reward": 19917, "index": 1, "initialScore": 1068.297592924445, "initialConfidence": 35.0, "updatedScore": 1069.9822546185603, "updatedConfidence": 35.0, "teamId": 99999}, {"id": 42768657, "state": 2, "submissionId": 19722457, "reward": 19922, "index": 2, "initialScore": 1159.6550424543173, "initialConfidence": 82.84744663337638, "updatedScore": 1175.3444412422814, "updatedConfidence": 80.08573020686893, "teamId": 99999}, {"id": 42768658, "state": 2, "submissionId": 19722572, "reward": 15711, "index": 3, "initialScore": 994.9903069043484, "initialConfidence": 88.96724410729637, "updatedScore": 995.6785149219965, "updatedConfidence": 85.20019840694827, "teamId": 99999}]}