{"id": 19428437, "competitionId": 25401, "createTime": {"seconds": 1614203896}, "endTime": {"seconds": 1614203896}, "agents": [{"id": 42767471, "state": 2, "submissionId": 19722457, "reward": 11819, "index": 0, "initialScore": 722.3784335660891, "initialConfidence": 185.0, "updatedScore": 834.3632620882345, "updatedConfidence": 170.0, "teamId": 99999}, {"id": 42767472, "state": 2, "submissionId": 19319754, "reward": 3708, "index": 1, "initialScore": 740.0295305734458, "initialConfidence": 35.0, "updatedScore": 736.4459934227536, "updatedConfidence": 35.0, "teamId": 99999}, {"id": 42767473, "state": 2, "submissionId": 19684145, "reward": 8613, "index": 2, "initialScore": 809.5592074276423, "initialConfidence": 48.97284732256255, "updatedScore": 805.8296646215884, "updatedConfidence": 48.30907643978781, "teamId": 99999}, {"id": 42767474, "state": 2, "submissionId": 19371718, "reward": 11713, "index": 3, "initialScore": 787.31592152432, "initialConfidence": 35.0, "updatedScore": 788.7961747470526, "updatedConfidence": 35.0, "teamId": 99999}]}