{"id": 19428272, "competitionId": 25401, "createTime": {"seconds": 1614202696}, "endTime": {"seconds": 1614202696}, "agents": [{"id": 42766935, "state": 2, "submissionId": 19383077, "reward": 20018, "index": 0, "initialScore": 973.145337909028, "initialConfidence": 35.0, "updatedScore": 975.5856150201072, "updatedConfidence": 35.0, "teamId": 99999}, {"id": 42766936, "state": 2, "submissionId": 19722219, "reward": 20025, "index": 1, "initialScore": 1012.0729783086256, "initialConfidence": 130.0841766643323, "updatedScore": 1065.193086448152, "updatedConfidence": 118.56995965777318, "teamId": 99999}, {"id": 42766937, "state": 2, "submissionId": 19663003, "reward": 13110, "index": 2, "initialScore": 1026.3055780113673, "initialConfidence": 42.59460431646639, "updatedScore": 1021.6470234927524, "updatedConfidence": 42.27539265393488, "teamId": 99999}, {"id": 42766938, "state": 2, "submissionId": 19590154, "reward": 13110, "index": 3, "initialScore": 1025.3945874242052, "initialConfidence": 35.0, "updatedScore": 1022.2542858515388, "updatedConfidence": 35.0, "teamId": 99999}]}