{"id": 19428306, "competitionId": 25401, "createTime": {"seconds": 1614202936}, "endTime": {"seconds": 1614202936}, "agents": [{"id": 42767047, "state": 2, "submissionId": 19722219, "reward": 20022, "index": 0, "initialScore": 1065.193086448152, "initialConfidence": 118.56995965777318, "updatedScore": 1114.0101653719337, "updatedConfidence": 109.2246230141044, "teamId": 99999}, {"id": 42767048, "state": 2, "submissionId": 19699757, "reward": 20019, "index": 1, "initialScore": 1074.216855833641, "initialConfidence": 52.352310671894, "updatedScore": 1078.2498376757949, "updatedConfidence": 51.45722090778579, "teamId": 99999}, {"id": 42767049, "state": 2, "submissionId": 19519108, "reward": 12017, "index": 2, "initialScore": 1077.6633448216655, "initialConfidence": 35.0, "updatedScore": 1076.4586815351156, "updatedConfidence": 35.0, "teamId": 99999}, {"id": 42767050, "state": 2, "submissionId": 19639153, "reward": 12013, "index": 3, "initialScore": 1109.8128069807854, "initialConfidence": 40.23975304024167, "updatedScore": 1103.3999395778612, "updatedConfidence": 39.81758153072242, "teamId": 99999}]}