{"id": 19428020, "competitionId": 25401, "createTime": {"seconds": 1614200777}, "endTime": {"seconds": 1614200777}, "agents": [{"id": 42766121, "state": 2, "submissionId": 19498452, "reward": 20015, "index": 0, "initialScore": 1071.6733588412355, "initialConfidence": 35.0, "updatedScore": 1073.2755674944017, "updatedConfidence": 35.0, "teamId": 99999}, {"id": 42766122, "state": 2, "submissionId": 19539117, "reward": 14618, "index": 1, "initialScore": 1045.179512111204, "initialConfidence": 35.0, "updatedScore": 1044.3386095520218, "updatedConfidence": 35.0, "teamId": 99999}, {"id": 42766123, "state": 2, "submissionId": 19487408, "reward": 20020, "index": 2, "initialScore": 1133.1974785312234, "initialConfidence": 35.0, "updatedScore": 1136.5460269685277, "updatedConfidence": 35.0, "teamId": 99999}, {"id": 42766124, "state": 2, "submissionId": 19703650, "reward": 11515, "index": 3, "initialScore": 1063.82824666225, "initialConfidence": 57.671908900052, "updatedScore": 1052.6694075871412, "updatedConfidence": 56.46673609136838, "teamId": 99999}]}