{"id": 19428736, "competitionId": 25401, "createTime": {"seconds": 1614206056}, "endTime": {"seconds": 1614206056}, "agents": [{"id": 42768447, "state": 2, "submissionId": 19722457, "reward": 17720, "index": 0, "initialScore": 1118.121327800259, "initialConfidence": 90.20102768144548, "updatedScore": 1141.1757636311047, "updatedConfidence": 86.17459184824139, "teamId": 99999}, {"id": 42768448, "state": 2, "submissionId": 19513812, "reward": 6706, "index": 1, "initialScore": 1077.7137457706517, "initialConfidence": 35.0, "updatedScore": 1073.3220363474225, "updatedConfidence": 35.0, "teamId": 99999}, {"id": 42768449, "state": 2, "submissionId": 19667215, "reward": 17715, "index": 2, "initialScore": 1062.2823585176118, "initialConfidence": 43.59237225896697, "updatedScore": 1065.221696678934, "updatedConfidence": 43.07466558824269, "teamId": 99999}, {"id": 42768450, "state": 2, "submissionId": 19521592, "reward": 16920, "index": 3, "initialScore": 1057.5580928993074, "initialConfidence": 35.0, "updatedScore": 1056.5838929075942, "updatedConfidence": 35.0, "teamId": 99999}]}