{"id": 19427589, "competitionId": 25401, "createTime": {"seconds": 1614197518}, "endTime": {"seconds": 1614197518}, "agents": [{"id": 42764711, "state": 2, "submissionId": 19721626, "reward": 12415, "index": 0, "initialScore": 1039.93297965086, "initialConfidence": 107.97029751978702, "updatedScore": 1075.6493228489933, "updatedConfidence": 101.0720683949342, "teamId": 99999}, {"id": 42764712, "state": 2, "submissionId": 19578213, "reward": 8913, "index": 1, "initialScore": 1024.0052836175207, "initialConfidence": 35.0, "updatedScore": 1022.5918992547378, "updatedConfidence": 35.0, "teamId": 99999}, {"id": 42764713, "state": 2, "submissionId": 19537771, "reward": 12414, "index": 2, "initialScore": 1041.4474841737535, "initialConfidence": 35.0, "updatedScore": 1042.674740909645, "updatedConfidence": 35.0, "teamId": 99999}, {"id": 42764714, "state": 2, "submissionId": 19510780, "reward": 8210, "index": 3, "initialScore": 981.9119474716562, "initialConfidence": 35.0, "updatedScore": 978.344937560384, "updatedConfidence": 35.0, "teamId": 99999}]}