{"id": 19428765, "competitionId": 25401, "createTime": {"seconds": 1614206296}, "endTime": {"seconds": 1614206296}, "agents": [{"id": 42768539, "state": 2, "submissionId": 19722523, "reward": 10315, "index": 0, "initialScore": 1124.8558571304238, "initialConfidence": 102.81828289843736, "updatedScore": 1105.7072614458132, "updatedConfidence": 96.35722598087042, "teamId": 99999}, {"id": 42768540, "state": 2, "submissionId": 19514882, "reward": 10310, "index": 1, "initialScore": 1068.4189781011262, "initialConfidence": 35.0, "updatedScore": 1064.229117327853, "updatedConfidence": 35.0, "teamId": 99999}, {"id": 42768541, "state": 2, "submissionId": 19581343, "reward": 12713, "index": 2, "initialScore": 1085.1150189943887, "initialConfidence": 36.008088154121374, "updatedScore": 1089.5735407608372, "updatedConfidence": 35.71706970568374, "teamId": 99999}, {"id": 42768542, "state": 2, "submissionId": 19479057, "reward": 12709, "index": 3, "initialScore": 1038.8128725849872, "initialConfidence": 35.0, "updatedScore": 1041.009232418281, "updatedConfidence": 35.0, "teamId": 99999}]}