{"id": 19425129, "competitionId": 25401, "createTime": {"seconds": 1614179517}, "endTime": {"seconds": 1614179517}, "agents": [{"id": 42756705, "state": 2, "submissionId": 19336254, "reward": 2603, "index": 0, "initialScore": 757.6412818191934, "initialConfidence": 35.0, "updatedScore": 752.7165814922689, "updatedConfidence": 35.0, "teamId": 99999}, {"id": 42756706, "state": 2, "submissionId": 19719024, "reward": 5713, "index": 1, "initialScore": 715.3934595267378, "initialConfidence": 185.0, "updatedScore": 812.4971495477181, "updatedConfidence": 170.0, "teamId": 99999}, {"id": 42756707, "state": 2, "submissionId": 19328524, "reward": 5711, "index": 2, "initialScore": 674.2382881556446, "initialConfidence": 35.0, "updatedScore": 676.9453344053334, "updatedConfidence": 35.0, "teamId": 99999}, {"id": 42756708, "state": 2, "submissionId": 19687568, "reward": 4001, "index": 3, "initialScore": 724.1558107523966, "initialConfidence": 54.169658923023945, "updatedScore": 721.1425677687977, "updatedConfidence": 53.22509378137393, "teamId": 99999}]}