{"id": 19425491, "competitionId": 25401, "createTime": {"seconds": 1614182157}, "endTime": {"seconds": 1614182157}, "agents": [{"id": 42757883, "state": 2, "submissionId": 19719024, "reward": 20021, "index": 0, "initialScore": 1116.1932241932711, "initialConfidence": 81.81778064694596, "updatedScore": 1120.3634319918224, "updatedConfidence": 78.75739527482081, "teamId": 99999}, {"id": 42757884, "state": 2, "submissionId": 19594079, "reward": 12914, "index": 1, "initialScore": 1085.0605589935012, "initialConfidence": 37.94173612507559, "updatedScore": 1083.2769853287366, "updatedConfidence": 37.61956022687373, "teamId": 99999}, {"id": 42757885, "state": 2, "submissionId": 19701978, "reward": 20025, "index": 2, "initialScore": 1110.1484632968927, "initialConfidence": 57.30816884148893, "updatedScore": 1120.098829584728, "updatedConfidence": 56.214892269969646, "teamId": 99999}, {"id": 42757886, "state": 2, "submissionId": 19506765, "reward": 9509, "index": 3, "initialScore": 1004.1902599173582, "initialConfidence": 35.0, "updatedScore": 1001.233416934816, "updatedConfidence": 35.0, "teamId": 99999}]}