{"id": 19428404, "competitionId": 25401, "createTime": {"seconds": 1614203656}, "endTime": {"seconds": 1614203656}, "agents": [{"id": 42767363, "state": 2, "submissionId": 19330806, "reward": 1804, "index": 0, "initialScore": 627.2827229265652, "initialConfidence": 35.0, "updatedScore": 628.0008054106913, "updatedConfidence": 35.0, "teamId": 99999}, {"id": 42767364, "state": 2, "submissionId": 19310505, "reward": 301, "index": 1, "initialScore": 646.3183089462417, "initialConfidence": 35.0, "updatedScore": 642.0798747999088, "updatedConfidence": 35.0, "teamId": 99999}, {"id": 42767365, "state": 2, "submissionId": 19690265, "reward": 1804, "index": 2, "initialScore": 664.304497405609, "initialConfidence": 51.07720492022661, "updatedScore": 663.8200168020089, "updatedConfidence": 50.61434508214537, "teamId": 99999}, {"id": 42767366, "state": 2, "submissionId": 19722457, "reward": 1902, "index": 3, "initialScore": 600.0, "initialConfidence": 200.0, "updatedScore": 722.3784335660891, "updatedConfidence": 185.0, "teamId": 99999}]}