{"id": 19428407, "competitionId": 25401, "createTime": {"seconds": 1614203656}, "endTime": {"seconds": 1614203656}, "agents": [{"id": 42767375, "state": 2, "submissionId": 19722219, "reward": 20024, "index": 0, "initialScore": 1088.5785613299793, "initialConfidence": 96.36405500871558, "updatedScore": 1095.6937256654626, "updatedConfidence": 91.34038369711386, "teamId": 99999}, {"id": 42767376, "state": 2, "submissionId": 19637036, "reward": 8607, "index": 1, "initialScore": 1064.1091968987796, "initialConfidence": 40.55321689192409, "updatedScore": 1058.2142905246646, "updatedConfidence": 40.12833199789338, "teamId": 99999}, {"id": 42767377, "state": 2, "submissionId": 19600520, "reward": 8608, "index": 2, "initialScore": 1021.209735611166, "initialConfidence": 35.16315981950948, "updatedScore": 1020.6720617380478, "updatedConfidence": 35.0, "teamId": 99999}, {"id": 42767378, "state": 2, "submissionId": 19611446, "reward": 20030, "index": 3, "initialScore": 1081.972401726009, "initialConfidence": 37.21451233780378, "updatedScore": 1086.4777019439875, "updatedConfidence": 36.89999504564711, "teamId": 99999}]}