{"id": 19428636, "competitionId": 25401, "createTime": {"seconds": 1614205336}, "endTime": {"seconds": 1614205336}, "agents": [{"id": 42768121, "state": 2, "submissionId": 19346976, "reward": 12111, "index": 0, "initialScore": 830.4289281373412, "initialConfidence": 35.0, "updatedScore": 832.1579358610602, "updatedConfidence": 35.0, "teamId": 99999}, {"id": 42768122, "state": 2, "submissionId": 19377672, "reward": 9209, "index": 1, "initialScore": 752.1221634537321, "initialConfidence": 35.0, "updatedScore": 749.3010787005693, "updatedConfidence": 35.0, "teamId": 99999}, {"id": 42768123, "state": 2, "submissionId": 19415020, "reward": 10215, "index": 2, "initialScore": 818.6871141691157, "initialConfidence": 35.0, "updatedScore": 817.6425062456992, "updatedConfidence": 35.0, "teamId": 99999}, {"id": 42768124, "state": 2, "submissionId": 19722523, "reward": 12118, "index": 3, "initialScore": 962.147373989606, "initialConfidence": 140.0, "updatedScore": 996.3343332353702, "updatedConfidence": 129.66223362490874, "teamId": 99999}]}