{"id": 19428536, "competitionId": 25401, "createTime": {"seconds": 1614204616}, "endTime": {"seconds": 1614204616}, "agents": [{"id": 42767795, "state": 2, "submissionId": 19314499, "reward": 3201, "index": 0, "initialScore": 755.5528729889204, "initialConfidence": 35.0, "updatedScore": 751.0356383342894, "updatedConfidence": 35.0, "teamId": 99999}, {"id": 42767796, "state": 2, "submissionId": 19722523, "reward": 20029, "index": 1, "initialScore": 672.2383339161184, "initialConfidence": 185.0, "updatedScore": 790.6608977224179, "updatedConfidence": 170.0, "teamId": 99999}, {"id": 42767797, "state": 2, "submissionId": 19289984, "reward": 19903, "index": 2, "initialScore": 739.6709877202957, "initialConfidence": 35.0, "updatedScore": 741.462468210495, "updatedConfidence": 35.0, "teamId": 99999}, {"id": 42767798, "state": 2, "submissionId": 19450497, "reward": 6315, "index": 3, "initialScore": 755.0554802335747, "initialConfidence": 35.0, "updatedScore": 753.542588944019, "updatedConfidence": 35.0, "teamId": 99999}]}