{"id": 19428671, "competitionId": 25401, "createTime": {"seconds": 1614205577}, "endTime": {"seconds": 1614205577}, "agents": [{"id": 42768237, "state": 2, "submissionId": 19498562, "reward": 12714, "index": 0, "initialScore": 1046.586491749386, "initialConfidence": 35.0, "updatedScore": 1042.318532651471, "updatedConfidence": 35.0, "teamId": 99999}, {"id": 42768238, "state": 2, "submissionId": 19563870, "reward": 18514, "index": 1, "initialScore": 988.7551530772492, "initialConfidence": 35.0, "updatedScore": 988.6562186636896, "updatedConfidence": 35.0, "teamId": 99999}, {"id": 42768239, "state": 2, "submissionId": 19476004, "reward": 18618, "index": 2, "initialScore": 1056.5787410232408, "initialConfidence": 35.0, "updatedScore": 1060.9172454193538, "updatedConfidence": 35.0, "teamId": 99999}, {"id": 42768240, "state": 2, "submissionId": 19722457, "reward": 18515, "index": 3, "initialScore": 1133.9895260767662, "initialConfidence": 100.75632344815156, "updatedScore": 1134.224792740949, "updatedConfidence": 95.36543930451666, "teamId": 99999}]}