{"id": 19427621, "competitionId": 25401, "createTime": {"seconds": 1614197757}, "endTime": {"seconds": 1614197757}, "agents": [{"id": 42764815, "state": 2, "submissionId": 19565287, "reward": 20008, "index": 0, "initialScore": 1031.458806050275, "initialConfidence": 35.0, "updatedScore": 1030.369500430964, "updatedConfidence": 35.0, "teamId": 99999}, {"id": 42764816, "state": 2, "submissionId": 19716078, "reward": 11211, "index": 1, "initialScore": 1121.8164212723157, "initialConfidence": 72.90982304556117, "updatedScore": 1097.078520916313, "updatedConfidence": 70.33571542692356, "teamId": 99999}, {"id": 42764817, "state": 2, "submissionId": 19721626, "reward": 20024, "index": 2, "initialScore": 1075.6493228489933, "initialConfidence": 101.0720683949342, "updatedScore": 1105.6365043635792, "updatedConfidence": 95.65784497873771, "teamId": 99999}, {"id": 42764818, "state": 2, "submissionId": 19707654, "reward": 20018, "index": 3, "initialScore": 963.2252650346084, "initialConfidence": 59.961195938454814, "updatedScore": 972.599790479056, "updatedConfidence": 58.61530199520047, "teamId": 99999}]}