{"id": 19425389, "competitionId": 25401, "createTime": {"seconds": 1614181438}, "endTime": {"seconds": 1614181438}, "agents": [{"id": 42757551, "state": 2, "submissionId": 19688927, "reward": 7007, "index": 0, "initialScore": 992.7002556657228, "initialConfidence": 49.70990946854195, "updatedScore": 985.3978781284044, "updatedConfidence": 48.997629964028526, "teamId": 99999}, {"id": 42757552, "state": 2, "submissionId": 19579184, "reward": 8209, "index": 1, "initialScore": 1062.3998903411918, "initialConfidence": 35.0, "updatedScore": 1060.2988164226952, "updatedConfidence": 35.0, "teamId": 99999}, {"id": 42757553, "state": 2, "submissionId": 19515273, "reward": 17829, "index": 2, "initialScore": 1021.8549731862754, "initialConfidence": 35.0, "updatedScore": 1023.5975872224172, "updatedConfidence": 35.0, "teamId": 99999}, {"id": 42757554, "state": 2, "submissionId": 19719024, "reward": 17921, "index": 3, "initialScore": 1038.9205108757271, "initialConfidence": 94.3944188174742, "updatedScore": 1067.8590668910492, "updatedConfidence": 89.54291954624122, "teamId": 99999}]}