{"id": 19429136, "competitionId": 25401, "createTime": {"seconds": 1614208936}, "endTime": {"seconds": 1614208936}, "agents": [{"id": 42769753, "state": 2, "submissionId": 19514869, "reward": 19611, "index": 0, "initialScore": 1074.5316553851972, "initialConfidence": 35.0, "updatedScore": 1074.1014812792796, "updatedConfidence": 35.0, "teamId": 99999}, {"id": 42769754, "state": 2, "submissionId": 19482778, "reward": 13412, "index": 1, "initialScore": 1085.1588820663892, "initialConfidence": 35.0, "updatedScore": 1081.5241202742068, "updatedConfidence": 35.0, "teamId": 99999}, {"id": 42769755, "state": 2, "submissionId": 19711076, "reward": 20020, "index": 2, "initialScore": 1150.5943163338268, "initialConfidence": 66.45456851304645, "updatedScore": 1154.1952436052195, "updatedConfidence": 64.79873654222104, "teamId": 99999}, {"id": 42769756, "state": 2, "submissionId": 19708538, "reward": 20021, "index": 3, "initialScore": 1192.8188751855364, "initialConfidence": 61.48640433660279, "updatedScore": 1202.2813833249245, "updatedConfidence": 60.24544995120377, "teamId": 99999}]}