{"id": 19428768, "competitionId": 25401, "createTime": {"seconds": 1614206296}, "endTime": {"seconds": 1614206296}, "agents": [{"id": 42768551, "state": 2, "submissionId": 19515065, "reward": 17503, "index": 0, "initialScore": 1073.595688549184, "initialConfidence": 35.0, "updatedScore": 1069.175780561068, "updatedConfidence": 35.0, "teamId": 99999}, {"id": 42768552, "state": 2, "submissionId": 19722457, "reward": 20021, "index": 1, "initialScore": 1141.1757636311047, "initialConfidence": 86.17459184824139, "updatedScore": 1159.6550424543173, "updatedConfidence": 82.84744663337638, "teamId": 99999}, {"id": 42768553, "state": 2, "submissionId": 19578481, "reward": 20015, "index": 2, "initialScore": 1056.6057476668163, "initialConfidence": 35.0, "updatedScore": 1058.5384324530123, "updatedConfidence": 35.0, "teamId": 99999}, {"id": 42768554, "state": 2, "submissionId": 19530262, "reward": 17513, "index": 3, "initialScore": 1032.2565329886854, "initialConfidence": 35.0, "updatedScore": 1031.6954215819087, "updatedConfidence": 35.0, "teamId": 99999}]}