{"id": 19428469, "competitionId": 25401, "createTime": {"seconds": 1614204136}, "endTime": {"seconds": 1614204136}, "agents": [{"id": 42767575, "state": 2, "submissionId": 19648349, "reward": 13619, "index": 0, "initialScore": 858.8979973904316, "initialConfidence": 40.40567457602901, "updatedScore": 861.2757023461236, "updatedConfidence": 40.0200302565322, "teamId": 99999}, {"id": 42767576, "state": 2, "submissionId": 19716705, "reward": 6707, "index": 1, "initialScore": 845.8559571343048, "initialConfidence": 66.51471597194431, "updatedScore": 832.1358295955642, "updatedConfidence": 64.920330350595, "teamId": 99999}, {"id": 42767577, "state": 2, "submissionId": 19722457, "reward": 13720, "index": 2, "initialScore": 834.3632620882345, "initialConfidence": 170.0, "updatedScore": 925.7791272134104, "updatedConfidence": 155.0, "teamId": 99999}, {"id": 42767578, "state": 2, "submissionId": 19344481, "reward": 7912, "index": 3, "initialScore": 892.6494942415724, "initialConfidence": 35.0, "updatedScore": 890.7894486480877, "updatedConfidence": 35.0, "teamId": 99999}]}