{"id": 19427717, "competitionId": 25401, "createTime": {"seconds": 1614198616}, "endTime": {"seconds": 1614198616}, "agents": [{"id": 42765127, "state": 2, "submissionId": 19650898, "reward": 12316, "index": 0, "initialScore": 1072.196871760131, "initialConfidence": 42.9165233763769, "updatedScore": 1074.6674493925916, "updatedConfidence": 42.43616838317566, "teamId": 99999}, {"id": 42765128, "state": 2, "submissionId": 19463891, "reward": 6810, "index": 1, "initialScore": 1066.6309792816255, "initialConfidence": 35.0, "updatedScore": 1065.4146625282308, "updatedConfidence": 35.0, "teamId": 99999}, {"id": 42765129, "state": 2, "submissionId": 19517641, "reward": 6807, "index": 2, "initialScore": 1037.6985063579964, "initialConfidence": 35.0, "updatedScore": 1034.0710548544405, "updatedConfidence": 35.0, "teamId": 99999}, {"id": 42765130, "state": 2, "submissionId": 19721626, "reward": 12320, "index": 3, "initialScore": 1133.2361830300658, "initialConfidence": 86.70100541980261, "updatedScore": 1152.8761967684022, "updatedConfidence": 83.24138205733341, "teamId": 99999}]}