{"id": 19420418, "competitionId": 25401, "createTime": {"seconds": 1614144826}, "endTime": {"seconds": 1614144826}, "agents": [{"id": 42741383, "state": 2, "submissionId": 19542264, "reward": 19818, "index": 0, "initialScore": 1020.6734945676048, "initialConfidence": 35.0, "updatedScore": 1023.3651985665016, "updatedConfidence": 35.0, "teamId": 99999}, {"id": 42741384, "state": 2, "submissionId": 19643615, "reward": 8611, "index": 1, "initialScore": 1074.7168015791167, "initialConfidence": 43.53427497294134, "updatedScore": 1067.8913992717191, "updatedConfidence": 42.99238861390712, "teamId": 99999}, {"id": 42741385, "state": 2, "submissionId": 19637036, "reward": 19809, "index": 2, "initialScore": 1084.5890447820436, "initialConfidence": 42.85362977072651, "updatedScore": 1082.085069251503, "updatedConfidence": 42.331069419091776, "teamId": 99999}, {"id": 42741386, "state": 2, "submissionId": 19517799, "reward": 19919, "index": 3, "initialScore": 1131.0815819281834, "initialConfidence": 35.0, "updatedScore": 1134.4718210387507, "updatedConfidence": 35.0, "teamId": 99999}]}