{"id": 19424052, "competitionId": 25401, "createTime": {"seconds": 1614171707}, "endTime": {"seconds": 1614171707}, "agents": [{"id": 42753191, "state": 2, "submissionId": 19519164, "reward": 6408, "index": 0, "initialScore": 1141.2014904134514, "initialConfidence": 35.0, "updatedScore": 1135.2990116647204, "updatedConfidence": 35.0, "teamId": 99999}, {"id": 42753192, "state": 2, "submissionId": 19591564, "reward": 12219, "index": 1, "initialScore": 1044.8387317262964, "initialConfidence": 36.46215434027668, "updatedScore": 1050.5978441525442, "updatedConfidence": 36.11364793311508, "teamId": 99999}, {"id": 42753193, "state": 2, "submissionId": 19529448, "reward": 12215, "index": 2, "initialScore": 1073.8929134551618, "initialConfidence": 35.0, "updatedScore": 1075.550591550719, "updatedConfidence": 35.0, "teamId": 99999}, {"id": 42753194, "state": 2, "submissionId": 19517788, "reward": 6410, "index": 3, "initialScore": 1061.714666328461, "initialConfidence": 35.0, "updatedScore": 1060.6529813178242, "updatedConfidence": 35.0, "teamId": 99999}]}