{"id": 19428538, "competitionId": 25401, "createTime": {"seconds": 1614204616}, "endTime": {"seconds": 1614204616}, "agents": [{"id": 42767803, "state": 2, "submissionId": 19514641, "reward": 18726, "index": 0, "initialScore": 1050.5420118020963, "initialConfidence": 35.0, "updatedScore": 1048.7705512687369, "updatedConfidence": 35.0, "teamId": 99999}, {"id": 42767804, "state": 2, "submissionId": 19579576, "reward": 7812, "index": 1, "initialScore": 1035.2127192320245, "initialConfidence": 35.0, "updatedScore": 1030.7629019302096, "updatedConfidence": 35.0, "teamId": 99999}, {"id": 42767805, "state": 2, "submissionId": 19693402, "reward": 20015, "index": 2, "initialScore": 998.5672233981628, "initialConfidence": 50.4010997735813, "updatedScore": 1003.2150067766796, "updatedConfidence": 49.60243610199333, "teamId": 99999}, {"id": 42767806, "state": 2, "submissionId": 19722457, "reward": 20020, "index": 3, "initialScore": 1013.5487590126452, "initialConfidence": 140.0, "updatedScore": 1077.2282433609073, "updatedConfidence": 125.84056491677924, "teamId": 99999}]}