{"id": 19424225, "competitionId": 25401, "createTime": {"seconds": 1614172908}, "endTime": {"seconds": 1614172908}, "agents": [{"id": 42753763, "state": 2, "submissionId": 19517799, "reward": 10211, "index": 0, "initialScore": 1135.1444804236344, "initialConfidence": 35.0, "updatedScore": 1130.150607640249, "updatedConfidence": 35.0, "teamId": 99999}, {"id": 42753764, "state": 2, "submissionId": 19703409, "reward": 14611, "index": 1, "initialScore": 1116.7059605365127, "initialConfidence": 63.20130558439257, "updatedScore": 1111.5295841519794, "updatedConfidence": 61.56644234532091, "teamId": 99999}, {"id": 42753765, "state": 2, "submissionId": 19708538, "reward": 20021, "index": 2, "initialScore": 1167.5333935307756, "initialConfidence": 64.51895595393523, "updatedScore": 1178.641532524425, "updatedConfidence": 63.04809434777642, "teamId": 99999}, {"id": 42753766, "state": 2, "submissionId": 19574183, "reward": 20011, "index": 3, "initialScore": 1024.5077017363865, "initialConfidence": 35.0, "updatedScore": 1027.8201520162413, "updatedConfidence": 35.0, "teamId": 99999}]}