{"id": 19427525, "competitionId": 25401, "createTime": {"seconds": 1614197038}, "endTime": {"seconds": 1614197038}, "agents": [{"id": 42764503, "state": 2, "submissionId": 19721626, "reward": 20027, "index": 0, "initialScore": 946.3488887086762, "initialConfidence": 127.36716694485828, "updatedScore": 997.9785592878042, "updatedConfidence": 116.39536315852996, "teamId": 99999}, {"id": 42764504, "state": 2, "submissionId": 19482142, "reward": 20016, "index": 1, "initialScore": 986.6677805147892, "initialConfidence": 35.0, "updatedScore": 987.526357108992, "updatedConfidence": 35.0, "teamId": 99999}, {"id": 42764505, "state": 2, "submissionId": 19540780, "reward": 13812, "index": 2, "initialScore": 913.3534540191836, "initialConfidence": 35.0, "updatedScore": 912.6700700591977, "updatedConfidence": 35.0, "teamId": 99999}, {"id": 42764506, "state": 2, "submissionId": 19611630, "reward": 9112, "index": 3, "initialScore": 933.1058343079156, "initialConfidence": 35.0, "updatedScore": 929.031935864906, "updatedConfidence": 35.0, "teamId": 99999}]}