{"id": 19420446, "competitionId": 25401, "createTime": {"seconds": 1614145067}, "endTime": {"seconds": 1614145067}, "agents": [{"id": 42741471, "state": 2, "submissionId": 19708538, "reward": 17121, "index": 0, "initialScore": 1147.9819148021888, "initialConfidence": 67.44957952120131, "updatedScore": 1158.546246191931, "updatedConfidence": 65.85738267946509, "teamId": 99999}, {"id": 42741472, "state": 2, "submissionId": 19500372, "reward": 17012, "index": 1, "initialScore": 1046.2860037497162, "initialConfidence": 35.0, "updatedScore": 1048.225831809889, "updatedConfidence": 35.0, "teamId": 99999}, {"id": 42741473, "state": 2, "submissionId": 19524112, "reward": 11218, "index": 2, "initialScore": 1059.9270668597962, "initialConfidence": 35.0, "updatedScore": 1055.581682253368, "updatedConfidence": 35.0, "teamId": 99999}, {"id": 42741474, "state": 2, "submissionId": 19548604, "reward": 11712, "index": 3, "initialScore": 1016.2873141133936, "initialConfidence": 35.0, "updatedScore": 1015.8482811019074, "updatedConfidence": 35.0, "teamId": 99999}]}