{"id": 19428734, "competitionId": 25401, "createTime": {"seconds": 1614206056}, "endTime": {"seconds": 1614206056}, "agents": [{"id": 42768439, "state": 2, "submissionId": 19459891, "reward": 15215, "index": 0, "initialScore": 1065.1133837772563, "initialConfidence": 35.0, "updatedScore": 1063.9732910625028, "updatedConfidence": 35.0, "teamId": 99999}, {"id": 42768440, "state": 2, "submissionId": 19722523, "reward": 20023, "index": 1, "initialScore": 1086.571968086879, "initialConfidence": 110.219064076151, "updatedScore": 1124.8558571304238, "updatedConfidence": 102.81828289843736, "teamId": 99999}, {"id": 42768441, "state": 2, "submissionId": 19458153, "reward": 20021, "index": 2, "initialScore": 1082.059891375843, "initialConfidence": 35.0, "updatedScore": 1083.5646842600145, "updatedConfidence": 35.0, "teamId": 99999}, {"id": 42768442, "state": 2, "submissionId": 19628174, "reward": 11118, "index": 3, "initialScore": 1069.960627766088, "initialConfidence": 37.31520028584284, "updatedScore": 1065.1580067605148, "updatedConfidence": 36.99135051641579, "teamId": 99999}]}