{"id": 19427685, "competitionId": 25401, "createTime": {"seconds": 1614198376}, "endTime": {"seconds": 1614198376}, "agents": [{"id": 42765023, "state": 2, "submissionId": 19721626, "reward": 14719, "index": 0, "initialScore": 1109.6939099616966, "initialConfidence": 90.82621965288632, "updatedScore": 1133.2361830300658, "updatedConfidence": 86.70100541980261, "teamId": 99999}, {"id": 42765024, "state": 2, "submissionId": 19482778, "reward": 7509, "index": 1, "initialScore": 1085.2936011752606, "initialConfidence": 35.0, "updatedScore": 1080.5616101820915, "updatedConfidence": 35.0, "teamId": 99999}, {"id": 42765025, "state": 2, "submissionId": 19537603, "reward": 14714, "index": 2, "initialScore": 1064.730883608839, "initialConfidence": 35.0, "updatedScore": 1066.4434899593616, "updatedConfidence": 35.0, "teamId": 99999}, {"id": 42765026, "state": 2, "submissionId": 19590154, "reward": 14515, "index": 3, "initialScore": 1025.8711269578753, "initialConfidence": 35.0, "updatedScore": 1025.3945874242052, "updatedConfidence": 35.0, "teamId": 99999}]}