{"id": 19420682, "competitionId": 25401, "createTime": {"seconds": 1614146746}, "endTime": {"seconds": 1614146746}, "agents": [{"id": 42742247, "state": 2, "submissionId": 19639153, "reward": 8809, "index": 0, "initialScore": 1106.8911970511274, "initialConfidence": 41.5310838108286, "updatedScore": 1100.2158271480685, "updatedConfidence": 41.05479436420381, "teamId": 99999}, {"id": 42742248, "state": 2, "submissionId": 19711076, "reward": 16021, "index": 1, "initialScore": 1146.8662338478368, "initialConfidence": 74.66476476509848, "updatedScore": 1148.6680776597923, "updatedConfidence": 72.21286455711038, "teamId": 99999}, {"id": 42742249, "state": 2, "submissionId": 19645104, "reward": 16112, "index": 2, "initialScore": 1079.29434444369, "initialConfidence": 43.32249066561363, "updatedScore": 1086.46502436776, "updatedConfidence": 42.786543664138165, "teamId": 99999}, {"id": 42742250, "state": 2, "submissionId": 19458254, "reward": 16020, "index": 3, "initialScore": 1038.7732357361572, "initialConfidence": 35.0, "updatedScore": 1038.4379915579989, "updatedConfidence": 35.0, "teamId": 99999}]}