{"id": 19422682, "competitionId": 25401, "createTime": {"seconds": 1614161626}, "endTime": {"seconds": 1614161626}, "agents": [{"id": 42748731, "state": 2, "submissionId": 19483589, "reward": 20008, "index": 0, "initialScore": 1133.3418740469986, "initialConfidence": 35.0, "updatedScore": 1135.5148880577403, "updatedConfidence": 35.0, "teamId": 99999}, {"id": 42748732, "state": 2, "submissionId": 19517806, "reward": 11011, "index": 1, "initialScore": 1101.438047576201, "initialConfidence": 35.0, "updatedScore": 1098.2495155911074, "updatedConfidence": 35.0, "teamId": 99999}, {"id": 42748733, "state": 2, "submissionId": 19652367, "reward": 17323, "index": 2, "initialScore": 1189.3906632652008, "initialConfidence": 48.6195962023775, "updatedScore": 1185.666169951052, "updatedConfidence": 47.91692316465683, "teamId": 99999}, {"id": 42748734, "state": 2, "submissionId": 19711300, "reward": 20021, "index": 3, "initialScore": 1239.5374845185124, "initialConfidence": 74.32243290496363, "updatedScore": 1252.8200106821362, "updatedConfidence": 72.19968100644986, "teamId": 99999}]}