{"id": 19425225, "competitionId": 25401, "createTime": {"seconds": 1614180237}, "endTime": {"seconds": 1614180237}, "agents": [{"id": 42757017, "state": 2, "submissionId": 19672706, "reward": 20004, "index": 0, "initialScore": 788.9940410242864, "initialConfidence": 42.84298511828364, "updatedScore": 792.1798472224488, "updatedConfidence": 42.37473644358179, "teamId": 99999}, {"id": 42757018, "state": 2, "submissionId": 19438042, "reward": 5907, "index": 1, "initialScore": 816.4028699398322, "initialConfidence": 35.0, "updatedScore": 812.0095414372768, "updatedConfidence": 35.0, "teamId": 99999}, {"id": 42757019, "state": 2, "submissionId": 19719024, "reward": 20029, "index": 2, "initialScore": 865.7095493179255, "initialConfidence": 140.0, "updatedScore": 914.2759269393314, "updatedConfidence": 127.50030377278594, "teamId": 99999}, {"id": 42757020, "state": 2, "submissionId": 19396900, "reward": 10214, "index": 3, "initialScore": 785.3657244565144, "initialConfidence": 35.0, "updatedScore": 784.5974941024728, "updatedConfidence": 35.0, "teamId": 99999}]}