{"id": 19428572, "competitionId": 25401, "createTime": {"seconds": 1614204857}, "endTime": {"seconds": 1614204857}, "agents": [{"id": 42767915, "state": 2, "submissionId": 19705961, "reward": 13316, "index": 0, "initialScore": 1073.8918611543004, "initialConfidence": 56.80779517805323, "updatedScore": 1077.213316146808, "updatedConfidence": 55.76432082402077, "teamId": 99999}, {"id": 42767916, "state": 2, "submissionId": 19688340, "reward": 7406, "index": 1, "initialScore": 1046.8861227088553, "initialConfidence": 48.591205480100086, "updatedScore": 1039.0124522728097, "updatedConfidence": 47.91228513428708, "teamId": 99999}, {"id": 42767917, "state": 2, "submissionId": 19499135, "reward": 7412, "index": 2, "initialScore": 1025.4888357092912, "initialConfidence": 35.0, "updatedScore": 1024.7628319949054, "updatedConfidence": 35.0, "teamId": 99999}, {"id": 42767918, "state": 2, "submissionId": 19722457, "reward": 13320, "index": 3, "initialScore": 1077.2282433609073, "initialConfidence": 125.84056491677924, "updatedScore": 1123.1231466049153, "updatedConfidence": 115.78882527508216, "teamId": 99999}]}