{"id": 19427357, "competitionId": 25401, "createTime": {"seconds": 1614195837}, "endTime": {"seconds": 1614195837}, "agents": [{"id": 42763957, "state": 2, "submissionId": 19721626, "reward": 9621, "index": 0, "initialScore": 600.0, "initialConfidence": 200.0, "updatedScore": 695.2041627670981, "updatedConfidence": 185.0, "teamId": 99999}, {"id": 42763958, "state": 2, "submissionId": 19459371, "reward": 8805, "index": 1, "initialScore": 600.5316068364081, "initialConfidence": 35.0, "updatedScore": 598.5951486275832, "updatedConfidence": 35.0, "teamId": 99999}, {"id": 42763959, "state": 2, "submissionId": 19330136, "reward": 9506, "index": 2, "initialScore": 507.9666149149769, "initialConfidence": 35.0, "updatedScore": 510.87202159571183, "updatedConfidence": 35.0, "teamId": 99999}, {"id": 42763960, "state": 2, "submissionId": 19292517, "reward": 1001, "index": 3, "initialScore": 546.611114952077, "initialConfidence": 35.0, "updatedScore": 542.7265389954246, "updatedConfidence": 35.0, "teamId": 99999}]}