{"id": 19428832, "competitionId": 25401, "createTime": {"seconds": 1614206777}, "endTime": {"seconds": 1614206777}, "agents": [{"id": 42768759, "state": 2, "submissionId": 19492496, "reward": 14312, "index": 0, "initialScore": 1087.0179933542383, "initialConfidence": 35.0, "updatedScore": 1085.9575660023684, "updatedConfidence": 35.0, "teamId": 99999}, {"id": 42768760, "state": 2, "submissionId": 19537041, "reward": 14110, "index": 1, "initialScore": 1086.0448466439705, "initialConfidence": 35.0, "updatedScore": 1082.010081332685, "updatedConfidence": 35.0, "teamId": 99999}, {"id": 42768761, "state": 2, "submissionId": 19722457, "reward": 15616, "index": 2, "initialScore": 1175.3444412422814, "initialConfidence": 80.08573020686893, "updatedScore": 1181.9953214759814, "updatedConfidence": 78.1510909052336, "teamId": 99999}, {"id": 42768762, "state": 2, "submissionId": 19699440, "reward": 15616, "index": 3, "initialScore": 1074.235353617188, "initialConfidence": 55.57693440730999, "updatedScore": 1083.8796998013063, "updatedConfidence": 54.77090156983819, "teamId": 99999}]}