{"id": 19427557, "competitionId": 25401, "createTime": {"seconds": 1614197277}, "endTime": {"seconds": 1614197277}, "agents": [{"id": 42764607, "state": 2, "submissionId": 19666748, "reward": 8407, "index": 0, "initialScore": 902.5858393213298, "initialConfidence": 44.58133952892352, "updatedScore": 898.0559138006847, "updatedConfidence": 44.13591305526178, "teamId": 99999}, {"id": 42764608, "state": 2, "submissionId": 19558720, "reward": 13617, "index": 1, "initialScore": 1035.4420183887685, "initialConfidence": 35.0, "updatedScore": 1033.101038349768, "updatedConfidence": 35.0, "teamId": 99999}, {"id": 42764609, "state": 2, "submissionId": 19721626, "reward": 20022, "index": 2, "initialScore": 997.9785592878042, "initialConfidence": 116.39536315852996, "updatedScore": 1039.93297965086, "updatedConfidence": 107.97029751978702, "teamId": 99999}, {"id": 42764610, "state": 2, "submissionId": 19442760, "reward": 20014, "index": 3, "initialScore": 1001.1639635880008, "initialConfidence": 35.0, "updatedScore": 1002.5034583762264, "updatedConfidence": 35.0, "teamId": 99999}]}