{"id": 19427653, "competitionId": 25401, "createTime": {"seconds": 1614198137}, "endTime": {"seconds": 1614198137}, "agents": [{"id": 42764919, "state": 2, "submissionId": 19575058, "reward": 20021, "index": 0, "initialScore": 1069.9857627577603, "initialConfidence": 35.0, "updatedScore": 1074.111120194944, "updatedConfidence": 35.0, "teamId": 99999}, {"id": 42764920, "state": 2, "submissionId": 19553474, "reward": 20014, "index": 1, "initialScore": 1058.59554629757, "initialConfidence": 35.0, "updatedScore": 1057.1756070101856, "updatedConfidence": 35.0, "teamId": 99999}, {"id": 42764921, "state": 2, "submissionId": 19721626, "reward": 20018, "index": 2, "initialScore": 1105.6365043635792, "initialConfidence": 95.65784497873771, "updatedScore": 1109.6939099616966, "updatedConfidence": 90.82621965288632, "teamId": 99999}, {"id": 42764922, "state": 2, "submissionId": 19552701, "reward": 20007, "index": 3, "initialScore": 999.3303909214908, "initialConfidence": 35.0, "updatedScore": 996.081793326163, "updatedConfidence": 35.0, "teamId": 99999}]}