{"id": 19428844, "competitionId": 25401, "createTime": {"seconds": 1614206777}, "endTime": {"seconds": 1614206777}, "agents": [{"id": 42768807, "state": 2, "submissionId": 19647605, "reward": 13715, "index": 0, "initialScore": 1016.8194218115624, "initialConfidence": 38.42756576751259, "updatedScore": 1016.4045210077918, "updatedConfidence": 38.09495598275652, "teamId": 99999}, {"id": 42768808, "state": 2, "submissionId": 19519164, "reward": 20019, "index": 1, "initialScore": 1139.3494505963215, "initialConfidence": 35.0, "updatedScore": 1139.5642776685931, "updatedConfidence": 35.0, "teamId": 99999}, {"id": 42768809, "state": 2, "submissionId": 19703409, "reward": 20024, "index": 2, "initialScore": 1103.4886195926329, "initialConfidence": 60.13900042190582, "updatedScore": 1114.7420216101605, "updatedConfidence": 58.832627993876606, "teamId": 99999}, {"id": 42768810, "state": 2, "submissionId": 19568097, "reward": 10812, "index": 3, "initialScore": 1034.296863926437, "initialConfidence": 35.0, "updatedScore": 1030.6146222759742, "updatedConfidence": 35.0, "teamId": 99999}]}