{"id": 19428930, "competitionId": 25401, "createTime": {"seconds": 1614207496}, "endTime": {"seconds": 1614207496}, "agents": [{"id": 42769075, "state": 2, "submissionId": 19528944, "reward": 17109, "index": 0, "initialScore": 1068.7757881526768, "initialConfidence": 35.0, "updatedScore": 1067.5304915990048, "updatedConfidence": 35.0, "teamId": 99999}, {"id": 42769076, "state": 2, "submissionId": 19722523, "reward": 17218, "index": 1, "initialScore": 1141.5513857998455, "initialConfidence": 79.85350422581247, "updatedScore": 1157.7875932027737, "updatedConfidence": 77.1406413614414, "teamId": 99999}, {"id": 42769077, "state": 2, "submissionId": 19591842, "reward": 7511, "index": 2, "initialScore": 1041.7498549277752, "initialConfidence": 35.0, "updatedScore": 1038.0606443826343, "updatedConfidence": 35.0, "teamId": 99999}, {"id": 42769078, "state": 2, "submissionId": 19591036, "reward": 17127, "index": 3, "initialScore": 1065.555395232496, "initialConfidence": 35.0, "updatedScore": 1067.370777753153, "updatedConfidence": 35.0, "teamId": 99999}]}