{"id": 19425323, "competitionId": 25401, "createTime": {"seconds": 1614180957}, "endTime": {"seconds": 1614180957}, "agents": [{"id": 42757337, "state": 2, "submissionId": 19689019, "reward": 17216, "index": 0, "initialScore": 965.974897285416, "initialConfidence": 50.17442903526415, "updatedScore": 965.5416279209576, "updatedConfidence": 49.39738314964704, "teamId": 99999}, {"id": 42757338, "state": 2, "submissionId": 19569131, "reward": 6812, "index": 1, "initialScore": 1070.8300916856438, "initialConfidence": 35.0, "updatedScore": 1065.4031857439556, "updatedConfidence": 35.0, "teamId": 99999}, {"id": 42757339, "state": 2, "submissionId": 19475976, "reward": 19920, "index": 2, "initialScore": 1030.069004936195, "initialConfidence": 35.0, "updatedScore": 1031.5211173445934, "updatedConfidence": 35.0, "teamId": 99999}, {"id": 42757340, "state": 2, "submissionId": 19719024, "reward": 19922, "index": 3, "initialScore": 1014.2641865411445, "initialConfidence": 107.61247794319794, "updatedScore": 1053.83264919406, "updatedConfidence": 100.4948518435742, "teamId": 99999}]}