{"id": 19428862, "competitionId": 25401, "createTime": {"seconds": 1614207016}, "endTime": {"seconds": 1614207016}, "agents": [{"id": 42768855, "state": 2, "submissionId": 19644486, "reward": 17416, "index": 0, "initialScore": 1081.5286207507113, "initialConfidence": 40.417103808668365, "updatedScore": 1079.3196590932037, "updatedConfidence": 40.00322104922149, "teamId": 99999}, {"id": 42768856, "state": 2, "submissionId": 19722523, "reward": 20019, "index": 1, "initialScore": 1156.184295642505, "initialConfidence": 87.26497504367867, "updatedScore": 1154.9998930897596, "updatedConfidence": 83.42767000199038, "teamId": 99999}, {"id": 42768857, "state": 2, "submissionId": 19613171, "reward": 5009, "index": 2, "initialScore": 1042.720792241125, "initialConfidence": 35.94099975008754, "updatedScore": 1038.6587741779272, "updatedConfidence": 35.6609133047426, "teamId": 99999}, {"id": 42768858, "state": 2, "submissionId": 19548604, "reward": 20021, "index": 3, "initialScore": 1013.4768009243328, "initialConfidence": 35.0, "updatedScore": 1019.1759375010682, "updatedConfidence": 35.0, "teamId": 99999}]}