{"id": 19427864, "competitionId": 25401, "createTime": {"seconds": 1614199577}, "endTime": {"seconds": 1614199577}, "agents": [{"id": 42765619, "state": 2, "submissionId": 19477534, "reward": 13018, "index": 0, "initialScore": 1097.3823105955817, "initialConfidence": 35.0, "updatedScore": 1093.40678227481, "updatedConfidence": 35.0, "teamId": 99999}, {"id": 42765620, "state": 2, "submissionId": 19533620, "reward": 20013, "index": 1, "initialScore": 1150.4647975587882, "initialConfidence": 35.0, "updatedScore": 1148.3622063855407, "updatedConfidence": 35.0, "teamId": 99999}, {"id": 42765621, "state": 2, "submissionId": 19570331, "reward": 20014, "index": 2, "initialScore": 1079.1286936331487, "initialConfidence": 35.0, "updatedScore": 1081.5601732641242, "updatedConfidence": 35.0, "teamId": 99999}, {"id": 42765622, "state": 2, "submissionId": 19719024, "reward": 20017, "index": 3, "initialScore": 1154.9985925899898, "initialConfidence": 73.53805969400577, "updatedScore": 1171.096933497778, "updatedConfidence": 71.23056778279796, "teamId": 99999}]}