{"id": 19426557, "competitionId": 25401, "createTime": {"seconds": 1614189837}, "endTime": {"seconds": 1614189837}, "agents": [{"id": 42761361, "state": 2, "submissionId": 19652367, "reward": 8910, "index": 0, "initialScore": 1187.953492856678, "initialConfidence": 47.18952009159601, "updatedScore": 1179.7115755838308, "updatedConfidence": 46.51446128134844, "teamId": 99999}, {"id": 42761362, "state": 2, "submissionId": 19537563, "reward": 12411, "index": 1, "initialScore": 1119.6833357265843, "initialConfidence": 35.0, "updatedScore": 1119.4953212035543, "updatedConfidence": 35.0, "teamId": 99999}, {"id": 42761363, "state": 2, "submissionId": 19711300, "reward": 19124, "index": 2, "initialScore": 1240.2130763291962, "initialConfidence": 69.80727427205629, "updatedScore": 1241.6168269597645, "updatedConfidence": 67.85588400170556, "teamId": 99999}, {"id": 42761364, "state": 2, "submissionId": 19708538, "reward": 19125, "index": 3, "initialScore": 1178.641532524425, "initialConfidence": 63.04809434777642, "updatedScore": 1192.8188751855364, "updatedConfidence": 61.48640433660279, "teamId": 99999}]}