{"id": 19428206, "competitionId": 25401, "createTime": {"seconds": 1614202216}, "endTime": {"seconds": 1614202216}, "agents": [{"id": 42766719, "state": 2, "submissionId": 19684561, "reward": 20023, "index": 0, "initialScore": 963.0888653042762, "initialConfidence": 47.85827972972749, "updatedScore": 968.3714645280684, "updatedConfidence": 47.356930810961785, "teamId": 99999}, {"id": 42766720, "state": 2, "submissionId": 19722219, "reward": 20023, "index": 1, "initialScore": 901.7860891805174, "initialConfidence": 155.0, "updatedScore": 969.2231636378892, "updatedConfidence": 141.91472679923558, "teamId": 99999}, {"id": 42766721, "state": 2, "submissionId": 19612501, "reward": 9513, "index": 2, "initialScore": 941.9923479618466, "initialConfidence": 35.0, "updatedScore": 938.1490386486032, "updatedConfidence": 35.0, "teamId": 99999}, {"id": 42766722, "state": 2, "submissionId": 19542264, "reward": 20011, "index": 3, "initialScore": 1021.3652686365408, "initialConfidence": 35.0, "updatedScore": 1018.944726440699, "updatedConfidence": 35.0, "teamId": 99999}]}