{"id": 19428502, "competitionId": 25401, "createTime": {"seconds": 1614204377}, "endTime": {"seconds": 1614204377}, "agents": [{"id": 42767683, "state": 2, "submissionId": 19722523, "reward": 1002, "index": 0, "initialScore": 600.0, "initialConfidence": 200.0, "updatedScore": 672.2383339161184, "updatedConfidence": 185.0, "teamId": 99999}, {"id": 42767684, "state": 2, "submissionId": 19662563, "reward": 301, "index": 1, "initialScore": 465.9442781710306, "initialConfidence": 47.63922317022188, "updatedScore": 461.6788803381425, "updatedConfidence": 47.29565729085141, "teamId": 99999}, {"id": 42767685, "state": 2, "submissionId": 19308820, "reward": 902, "index": 2, "initialScore": 484.4404323078386, "initialConfidence": 35.0, "updatedScore": 486.3212774423755, "updatedConfidence": 35.0, "teamId": 99999}, {"id": 42767686, "state": 2, "submissionId": 19551920, "reward": 301, "index": 3, "initialScore": 444.3830450204207, "initialConfidence": 35.0, "updatedScore": 442.59222411381967, "updatedConfidence": 35.0, "teamId": 99999}]}