{"id": 19425459, "competitionId": 25401, "createTime": {"seconds": 1614181917}, "endTime": {"seconds": 1614181917}, "agents": [{"id": 42757779, "state": 2, "submissionId": 19492496, "reward": 20010, "index": 0, "initialScore": 1088.925622705314, "initialConfidence": 35.0, "updatedScore": 1087.0179933542383, "updatedConfidence": 35.0, "teamId": 99999}, {"id": 42757780, "state": 2, "submissionId": 19703788, "reward": 20017, "index": 1, "initialScore": 1041.1300048935518, "initialConfidence": 52.26560233590405, "updatedScore": 1045.6455170266863, "updatedConfidence": 51.37088959911833, "teamId": 99999}, {"id": 42757781, "state": 2, "submissionId": 19719024, "reward": 20022, "index": 2, "initialScore": 1094.4148527130062, "initialConfidence": 85.317711040305, "updatedScore": 1116.1932241932711, "updatedConfidence": 81.81778064694596, "teamId": 99999}, {"id": 42757782, "state": 2, "submissionId": 19668405, "reward": 9614, "index": 3, "initialScore": 1036.0767624054347, "initialConfidence": 44.2506554375651, "updatedScore": 1030.030752741627, "updatedConfidence": 43.73543392530777, "teamId": 99999}]}