{"id": 19428440, "competitionId": 25401, "createTime": {"seconds": 1614203896}, "endTime": {"seconds": 1614203896}, "agents": [{"id": 42767483, "state": 2, "submissionId": 19440314, "reward": 19616, "index": 0, "initialScore": 1024.6465500219822, "initialConfidence": 35.0, "updatedScore": 1024.288437248682, "updatedConfidence": 35.0, "teamId": 99999}, {"id": 42767484, "state": 2, "submissionId": 19699757, "reward": 11418, "index": 1, "initialScore": 1078.2498376757949, "initialConfidence": 51.45722090778579, "updatedScore": 1068.801477146009, "updatedConfidence": 50.59909873614937, "teamId": 99999}, {"id": 42767485, "state": 2, "submissionId": 19722219, "reward": 20018, "index": 2, "initialScore": 1095.6937256654626, "initialConfidence": 91.34038369711386, "updatedScore": 1112.686523761033, "updatedConfidence": 88.5494031768535, "teamId": 99999}, {"id": 42767486, "state": 2, "submissionId": 19459423, "reward": 20018, "index": 3, "initialScore": 1111.8577523026513, "initialConfidence": 35.0, "updatedScore": 1114.0920297386156, "updatedConfidence": 35.0, "teamId": 99999}]}