{"id": 19428372, "competitionId": 25401, "createTime": {"seconds": 1614203416}, "endTime": {"seconds": 1614203416}, "agents": [{"id": 42767263, "state": 2, "submissionId": 19495029, "reward": 7810, "index": 0, "initialScore": 986.213674343686, "initialConfidence": 35.0, "updatedScore": 991.110082847378, "updatedConfidence": 35.0, "teamId": 99999}, {"id": 42767264, "state": 2, "submissionId": 19461288, "reward": 7711, "index": 1, "initialScore": 1038.5192457598444, "initialConfidence": 35.0, "updatedScore": 1036.5555157731274, "updatedConfidence": 35.0, "teamId": 99999}, {"id": 42767265, "state": 2, "submissionId": 19722219, "reward": 7714, "index": 2, "initialScore": 1088.2972907257083, "initialConfidence": 102.11581731966776, "updatedScore": 1088.5785613299793, "updatedConfidence": 96.36405500871558, "teamId": 99999}, {"id": 42767266, "state": 2, "submissionId": 19393649, "reward": 6209, "index": 3, "initialScore": 935.4602176066852, "initialConfidence": 35.0, "updatedScore": 932.4944964755254, "updatedConfidence": 35.0, "teamId": 99999}]}