{"id": 19428239, "competitionId": 25401, "createTime": {"seconds": 1614202456}, "endTime": {"seconds": 1614202456}, "agents": [{"id": 42766827, "state": 2, "submissionId": 19653132, "reward": 17715, "index": 0, "initialScore": 902.4466581516716, "initialConfidence": 38.677661735799504, "updatedScore": 904.009568079626, "updatedConfidence": 38.36958032824526, "teamId": 99999}, {"id": 42766828, "state": 2, "submissionId": 19722219, "reward": 17730, "index": 1, "initialScore": 969.2231636378892, "initialConfidence": 141.91472679923558, "updatedScore": 1012.0729783086256, "updatedConfidence": 130.0841766643323, "teamId": 99999}, {"id": 42766829, "state": 2, "submissionId": 19714593, "reward": 3004, "index": 2, "initialScore": 840.1805059321746, "initialConfidence": 64.11972876514918, "updatedScore": 828.6991251583584, "updatedConfidence": 62.7193482435483, "teamId": 99999}, {"id": 42766830, "state": 2, "submissionId": 19544394, "reward": 8407, "index": 3, "initialScore": 835.6967861033961, "initialConfidence": 35.0, "updatedScore": 835.2315807703169, "updatedConfidence": 35.0, "teamId": 99999}]}