{"id": 19428472, "competitionId": 25401, "createTime": {"seconds": 1614204136}, "endTime": {"seconds": 1614204136}, "agents": [{"id": 42767587, "state": 2, "submissionId": 19613348, "reward": 20017, "index": 0, "initialScore": 1125.4418181787505, "initialConfidence": 38.956487903070204, "updatedScore": 1126.9281500672394, "updatedConfidence": 38.59163941096156, "teamId": 99999}, {"id": 42767588, "state": 2, "submissionId": 19722219, "reward": 20022, "index": 1, "initialScore": 1112.686523761033, "initialConfidence": 88.5494031768535, "updatedScore": 1138.9004377785884, "updatedConfidence": 84.4616326529915, "teamId": 99999}, {"id": 42767589, "state": 2, "submissionId": 19703623, "reward": 14715, "index": 2, "initialScore": 1088.7743834570942, "initialConfidence": 59.51461949420954, "updatedScore": 1085.925633285345, "updatedConfidence": 58.23530359967698, "teamId": 99999}, {"id": 42767590, "state": 2, "submissionId": 19556071, "reward": 13809, "index": 3, "initialScore": 1105.8675720713106, "initialConfidence": 35.0, "updatedScore": 1101.5576569588036, "updatedConfidence": 35.0, "teamId": 99999}]}