{"id": 19427423, "competitionId": 25401, "createTime": {"seconds": 1614196318}, "endTime": {"seconds": 1614196318}, "agents": [{"id": 42764173, "state": 2, "submissionId": 19721626, "reward": 12921, "index": 0, "initialScore": 789.1495636222243, "initialConfidence": 170.0, "updatedScore": 877.8609472494666, "updatedConfidence": 155.0, "teamId": 99999}, {"id": 42764174, "state": 2, "submissionId": 19410872, "reward": 11908, "index": 1, "initialScore": 806.631980898424, "initialConfidence": 35.0, "updatedScore": 805.3919029641673, "updatedConfidence": 35.0, "teamId": 99999}, {"id": 42764175, "state": 2, "submissionId": 19311514, "reward": 12902, "index": 2, "initialScore": 809.4471010273755, "initialConfidence": 35.0, "updatedScore": 811.1452130620122, "updatedConfidence": 35.0, "teamId": 99999}, {"id": 42764176, "state": 2, "submissionId": 19323354, "reward": 9809, "index": 3, "initialScore": 805.8235871370899, "initialConfidence": 35.0, "updatedScore": 801.6052954262127, "updatedConfidence": 35.0, "teamId": 99999}]}