{"id": 19428669, "competitionId": 25401, "createTime": {"seconds": 1614205576}, "endTime": {"seconds": 1614205576}, "agents": [{"id": 42768229, "state": 2, "submissionId": 19595528, "reward": 16108, "index": 0, "initialScore": 955.078343506566, "initialConfidence": 36.17092494492012, "updatedScore": 950.9521396215024, "updatedConfidence": 35.89413190122363, "teamId": 99999}, {"id": 42768230, "state": 2, "submissionId": 19531105, "reward": 17018, "index": 1, "initialScore": 1026.6464476959673, "initialConfidence": 35.0, "updatedScore": 1024.32293921934, "updatedConfidence": 35.0, "teamId": 99999}, {"id": 42768231, "state": 2, "submissionId": 19722523, "reward": 20023, "index": 2, "initialScore": 996.3343332353702, "initialConfidence": 129.66223362490874, "updatedScore": 1045.8735234790772, "updatedConfidence": 118.60281532996476, "teamId": 99999}, {"id": 42768232, "state": 2, "submissionId": 19668904, "reward": 20011, "index": 3, "initialScore": 934.1012618933728, "initialConfidence": 41.844561171043296, "updatedScore": 937.7851520307674, "updatedConfidence": 41.380432446647454, "teamId": 99999}]}