{"id": 19427494, "competitionId": 25401, "createTime": {"seconds": 1614196797}, "endTime": {"seconds": 1614196797}, "agents": [{"id": 42764407, "state": 2, "submissionId": 19522237, "reward": 17515, "index": 0, "initialScore": 1014.5748682018008, "initialConfidence": 35.0, "updatedScore": 1013.961282129626, "updatedConfidence": 35.0, "teamId": 99999}, {"id": 42764408, "state": 2, "submissionId": 19721530, "reward": 17619, "index": 1, "initialScore": 1076.7348435167282, "initialConfidence": 106.39973497472134, "updatedScore": 1111.2872065823517, "updatedConfidence": 99.85593009842826, "teamId": 99999}, {"id": 42764409, "state": 2, "submissionId": 19519164, "reward": 17516, "index": 2, "initialScore": 1139.3322820206738, "initialConfidence": 35.0, "updatedScore": 1139.3494505963215, "updatedConfidence": 35.0, "teamId": 99999}, {"id": 42764410, "state": 2, "submissionId": 19513521, "reward": 6306, "index": 3, "initialScore": 989.9024564621036, "initialConfidence": 35.0, "updatedScore": 986.760069509724, "updatedConfidence": 35.0, "teamId": 99999}]}