{"id": 19428142, "competitionId": 25401, "createTime": {"seconds": 1614201736}, "endTime": {"seconds": 1614201736}, "agents": [{"id": 42766511, "state": 2, "submissionId": 19722219, "reward": 18424, "index": 0, "initialScore": 707.8181096195419, "initialConfidence": 185.0, "updatedScore": 831.873023026894, "updatedConfidence": 170.0, "teamId": 99999}, {"id": 42766512, "state": 2, "submissionId": 19375830, "reward": 11614, "index": 1, "initialScore": 817.2034931139125, "initialConfidence": 35.0, "updatedScore": 815.4766354852385, "updatedConfidence": 35.0, "teamId": 99999}, {"id": 42766513, "state": 2, "submissionId": 19353040, "reward": 6108, "index": 2, "initialScore": 746.4050172301569, "initialConfidence": 35.0, "updatedScore": 743.0069479481738, "updatedConfidence": 35.0, "teamId": 99999}, {"id": 42766514, "state": 2, "submissionId": 19410297, "reward": 18318, "index": 3, "initialScore": 847.834369099025, "initialConfidence": 35.0, "updatedScore": 848.5190544048902, "updatedConfidence": 35.0, "teamId": 99999}]}