{"id": 19425161, "competitionId": 25401, "createTime": {"seconds": 1614179757}, "endTime": {"seconds": 1614179757}, "agents": [{"id": 42756809, "state": 2, "submissionId": 19501145, "reward": 20008, "index": 0, "initialScore": 800.1860014435738, "initialConfidence": 35.0, "updatedScore": 801.6329754707401, "updatedConfidence": 35.0, "teamId": 99999}, {"id": 42756810, "state": 2, "submissionId": 19719024, "reward": 7411, "index": 1, "initialScore": 812.4971495477181, "initialConfidence": 170.0, "updatedScore": 784.8116117677033, "updatedConfidence": 155.0, "teamId": 99999}, {"id": 42756811, "state": 2, "submissionId": 19679553, "reward": 7405, "index": 2, "initialScore": 777.9665734175567, "initialConfidence": 46.80265351260095, "updatedScore": 771.7607458134207, "updatedConfidence": 46.25526806350364, "teamId": 99999}, {"id": 42756812, "state": 2, "submissionId": 19568205, "reward": 20021, "index": 3, "initialScore": 867.0757180141248, "initialConfidence": 35.0, "updatedScore": 870.2727882439649, "updatedConfidence": 35.0, "teamId": 99999}]}